,t,true_cdf_0.3,Linear_cdf_0.3,Linear_mise_0.3,Linear_with_delta_cdf_0.3,Linear_with_delta_mise_0.3,Linear_MAR_cdf_0.3,Linear_MAR_mise_0.3,Linear_MAR_with_delta_cdf_0.3,Linear_MAR_with_delta_mise_0.3,Standard_Beran_delta_obs_only_cdf_0.3,Standard_Beran_delta_obs_only_mise_0.3,true_cdf_0.5,Linear_cdf_0.5,Linear_mise_0.5,Linear_with_delta_cdf_0.5,Linear_with_delta_mise_0.5,Linear_MAR_cdf_0.5,Linear_MAR_mise_0.5,Linear_MAR_with_delta_cdf_0.5,Linear_MAR_with_delta_mise_0.5,Standard_Beran_delta_obs_only_cdf_0.5,Standard_Beran_delta_obs_only_mise_0.5,true_cdf_0.7,Linear_cdf_0.7,Linear_mise_0.7,Linear_with_delta_cdf_0.7,Linear_with_delta_mise_0.7,Linear_MAR_cdf_0.7,Linear_MAR_mise_0.7,Linear_MAR_with_delta_cdf_0.7,Linear_MAR_with_delta_mise_0.7,Standard_Beran_delta_obs_only_cdf_0.7,Standard_Beran_delta_obs_only_mise_0.7
0,3.885542463529803e-13,6.812460941378444e-14,0.0,4.64096240778069e-27,0.0,4.64096240778069e-27,0.0,4.64096240778069e-27,0.0,4.64096240778069e-27,0.0,4.64096240778069e-27,5.166871421278658e-22,0.0,2.6696560284026136e-43,0.0,2.6696560284026136e-43,0.0,2.6696560284026136e-43,0.0,2.6696560284026136e-43,0.0,2.6696560284026136e-43,3.254816135582907e-30,0.0,1.0593828076450849e-59,0.0,1.0593828076450849e-59,0.0,1.0593828076450849e-59,0.0,1.0593828076450849e-59,0.0,1.0593828076450849e-59
1,0.11150512776452208,0.08993319404655951,0.09935035577954787,0.001953168747960094,0.13321752403115633,0.002481027159981635,0.13573905599260783,0.002763534431432061,0.14562392851092942,0.0038122162154668265,0.16906981875787325,0.0074853162730471115,0.014495774622914676,0.029694936714126423,0.00044468339375079306,0.031034226154856258,0.00047982930929037665,0.04709747432489873,0.0013582758546053335,0.039970386029886264,0.0008570547800531394,0.04107200777157086,0.0010228801320837978,0.001950219422426768,0.012825134352429952,0.00016638597433244097,0.008963905815322016,8.411482606568863e-05,0.020227336925396293,0.0003769183376117945,0.011319988699840428,0.00011781465117821123,0.00725599423824152,7.464479762359742e-05
2,0.2230102555286556,0.17731897538281582,0.17900946755614744,0.0032355760306164243,0.2266082678266239,0.0036917409328425534,0.2379670186058061,0.005674874631735776,0.24798326868820655,0.006404837796458053,0.2797666058889364,0.012236205651778756,0.04395589925945432,0.06516459734935905,0.0009590133732923793,0.07995338265415255,0.001671304082461436,0.10276217081229855,0.004257179081391895,0.093460417896384,0.002893178981257678,0.09930101826725002,0.0038151919658533833,0.009140352826897177,0.027875948773552733,0.00048364204399510975,0.025334383902435764,0.00036586527033267844,0.044433671976861835,0.0014458772146143275,0.03134254809326634,0.0006040667175998538,0.02754363585998309,0.0007051139407977202
3,0.3345153832927892,0.2579861753981184,0.2722429475602065,0.003893357697634321,0.33565979202438545,0.009395125530286453,0.3488159595853303,0.011236471371272353,0.35887196319093373,0.012096285553546322,0.38411817426136047,0.019016701437598208,0.08179848900611215,0.11898866104232422,0.002961057903982179,0.14044009139461472,0.004448232986489683,0.17205156481915387,0.009813095879525079,0.16087085151662517,0.00718657908315008,0.16400743116134497,0.00824582684222552,0.021865297634579912,0.044462680941501534,0.0007258414525792023,0.044339931922580636,0.0008472486885656433,0.07068735681985237,0.002759929467479389,0.05652893302949562,0.0016394325993446383,0.05259022752699083,0.0020948235133519968
4,0.4460205110569227,0.33163201271906406,0.3486740728704684,0.005616698351132777,0.4249440052636511,0.0136080970933929,0.43745534712395867,0.014629308775180535,0.44963161443004884,0.016547485055829245,0.4889842546678135,0.02907853415552438,0.12469984777617263,0.15837814815166132,0.0030264929180307083,0.19796391199807525,0.007374873130807319,0.2293643344811777,0.013269689439462416,0.221690516255161,0.010653351204496349,0.23859772389436368,0.015747398431863294,0.03973056287827951,0.06228658777589079,0.0008444421687628255,0.06718196868242463,0.0014255066350963267,0.09973585766374646,0.0040298436248737135,0.08471815082746706,0.002740232587796645,0.08985407245450756,0.004537785776126158
5,0.5575256388210562,0.39851560213545895,0.4124683645321082,0.004636343332903985,0.500812461291275,0.013590625220020311,0.5193372170034543,0.016941976592649892,0.5342769830425019,0.02037774004831997,0.5697154389851949,0.031886837293131555,0.17048763546044407,0.21398186856640095,0.00567103583007514,0.2605556713055109,0.010464939100274306,0.29488076348453685,0.017737388718451895,0.29150560535334347,0.01638271085186416,0.3095470343396402,0.02270165903078212,0.062113319016023,0.08321589766270915,0.0008090519748987377,0.0935972064039123,0.0015701348755083164,0.12919103446541186,0.005011963574885184,0.11652173937397561,0.0036190747163484514,0.12855711728182864,0.0064490637472432305
6,0.6690307665851898,0.4590704795701867,0.4861094888545313,0.007669636785847577,0.5621994301258928,0.014541694615897549,0.5866341832049268,0.02005236197928354,0.5955673510881292,0.020674763822022324,0.6297440518614214,0.03090454489769549,0.21764022200236535,0.25286742832229325,0.0038565438093058476,0.31329895711285616,0.01154696516780641,0.3535612311398286,0.02021488901278965,0.352926249606005,0.019940772609659724,0.375771511448275,0.028265049611626424,0.08831640107846364,0.10704748021740204,0.0009570266332795049,0.12828881247066998,0.0027683231982703702,0.16494263455055086,0.006536504676199116,0.15867277410782063,0.006064655112988516,0.18268745445139292,0.011753802004157557
7,0.7805358943493232,0.5137837321859368,0.5394161413118767,0.007767634991585531,0.6242849357899759,0.015310243136556217,0.6475711841774479,0.021434213279888654,0.6552579911175915,0.021286377550388105,0.6945340112644254,0.0342381962804541,0.26506222751869074,0.3051563926413565,0.004191583480672316,0.3697590613230228,0.012593901186205634,0.41372461975896674,0.02369212083260323,0.41489802587916014,0.023773923163218,0.4513100276944438,0.03804321308196472,0.11764004794062777,0.13480145657619963,0.0012263041195022125,0.17145280177250957,0.004600299969145065,0.20549774053218778,0.00886554339887316,0.20602042150557898,0.00949844233114994,0.24032941698129964,0.019216350028842644
8,0.8920410221134568,0.5631472794013083,0.5883765040169681,0.006836969785882489,0.6697770926017771,0.014182093191931542,0.6963993892410902,0.02076006804352357,0.7042912890432586,0.02121276156195245,0.7414245164164217,0.03407653901887814,0.3119584517994746,0.3464342215982984,0.004334519393526413,0.41887767459049163,0.013022100059834544,0.467319120592198,0.02607135253048039,0.4689092497949533,0.025884239955766865,0.510523771730078,0.04196726221277593,0.1494184788678789,0.1626494475849709,0.0014678927816399623,0.21455653167386174,0.006795817229763555,0.25105480197060254,0.012203154508031087,0.2528734117243601,0.013054637180782081,0.2983223950808178,0.028469650656151545
9,1.0035461498775904,0.6076359668898974,0.6188018484219664,0.005846342370718053,0.7031307099430324,0.01143309950398069,0.7337368694302526,0.018199290148073893,0.7409837219843902,0.019133482878204693,0.776726274290613,0.03138421016334504,0.357753818830844,0.3879585015854519,0.003962804497868486,0.46240471841708286,0.012258017252568197,0.5175065582001979,0.02689182537005049,0.5159267215805576,0.026124824979870016,0.5642122995785893,0.045877242596511755,0.1830385030384774,0.19669230805793164,0.002347591713415575,0.25121734009145674,0.007192660627153948,0.29753488532054456,0.016282312244164588,0.2966508085337474,0.015842427855881434,0.3468495882653992,0.03188919952143874
10,1.1150512776417238,0.6476975068475819,0.6812092326895722,0.0072002429195762805,0.7454742333727504,0.012087688569651589,0.7786709187472776,0.020272442077391838,0.7819720679658972,0.019391243411073202,0.8174169859714844,0.031197738361623158,0.40203857812890004,0.43200459970112226,0.0040547924098851855,0.5154009802835755,0.015263304563563118,0.5671648875519072,0.02842311053549908,0.5737425951489377,0.030647166084350946,0.6292076441438247,0.05430978514372007,0.21794806861735266,0.23216701050841598,0.0034482775256616215,0.2984230219204765,0.009448376648326078,0.34428034942623303,0.020093220607311363,0.34635384913320133,0.019711205723821158,0.40087715106238664,0.038404186879373935
11,1.2265564054058573,0.6837482320273132,0.7149857936721895,0.006784927516896866,0.778905307246412,0.01122726928457412,0.8125904800020243,0.019047237453716108,0.8137156934944277,0.018128717667077143,0.8507513441176394,0.029668009484824426,0.44452891831223523,0.4716813267926924,0.004331379295467419,0.5553025571174486,0.01547951275763453,0.6143001054069863,0.030978928072128202,0.6174826204319086,0.031968455116891226,0.6731980778887743,0.05572414517527026,0.25365890814249614,0.26695346284375565,0.0075303812296345154,0.3524726422999371,0.013772545222276587,0.38769695909314505,0.022759481680079473,0.4000545852184274,0.025445247209124063,0.4747825734156558,0.05570034532147637
12,1.338061533169991,0.7161718897169949,0.7531792830160225,0.010456335654510363,0.8127635600072773,0.011489247596432394,0.8434897764767635,0.018562054882508325,0.8427098849564103,0.01712738403070839,0.8804967534227034,0.02820900852188312,0.48503770910937893,0.5283304454948994,0.006868027280188977,0.6061082761728617,0.018198821468658602,0.6664425243553673,0.03443619599085018,0.6645654495546803,0.034088191578027435,0.7192011422061246,0.05823695120311212,0.28974566018280373,0.2967024644442229,0.006586397361854221,0.3937798801438618,0.014111017107241488,0.43427793490264077,0.02462998001823416,0.44907945515071956,0.02883474873365746,0.5266594462101905,0.0631497047731479
13,1.4495666609341245,0.7453200767283954,0.7834009113946274,0.009760359158393921,0.8356065315036577,0.010152469527600138,0.8647930105465399,0.016193639262552493,0.8645974471181164,0.015376954559365011,0.8994337844652712,0.025207694567557816,0.5234522654708785,0.5574285520206332,0.008142939351191845,0.6380481835147185,0.016677563997295978,0.6992706263834872,0.03320672572376169,0.6968278899078056,0.03190355865499588,0.7528711916886167,0.0556615547728609,0.32584290834825935,0.33624307161006073,0.007993595966193569,0.4292708870076072,0.015731220314790094,0.47645289023129267,0.02667576920981766,0.48754896166158507,0.030211196635824687,0.5645301207828106,0.06531343667706299
14,1.561071788698258,0.7715135614453963,0.8273605394429489,0.011084083551644959,0.865827919169776,0.010962652269798593,0.8951873313166582,0.0169331508280925,0.8912115715564823,0.015352874246027003,0.9183217947871304,0.022731580898912834,0.5597171761587157,0.59473231896774,0.008134308680361604,0.670865608346696,0.01569784312784263,0.7365155576282081,0.03353038292393788,0.7312638580253212,0.031382032682934415,0.786785769807144,0.05492388706920892,0.36164104239778283,0.3610774747006337,0.007779696820372509,0.45931343764565113,0.013576106567208993,0.5117675617708888,0.02569649605239351,0.5257495984874095,0.029969851299557083,0.6026963635011128,0.06468472584200828
15,1.6725769164623916,0.7950440669039529,0.8564826673658679,0.009666089664201596,0.8884809866518445,0.010071192291425028,0.9173766554208618,0.016116330207836215,0.9123518443031042,0.014344224331108801,0.9345008407387297,0.020477001965947768,0.5938208944370595,0.6319680703451075,0.014143156748098972,0.7054024823552487,0.017564152870334145,0.7705432914837058,0.03538957334193538,0.7645684693490618,0.03259346825526622,0.8259934783538929,0.05856483852735801,0.39688152179312236,0.3968408115045902,0.008538759223193911,0.5053099863295785,0.015328845885759381,0.5553888123199069,0.029992096247638246,0.5739212219379706,0.034973675179239994,0.656128932614957,0.07630873296853104
16,1.784082044226525,0.8161762663562131,0.8723516834390044,0.007816155929961873,0.9052488594230782,0.009081275721798442,0.932232706575714,0.014241605915859795,0.9266878069937073,0.012819989579756197,0.9461160297586663,0.017729670406913384,0.6257851865600288,0.6763321649948382,0.014222983543352403,0.7388821894573078,0.01883574385142652,0.8043247588001051,0.0359744552796883,0.7966579876211606,0.03304697517967305,0.8571240982942324,0.05715831590336594,0.43135191738014816,0.4344420241990239,0.013259865533492537,0.5444320333610463,0.0161222284323003,0.5963995637515009,0.032128075776512374,0.6169472305266418,0.037562910761172866,0.7066235567089763,0.08198151778542706
17,1.8955871719906585,0.8351498436580105,0.896169412688244,0.009257731984816034,0.9190815875466507,0.008186823925054472,0.943042070657708,0.012326217855784449,0.9386324001250437,0.011291560557687456,0.9553171270318828,0.01534707279848066,0.6556567884116413,0.6956331441452969,0.014911975991556508,0.7625627812537503,0.018458220668654792,0.8251529938357265,0.03244530731306207,0.8189771038396689,0.030319005924208886,0.877035366790824,0.05283621096025759,0.46488097369082526,0.45631755974034316,0.012472010967590073,0.5674153572113649,0.013824169652448865,0.6294401395423487,0.030825922555088182,0.6494598826844143,0.037474178282497675,0.7327333565268447,0.07871417234824415
18,2.007092299754792,0.852181530412488,0.9079193196436982,0.008525689867453338,0.9283429451893828,0.007080167193208591,0.9523145581059407,0.010653406837842492,0.9474643841612963,0.009674843682159689,0.9598453958344632,0.012562886854970822,0.6835007907066443,0.7459929731090919,0.01838816268985845,0.7927725143833432,0.018220980725674716,0.8613671869053544,0.035722169666472875,0.8467330322470602,0.029880996680629525,0.8900831772220599,0.047303560552216226,0.4973338457516793,0.4858236423368142,0.014632990796852938,0.5996512204168487,0.014292412098667964,0.6639354022110668,0.03324875845260424,0.682588956881913,0.03769865691044032,0.7480187741456088,0.0684160015276448
19,2.1185974275189254,0.8674670680593873,0.9270836074555919,0.008814670046879445,0.9427414597299627,0.0067851706726280905,0.9632072142591476,0.009598341692976442,0.9586863279802544,0.008722587653529608,0.9704332469617007,0.01104110583913102,0.7093953908601247,0.7681855150181933,0.017265872816579177,0.8080556675790213,0.01566803121508319,0.8766353231679742,0.03176457412362539,0.863066961812135,0.026835011344161653,0.9003823061188635,0.04050277307160443,0.5286076044642636,0.5148286512895984,0.01589066874170352,0.6254063151031872,0.013630696545771362,0.6887519537326299,0.03146376200508553,0.7071420832179054,0.03501882697596935,0.7797646762029233,0.06892464044987556
20,2.230102555283059,0.8811830656415365,0.9319747369488635,0.007894899543802474,0.9492444963400446,0.005745092264241993,0.9679716057663752,0.008000435857204242,0.9633612204250028,0.007141097999677074,0.9719175221844353,0.008682966895705743,0.7334277335823987,0.78517343155926,0.015026973848232978,0.8274269164692454,0.012645883672920005,0.8930315367345802,0.028088728582876765,0.8824809856822131,0.023954322250956575,0.9147775580889151,0.03553959880464874,0.5586270639098802,0.5494121407463203,0.014415864000985643,0.655648664945778,0.013220028267294973,0.7263045571056873,0.03292735345400189,0.742522644941813,0.03623042743151626,0.8006776345214751,0.06382065243651527
21,2.341607683047193,0.8934887381968154,0.9595165236648541,0.007161796702081011,0.9613914370567729,0.005418273799309432,0.9776854674181965,0.0073928905608107425,0.973210427917989,0.006648243381522071,0.9792933510296515,0.007574550661311491,0.7556906236627874,0.800592967943869,0.014349043468524619,0.8452676339712543,0.011364006107684583,0.9095407369483078,0.02577057079880673,0.8994674028271795,0.022110484798977398,0.9256408527064124,0.031432479219001476,0.5873409561753504,0.5749040341902617,0.016849134670236573,0.6840218728660744,0.013875326515011572,0.753267186586539,0.03276313484193527,0.7701987733322722,0.03593401984535522,0.8275768437981167,0.06305876167792188
22,2.453112810811326,0.9045275197498809,0.9688116484266505,0.005862634018850908,0.9684094385604605,0.004675685500634392,0.9825634584732021,0.00626139490065431,0.9784735684580597,0.00566204844294243,0.9865749673338557,0.006927141111791456,0.7762799402887428,0.844898446824101,0.017579422994595664,0.8652249957452268,0.010953674033503228,0.9251277729748553,0.023745267724108312,0.9164575148060896,0.020928774435482654,0.9402120336807414,0.029176119888163675,0.6147184604745746,0.6047834420012368,0.026419422540272443,0.7165990173320121,0.018909758946462397,0.7782848366766365,0.03342281192292665,0.7979973475446255,0.0374893246855454,0.8618098143085516,0.06523587306068757
23,2.5646179385754597,0.9144285505968789,0.9773575431223656,0.005407231480035786,0.9744344077026146,0.004176340917510861,0.9869412223397468,0.005400968038470384,0.9822043417395314,0.004800389210054889,0.9909405004460616,0.005994483659120764,0.795292617147853,0.856325581540562,0.01618047876265286,0.8743006754262655,0.009355523326092411,0.9343480161452211,0.020468132629056623,0.9249651895924098,0.017928394631156898,0.9464580950342739,0.024768696462778187,0.6407460807517396,0.6269756830480895,0.027277719396995893,0.7381901423785207,0.018988492529869446,0.8010641676402447,0.03227716861823302,0.8183667160251128,0.03567594182146928,0.8785126585105362,0.06144798534651792
24,2.6761230663395934,0.9233080421521025,0.980126190431535,0.004599286609157179,0.9789663468679874,0.003530349180617603,0.9896866062492269,0.004515311376274743,0.9856942921024574,0.004040070611801184,0.9919046946063437,0.004813075319501011,0.8128250795104777,0.8663247275192771,0.012535484317916429,0.883631687167145,0.007683153391372018,0.941197359503656,0.017528707535977944,0.9324696045911656,0.015360992127277076,0.9490971732394179,0.020393753921656002,0.665424857747329,0.6514933254849754,0.027616488361354153,0.7628406093895731,0.019408042121841506,0.8263881700793971,0.03163076883771913,0.8381740550656256,0.03348711721170269,0.8939731788956248,0.056756279654852596
25,2.7876281941037266,0.9312705247947716,0.9801501721963051,0.003758554802991289,0.9807264151650326,0.0028862305668920303,0.9902473847484847,0.0035830534620116643,0.98672833960476,0.0032216523862352723,0.9921647946023144,0.003818338490755575,0.8289720505659922,0.8815011238271021,0.011737389863006977,0.8957359789716941,0.0067909097238986775,0.9511266889845251,0.0156514000521925,0.9435044912627951,0.013819283829331596,0.9527612407458668,0.01708643177938223,0.6887678963994154,0.6808234872621267,0.034595611774135664,0.7884183478403699,0.020696571808339885,0.84590825404174,0.031136819407991928,0.8629933127001396,0.034488853458050105,0.9161804501469172,0.05593948866995112
26,2.8991333218678603,0.9384099853927642,0.9801501721963051,0.003111578067287533,0.982075784126209,0.002313096614432808,0.9909793370977604,0.0028538163990342964,0.9877307295745119,0.002567736492565373,0.992178124268597,0.003001444303598948,0.8438256559428537,0.9067377940205438,0.011777443504686104,0.9078922717559912,0.00656012624550088,0.959013162850035,0.013965498115733593,0.9515353316326486,0.01230920789446327,0.9572077925432559,0.014824752041806269,0.7107981865309771,0.7110422278663052,0.03232752121927253,0.8069409583747407,0.017472289944449496,0.8658079290170209,0.029265080989291887,0.8820059210023832,0.032152497024837606,0.9302966258755966,0.051987925761703455
27,3.010638449631994,0.9448109018011774,0.9801501721963051,0.0026181989049529897,0.982655541379881,0.00183487477692488,0.9912367689327481,0.00224458564899473,0.9883633626816506,0.0020243670762828676,0.993068865553259,0.002436154953615096,0.857474768626024,0.9392378540221348,0.011323662762300896,0.9256406842548704,0.006899158517256966,0.9669419739032079,0.012731149262977448,0.9605698250872539,0.011298701180924206,0.96871287926304,0.013531046162370147,0.731546693390258,0.7514245127816218,0.033518847206275834,0.8295047343529729,0.01760210522954726,0.8808887957916711,0.028016959989505506,0.897147544419588,0.030338085047500084,0.9452932762506722,0.04812317984614984
28,3.1221435773961272,0.9505491818456756,0.9904327991332181,0.0020416995329769682,0.9885539204167936,0.0017765798145218542,0.9946272170791263,0.0019938413975947008,0.9923291971642026,0.0018515184207905627,0.9956240346021028,0.0021024567141675722,0.8700045471576208,0.942152399185583,0.009670540469913336,0.9318779627869036,0.0060766985427276685,0.9704560502179065,0.010709928719501164,0.9654880572642816,0.009679841108100332,0.9707523756239216,0.011373766407535449,0.7510506942988199,0.804963334997723,0.03794270376240699,0.8455643307184921,0.017933233338895835,0.9040211004657458,0.029346017719410682,0.9090665414591209,0.028207167996682984,0.9484228773192701,0.041377992137755684
29,3.233648705160261,0.9556930142445034,0.9906854060129678,0.0016664440919752373,0.9887025108504499,0.0014151276921578319,0.9948129195977392,0.0015791564680681617,0.9924054598601157,0.0014534901301024264,0.9958722176038878,0.001685961335355174,0.8814961286348081,0.9655094984996111,0.010178030164611272,0.9448571865767457,0.006378792581308086,0.9802304702660942,0.010204345858113055,0.9723808598003025,0.008806794220880858,0.9764556116346729,0.009996659510413541,0.7693523380835358,0.8191413045193382,0.03618483811568622,0.865536881269974,0.01831349011926672,0.9153158476173401,0.026903723229704007,0.9213090796425936,0.025954758865420098,0.9632226723221843,0.03971041963860662
30,3.3451538329243946,0.9603036386945815,0.9947682414998764,0.001355784908698706,0.9925769412840841,0.0011556467135491765,0.9959383089788153,0.001305933638036718,0.9937710258281953,0.0012101701822717372,0.9958722176038878,0.0013367167583879576,0.8920264450307972,0.9774799571067542,0.009575101686733225,0.9516933271997798,0.0057887487811067164,0.9841515566666026,0.008794863637266543,0.975949596526785,0.00746992781460408,0.9798251390467971,0.008357541504623159,0.7864974048795991,0.8357670489539668,0.037109960711962736,0.8717116758615064,0.016367399973470028,0.9220852060338766,0.023932830228486253,0.9260664477238885,0.022315574013040098,0.9650426581193624,0.0340817605673342
31,3.456658960688528,0.9644360420118288,0.9974691507238607,0.0011342302195738766,0.9956074905505032,0.0010292260763445408,0.997124392834766,0.0010957564628574098,0.9950796349704507,0.001024690754596047,0.9958722176038878,0.0010598260886151762,0.901668137087422,0.9865935814792929,0.007581198027929899,0.9561122859450286,0.005059682721073722,0.9869630429027486,0.007454663222947766,0.9786150558851112,0.006300634798997907,0.9825045493897091,0.007146287052645082,0.8025342451142946,0.851647994282198,0.03147251089909511,0.8833488777629075,0.014114764646332777,0.9334785072760738,0.020478123003615706,0.934812167421577,0.019697265009876355,0.9715030563443096,0.03060742923251274
32,3.5681640884526615,0.9681395868187037,0.9987075830778034,0.0009515069063412032,0.997028467091425,0.0008826861245860131,0.9979660806021515,0.000913489874351487,0.9966309765948281,0.0008767804175893853,0.9969165117739667,0.0008858654286740273,0.9104895447144523,0.9873161733786324,0.00627890804362616,0.9641313010194803,0.004544019318887529,0.9879821795016148,0.006149912833132478,0.9838188227695414,0.005568654485242171,0.9833016345386545,0.0059308174091049805,0.8175128778873901,0.8848613555093374,0.03385348109843579,0.9002267261780827,0.015565732980597897,0.9478622685794058,0.020373702038932084,0.9457204003929952,0.018943973582549806,0.9722132901460183,0.025987770097492185
33,3.679669216216795,0.9714585788437379,0.9996137428841049,0.000794916408234921,0.9983592205588598,0.0007424830006902239,0.9983009272161425,0.0007433893437770405,0.9974454644232527,0.0007318962065758259,0.9969165117739667,0.0007058603678732181,0.918554756679711,0.991400355151446,0.005545016117352961,0.9836547953195028,0.0045593198289907,0.9918922395368879,0.005481532324968912,0.9904519452965903,0.005266494416851281,0.9840711271320423,0.004891091361296093,0.8314842304613184,0.9146372313259452,0.028681066913521753,0.9290914070111509,0.01611728931166917,0.9640966627843879,0.020278209973099728,0.9646959382946436,0.01936423434296559,0.981668264237547,0.02361465902228642
34,3.7911743439809285,0.9744327784595047,0.9996137428841049,0.0006362841154479253,0.9989558617587837,0.0006085104751365183,0.9985866021112539,0.0006041617204877883,0.9978078240610581,0.0005995975675781511,0.9982293597114523,0.000595932636543382,0.9259237055417298,0.9921985264235664,0.004631236137531954,0.9851650970665725,0.0038384307373341363,0.992916135744076,0.00459147899853761,0.9915590636895393,0.004409521944182348,0.9840711271320423,0.003979819201650527,0.8444995020972823,0.916159968520858,0.0271131446347548,0.9314175153867419,0.014253642086632812,0.9656274194814436,0.017373062304405777,0.9664320576453742,0.016488218753957284,0.981668264237547,0.01987468432807955
35,3.902679471745062,0.9770978616511022,0.9996137428841049,0.0005091680537936268,0.9989558617587843,0.0004849010293405692,0.9985866021112539,0.0004825204900517495,0.9979317072167436,0.0004874747913412074,0.9982293597114523,0.00047619556753741653,0.9326522963877765,0.99439267977118,0.0039838939665004505,0.9881544227209964,0.0033545305954855104,0.9947344674637391,0.003938955508633582,0.9937985481645907,0.003808195674608117,0.9879371763525565,0.0035938575169874192,0.8566096369760221,0.9161599685208586,0.02552416417381041,0.9356716373586689,0.012746070242624585,0.9680986736587966,0.015078256700594378,0.9689802387241218,0.014135612240363773,0.9835301928560105,0.017190982949415297
36,4.014184599509195,0.979485835186116,0.9996137428841049,0.00040733581439370725,0.9989558617587843,0.00038621079537355023,0.9990089112921744,0.000389048073804816,0.9986181056759236,0.0003851902825884713,0.9982293597114523,0.0003809750688947219,0.9387925600946582,0.998429112390205,0.003586335452079769,0.9908629799361905,0.002986420943695999,0.996714494906195,0.003404798143238759,0.9958411624473484,0.0033029451357558296,0.9884834658291572,0.0030135381881783883,0.8678648923929694,0.9161599685208586,0.02431033656490908,0.9378382444088865,0.011474613168785229,0.9696188492310313,0.01302716294643399,0.9703959890049203,0.012032319900179953,0.9835301928560105,0.01446061717573561
37,4.125689727273329,0.9816254103550324,0.9996137428841049,0.0003257832532714351,0.9989558617587843,0.00030747340649094697,0.9990089112921744,0.0003100836779934842,0.9986181056759236,0.00030789820276194734,0.9982293597114523,0.00030534649149339553,0.9443928236085701,0.998429112390205,0.0029497375876725153,0.9908629799361905,0.0024345677503360306,0.996714494906195,0.0027874048983035403,0.9958411624473484,0.0026953336746301975,0.9886808906005013,0.0025095137442488705,0.8783144897963325,0.9348075156362199,0.02115700781131498,0.9538972743240081,0.01082016961030483,0.9787633342858311,0.01143416884678063,0.9787612839105909,0.011221316983280407,0.9896286637349287,0.012975019810627115
38,4.237194855037462,0.9835423392716967,0.9996137428841049,0.00026049316016787526,0.9989558617587843,0.00024470553609309603,0.9990089112921744,0.0002471124232264907,0.9986181056759236,0.000246425241168127,0.9982293597114523,0.0002453639266606376,0.9494978912090386,0.998429112390205,0.0024240814886605034,0.9908629799361905,0.001986162886627703,0.996714494906195,0.002279255275621162,0.9959702061541634,0.002205721880263107,0.9886808906005013,0.002083388307678453,0.8880063375306524,0.9348075156362199,0.02015589611483785,0.954239790023242,0.009448573636974315,0.9789324334051306,0.00960690108928058,0.9789553052058138,0.009398927628004884,0.9896286637349287,0.010911271674163411
39,4.3486999828015955,0.9852597173684643,0.999953533899653,0.00021594926712330378,0.9999586493532273,0.00021609108622836355,0.9999682033078905,0.0002163587681932519,0.9999676177582201,0.00021634225745704796,1.0000000000000029,0.0002172759320576394,0.9541492319342926,0.998429112390205,0.001990524895570172,0.9930547764176303,0.0017716856226534655,0.9976423477648705,0.0019400571630253307,0.9971955804767431,0.0018977244190131251,0.9924847841070722,0.0019427428223294549,0.8969868153507836,0.9348075156362199,0.019395951212849604,0.9562428126782757,0.00862800106715224,0.9796008878370042,0.008176232062114682,0.980586009372681,0.008113383347687462,0.9896286637349287,0.009166686563025992
40,4.460205110565729,0.9867982553908489,0.999953533899653,0.00017310237551527318,0.9999586493532273,0.00017322845398068078,0.9999682033078905,0.00017346673770054244,0.9999676177582201,0.00017345202874520272,1.0000000000000029,0.00017428606072532823,0.9583851693451259,0.9996506878791113,0.0017051608376818471,0.9952150788468531,0.0015754698143673408,0.9979215482638851,0.0016119783838124215,0.998087811682517,0.0016130095913573336,0.9945986150606212,0.0017224797971769912,0.9053006118794972,0.9488326255999947,0.017610302645056093,0.9726147956065574,0.007196474021226779,0.9841869266142069,0.007413868955564158,0.9876433558524902,0.00739253738948578,0.9920609091521511,0.008037742770875156
41,4.571710238329863,0.9881765238915766,0.999953533899653,0.00013873898760140068,0.9999586493532273,0.00013885096512975084,0.9999682033078905,0.00013906291302007346,0.9999676177582201,0.0001390498181540667,1.0000000000000029,0.00013979458728652767,0.9622410706276349,0.9996506878791113,0.0014017972807051134,0.9952150788468531,0.0013063127985029938,0.9979215482638851,0.0013219496101556643,0.998087811682517,0.0013216986270423031,0.9945986150606212,0.0014580768283205482,0.9129906071963242,0.9488326255999947,0.01699991670974357,0.9726147956065574,0.006220318533965345,0.9841869266142069,0.006259734201793664,0.9876433558524902,0.006185242786404603,0.9920609091521511,0.006762506239421521
42,4.683215366093997,0.9894111729433511,0.999953533899653,0.00011118239740402772,0.9999586493532273,0.00011128174335256755,0.9999682033078905,0.00011147009968075908,0.9999676177582201,0.00011145845071144323,1.0000000000000029,0.00011212325843568125,0.9657495327120049,0.9999999611777621,0.0011730918501043892,0.9970381461733512,0.0011456563156064473,0.9984614377916128,0.001115045033649259,0.9986844946429368,0.0011162267988904147,0.9945986150606212,0.0012433356989451072,0.9200977936684421,0.9529260977375387,0.01673669416815424,0.9749913021845511,0.00549365892461348,0.9856114977015838,0.0054285288809285,0.9887548146277826,0.005285942281121655,0.9925298477848298,0.005759623972103405
43,4.79472049385813,0.9905171295322703,0.999953533899653,8.908675025582821e-05,0.9999586493532273,8.9174781265196e-05,0.9999682033078905,8.93420050751677e-05,0.9999676177582201,8.933165129088437e-05,1.0000000000000029,8.992483230779492e-05,0.9689405636394911,0.9999999611777621,0.0009646861754567936,0.9970381461733512,0.0009561531275199887,0.9984614377916128,0.0009164583104173919,0.9986844946429368,0.0009162165130362221,0.9945986150606212,0.0010694017493172205,0.9266612289702205,0.9726324324974807,0.011472524103543347,0.9846081126511331,0.004377066874995581,0.9904482480979884,0.0048531772200441844,0.9935177166554414,0.004672675181909289,0.9925298477848298,0.004851896453128394
44,4.906225621622263,0.9915077748584993,0.999953533899653,7.137186865229947e-05,0.9999586493532273,7.144976446131699e-05,0.9999682033078905,7.159805911022063e-05,0.9999676177582201,7.158886547002606e-05,1.0000000000000029,7.211788785398661e-05,0.9718417578634168,0.9999999611777621,0.0007928844139084475,0.9970381461733512,0.0008015369671379108,0.9984614377916128,0.0007535836591915895,0.9986844946429368,0.0007520475993130833,0.9945986150606212,0.0009289406960818206,0.9327180159913497,0.9731553811067425,0.011017233729796294,0.9850236116856056,0.003764266087861047,0.9907758015134579,0.004159104172447823,0.9938360468986585,0.003940297934940608,0.9925298477848298,0.004090676731075648
45,5.017730749386397,0.9923951035561103,0.999953533899653,5.717089212925722e-05,0.9999586493532273,5.7239709760758804e-05,0.9999682033078905,5.737104941336596e-05,0.9999676177582201,5.736289492322442e-05,1.0000000000000029,5.783444992233115e-05,0.9744784645394786,0.9999999611777621,0.0006513467906743529,0.9970381461733512,0.0006756182186945982,0.9984614377916128,0.0006201593057245708,0.9986844946429368,0.0006174469748680095,0.9945986150606212,0.0008158866035812993,0.9383033050096464,0.9760333291202444,0.010786188506784474,0.9885074175355466,0.003398318352682722,0.9917224741173445,0.003640649963475657,0.9949727140119748,0.0034031866205272952,0.9925298477848298,0.003453739449932887
46,5.12923587715053,0.9931898666485574,0.999953533899653,4.5788217554613575e-05,0.9999586493532273,4.584890403871087e-05,0.9999682033078905,4.596505743021171e-05,0.9999676177582201,4.595783368660402e-05,1.0000000000000029,4.6377916264471326e-05,0.9768739481601069,0.9999999611777621,0.0005348124781091966,0.9970381461733512,0.0005732738647902388,0.9984614377916128,0.0005109960083023645,0.9986844946429368,0.0005072150193781719,0.9945986150606212,0.0007252299633220538,0.9434503141092748,0.9760333291202444,0.010424286654603241,0.9885074175355466,0.0029080080073352267,0.9917224741173445,0.003117243767163494,0.9949727140119748,0.0028463223955878573,0.9925298477848298,0.00292202213439403
47,5.240741004914664,0.9939016998786342,0.999953533899653,3.6665717889030505e-05,0.9999586493532273,3.671912167344531e-05,0.9999682033078905,3.6821673420130435e-05,0.9999676177582201,3.681528330394941e-05,1.0000000000000029,3.71892643702859e-05,0.9790495411289557,0.9999999611777621,0.0004389201002378656,0.9970381461733512,0.0004902688947161637,0.9984614377916128,0.00042179803175366684,0.9986844946429368,0.00041704648099468594,0.9945986150606212,0.0006528398467202654,0.9481903643639531,0.9760333291202444,0.010137864473818248,0.9885074175355466,0.002503330214610572,0.9917224741173445,0.0026820869149001285,0.9949727140119748,0.002380352942443875,0.9925298477848298,0.002479211298614296
48,5.352246132678798,0.9945392388905895,0.999953533899653,2.9355613316239998e-05,0.9999586493532273,2.94024944982196e-05,0.9999682033078905,2.9492864207272352e-05,0.9999676177582201,2.948722071260811e-05,1.0000000000000029,2.981991189408233e-05,0.9810247880646992,0.9999999611777621,0.0003600571946871424,0.9970381461733512,0.00042310662118884453,0.9984614377916128,0.00034901305341106703,0.9986844946429368,0.00034338031792793724,0.9945986150606212,0.0005953149259030877,0.9525529267832856,0.9760333291202444,0.00991396308130363,0.9886801714167859,0.0021863872974571224,0.9917224741173445,0.0023212957736738916,0.9949907889586367,0.0019929117249427525,0.9925298477848298,0.0021113757213478
49,5.4637512604429315,0.9951102225960133,0.999953533899653,2.3498687255033662e-05,0.9999586493532273,2.353972675573946e-05,0.9999682033078905,2.3619186159922217e-05,0.9999676177582201,2.3614211343899143e-05,1.0000000000000029,2.3909923060567144e-05,0.9828175817764511,0.9999999611777621,0.0002952341619070336,0.999999999996241,0.0002952354958797689,0.9999999999999923,0.00029523549600867654,0.9999735177151654,0.00029433946285005675,0.9945986150606212,0.0005498588918305909,0.9565656784441101,0.9982902232724887,0.0017676626590058537,0.9946080452917035,0.0017247027380536194,0.9981268936318383,0.0017590540641184646,0.9980317199862545,0.001747645018853336,0.9925298477848298,0.0018066429849520585
50,5.575256388207064,0.9956215859228856,0.999953533899653,1.8806796144488866e-05,0.9999586493532273,1.8842603934478023e-05,0.9999682033078905,1.891229225457814e-05,0.9999676177582201,1.89079162958102e-05,1.0000000000000029,1.9170509830698876e-05,0.9844442909732507,0.9999999611777621,0.0002419788755279591,0.999999999996241,0.00024198008320794163,0.9999999999999923,0.00024198008332464524,0.9999735177151654,0.0002411702081185857,0.9945986150606212,0.0005141764442592192,0.960254565602796,0.9982902232724887,0.0014734362722365333,0.9946080452917035,0.0014576426294229266,0.9981268936318383,0.001466032686577201,0.9980317199862545,0.00145532581099015,0.9925298477848298,0.0015549153485140067
51,5.686761515971198,0.9960795430276058,0.999953533899653,1.5048828147774888e-05,0.9999586493532273,1.507995062114742e-05,0.9999682033078905,1.5140888338415243e-05,0.9999676177582201,1.5137048692910856e-05,1.0000000000000029,1.5369982872417093e-05,0.9859198798629294,0.9999999611777621,0.0001982486898487362,0.999999999996241,0.00019824978296848674,0.9999999999999923,0.00019824978307411998,0.9999999999999998,0.00019824978307433168,0.9945986150606212,0.00048638659121952137,0.963643871913624,0.9990431748512973,0.0012705047668357904,0.9966748586948105,0.0013011094084342165,0.9991231772625788,0.0012733886521781477,0.9991703915714367,0.0012752103517432772,0.9925298477848298,0.0013476211106159815
52,5.798266643735332,0.9964896619417837,0.999953533899653,1.2039431811583492e-05,0.9999586493532273,1.206635839642501e-05,0.9999682033078905,1.2119459598667752e-05,0.9999676177582201,1.2116100243153502e-05,1.0000000000000029,1.232247328298248e-05,0.9872580198661504,0.9999999611777621,0.0001623570684049927,0.999999999996241,0.00016235805763562458,0.9999999999999923,0.00016235805773121876,0.9999999999999998,0.0001623580577314103,0.9945986150606212,0.00046495048439695527,0.9667562901672423,0.9990431748512973,0.001059837040964089,0.9966748586948105,0.0011051840634340939,0.9991231772625788,0.0010622229243760356,0.9991703915714367,0.0010637507225877217,0.9925298477848298,0.0011774977808512003
53,5.909771771499465,0.9968569315280229,0.9999999999999585,9.878879419274442e-06,0.9999999982417231,9.878868366829067e-06,0.9999999999999982,9.878879419526e-06,0.9999999999999989,9.878879419529488e-06,1.0000000000000029,9.878879419554823e-06,0.98847119372353,0.9999999611777621,0.00013291247903019618,0.999999999996241,0.00013291337407370075,0.9999999999999923,0.0001329133741601933,0.9999999999999998,0.0001329133741603666,0.9945986150606212,0.0004486114388301078,0.9696129962159125,0.9999999828968846,0.0009233689595550831,0.9999999142225253,0.000923364786080292,0.9999999999996995,0.0009233699989558796,0.9999999999998856,0.0009233699989671873,0.9925298477848298,0.001038403594415887
54,6.021276899263599,0.9971858215309165,0.9999999999999585,7.919600455618542e-06,0.9999999982417231,7.919590559705072e-06,0.9999999999999982,7.919600455843779e-06,0.9999999999999989,7.919600455846903e-06,1.0000000000000029,7.919600455869588e-06,0.9895707923108892,0.9999999611777621,0.00010876756327018562,0.999999999996241,0.00010876837294420136,0.9999999999999923,0.00010876837302244442,0.9999999999999998,0.0001087683730226012,0.9945986150606212,0.00043634514819059,0.9722337239726803,0.9999999828968846,0.0007709651346514618,0.9999999142225253,0.00077096132113027,0.9999999999996995,0.0007709660844086154,0.9999999999998856,0.0007709660844189478,0.9925298477848298,0.0009251541503822013
55,6.132782027027733,0.9974803364301112,0.9999999999999585,6.3487045052145065e-06,0.9999999982417231,6.348695644953909e-06,0.9999999999999982,6.348704505416169e-06,0.9999999999999989,6.348704505418967e-06,1.0000000000000029,6.348704505439276e-06,0.9905672045026617,0.9999999611777621,8.897689850808577e-05,0.999999999996241,8.897763082369047e-05,0.9999999999999923,8.897763089445812e-05,0.9999999999999998,8.897763089459992e-05,0.9945986150606212,0.00042731841767469495,0.9746368405632594,0.9999999828968846,0.0006432889890412364,0.9999999142225253,0.0006432855055850289,0.9999999999996995,0.0006432898565982742,0.9999999999998856,0.0006432898566077125,0.9925298477848298,0.0008333812160152693
56,6.2442871547918655,0.9977440637307735,0.9999999999999585,5.089248450623481e-06,0.9999999982417231,5.089240517752085e-06,0.9999999999999982,5.089248450804038e-06,0.9999999999999989,5.089248450806541e-06,1.0000000000000029,5.089248450824727e-06,0.9914699004386569,0.9999999611777621,7.27619362292577e-05,0.999999999996241,7.276259846229634e-05,0.9999999999999923,7.276259852629169e-05,0.9999999999999998,7.276259852641992e-05,0.9945986150606212,0.0004208550017735607,0.9768394208755158,0.9999999828968846,0.0005364116331511765,0.9999999142225253,0.0005364084522165524,0.9999999999996995,0.000536412425367568,0.9999999999998856,0.0005364124253761867,0.9925298477848298,0.0007594110051806237
57,6.355792282555999,0.9979802172623603,0.9999999999999585,4.079522307098949e-06,0.9999999982417231,4.079515204654415e-06,0.9999999999999982,4.079522307260605e-06,0.9999999999999989,4.079522307262847e-06,1.0000000000000029,4.079522307279126e-06,0.9922875085566935,0.9999999611777621,5.948192544866225e-05,0.999999999996241,5.948252420509411e-05,0.9999999999999923,5.9482524262955535e-05,0.9999999999999998,5.948252426307147e-05,0.9945986150606212,0.00041640735986036464,0.9788573208948901,0.9999999828968846,0.00044701215653608774,0.9999999142225253,0.0004470092527574457,0.9999999999996995,0.00044701287972893883,0.9999999999998856,0.00044701287973680667,0.9925298477848298,0.0007001595001402234
58,6.467297410320133,0.9981916759985876,0.9999999999999585,3.2700356939334123e-06,0.9999999982417231,3.2700293350772293e-06,0.9999999999999982,3.270035694078143e-06,0.9999999999999989,3.270035694080151e-06,1.0000000000000029,3.2700356940947268e-06,0.9930278867547088,0.9999999611777621,4.860982177702792e-05,0.999999999996241,4.861036305274905e-05,0.9999999999999923,4.861036310505592e-05,0.9999999999999998,4.861036310516073e-05,0.9945986150606212,0.0004135333339988623,0.9807052493375449,0.9999999828968846,0.00037228674313141545,0.9999999142225253,0.00037228409316337693,0.9999999999996995,0.0003722874031147108,0.9999999999998856,0.00037228740312189086,0.9925298477848298,0.0006530426370236316
59,6.5788025380842665,0.9983810188592744,0.9999999999999585,2.621099933890089e-06,0.9999999982417231,2.6210942408524375e-06,0.9999999999999982,2.6210999340196666e-06,0.9999999999999989,2.6210999340214636e-06,1.0000000000000029,2.6210999340345134e-06,0.9936981880421586,0.9999999611777621,3.971234466904738e-05,0.999999999996241,3.971283390461589e-05,0.9999999999999923,3.971283395189397e-05,0.9999999999999998,3.97128339519887e-05,0.9945986150606212,0.00041187691540344525,0.9823968371988295,0.9999999828968846,0.0003098707384724596,0.9999999142225253,0.00030986832084184634,0.9999999999996995,0.00030987134059392733,0.9999999999998856,0.0003098713406004779,0.9925298477848298,0.0006158994121200923
60,6.6903076658484,0.9985505559077643,0.9999999999999585,2.1008881763961107e-06,0.9999999982417231,2.1008830795304423e-06,0.9999999999999982,2.100888176512118e-06,0.9999999999999989,2.1008881765137276e-06,1.0000000000000029,2.1008881765254107e-06,0.9943049210329622,0.9999999611777621,3.2433482267315675e-05,0.999999999996241,3.243392439798072e-05,0.9999999999999923,3.2433924440706906e-05,0.9999999999999998,3.243392444079252e-05,0.9945986150606212,0.0004111524027697505,0.9839447049249604,0.9999999828968846,0.00025777195076125804,0.9999999142225253,0.00025776974572829355,0.9999999999996995,0.00025777249993693573,0.9999999999998856,0.0002577724999429103,0.9925298477848298,0.0005869261865084648
61,6.801812793612534,0.9987023563153704,0.9999999999999585,1.6838791321508936e-06,0.9999999982417231,1.6838745690868385e-06,0.9999999999999982,1.6838791322547521e-06,0.9999999999999989,1.6838791322561927e-06,1.0000000000000029,1.6838791322666519e-06,0.9948540056218383,0.9999999611777621,2.6480858599975616e-05,0.999999999996241,2.648125810138373e-05,0.9999999999999923,2.6481258139990516e-05,0.9999999999999998,2.648125814006788e-05,0.9945986150606212,0.00041113137092662683,0.9853605269925187,0.9999999828968846,0.00021431366918137732,0.9999999142225253,0.0002143116586097595,0.9999999999996995,0.00021431416992796987,0.9999999999998856,0.0002143141699334176,0.9925298477848298,0.0005646206692071626
62,6.913317921376667,0.9988382734262999,0.9999999999999585,1.349608631944048e-06,0.9999999982417231,1.3496045468284663e-06,0.9999999999999982,1.349608632037028e-06,0.9999999999999989,1.3496086320383178e-06,1.0000000000000029,1.3496086320476815e-06,0.9953508241733684,0.9999999611777621,2.1614474902055774e-05,0.999999999996241,2.16148358319831e-05,0.9999999999999923,2.1614835866862603e-05,0.9999999999999998,2.1614835866932493e-05,0.9945986150606212,0.00041163196513716797,0.9866550937451818,0.9999999828968846,0.00017808606647674047,0.9999999142225253,0.0001780842337122073,0.9999999999996995,0.00017808652294186222,0.9999999999998856,0.00017808652294682822,0.9925298477848298,0.00054773424361046
63,7.0248230491408,0.9989599672223605,0.9999999999999585,1.081668178477908e-06,0.9999999982417231,1.0816645212949374e-06,0.9999999999999982,1.0816681785611482e-06,0.9999999999999989,1.0816681785623032e-06,1.0000000000000029,1.081668178570686e-06,0.9958002685391338,0.9999999611777621,1.763741827538125e-05,0.999999999996241,1.7637744311815423e-05,0.9999999999999923,1.7637744343323063e-05,0.9999999999999998,1.7637744343386194e-05,0.9945986150606212,0.00041251011767028963,0.9878383703915398,0.9999999828968846,0.000147904818735665,0.9999999142225253,0.00014790314849266297,0.9999999999996995,0.0001479052347260642,0.9999999999998856,0.00014790523473058977,0.9925298477848298,0.0005352314687158508
64,7.136328176904934,0.9990689244560564,0.9999999999999585,8.669016684521863e-07,0.9999999982417231,8.668983944140836e-07,0.9999999999999982,8.669016685267059e-07,0.9999999999999989,8.669016685277395e-07,1.0000000000000029,8.669016685352442e-07,0.9962067832032983,0.9999999611777621,1.4388199162390398e-05,0.999999999996241,1.4388493638262838e-05,0.9999999999999923,1.4388493666720684e-05,0.9999999999999998,1.4388493666777703e-05,0.9945986150606212,0.0004136523513629895,0.988919553113263,0.9999999828968846,0.00012277592419527463,0.9999999142225253,0.000122774402451334,0.9999999999996995,0.00012277630320313814,0.9999999999998856,0.00012277630320726144,0.9925298477848298,0.0005262557361996433
65,7.247833304669068,0.9991664766931091,0.9999999999999585,6.947611030608696e-07,0.9999999982417231,6.947581720623042e-07,0.9999999999999982,6.947611031275815e-07,0.9999999999999989,6.94761103128507e-07,1.0000000000000029,6.947611031352254e-07,0.9965744048414513,0.9999999611777621,1.1734436229671565e-05,0.999999999996241,1.1734702164518484e-05,0.9999999999999923,1.1734702190218323e-05,0.9999999999999998,1.1734702190269819e-05,0.9945986150606212,0.00041496989184590095,0.9899071222704616,0.9999999828968846,0.0001018658356299043,0.9999999142225253,0.00010186444952732193,0.9999999999996995,0.00010186618085734308,0.9999999999998856,0.00010186618086109889,0.9925298477848298,0.0005201001977078174
66,7.359338432433201,0.9992538164806595,0.9999999999999585,5.567898444732154e-07,0.9999999982417231,5.567872206024123e-07,0.9999999999999982,5.567898445329368e-07,0.9999999999999989,5.567898445337651e-07,1.0000000000000029,5.567898445397795e-07,0.9969067985617186,0.9999999611777621,9.567654985721647e-06,0.999999999996241,9.567895114531413e-06,0.9999999999999923,9.567895137737534e-06,0.9999999999999998,9.56789513778403e-06,0.9945986150606212,0.00041639385766260634,0.9908088927218953,0.9999999828968846,8.447613861028966e-05,0.9999999142225253,8.44748763647233e-05,0.9999999999996995,8.447645299210246e-05,0.9999999999998856,8.447645299552271e-05,0.9925298477848298,0.0005161831949127396
67,7.470843560197334,0.9993320118351646,0.9999999999999585,4.462081883044527e-07,0.9999999982417231,4.4620583940528564e-07,0.9999999999999982,4.4620818835791585e-07,0.9999999999999989,4.462081883586575e-07,1.0000000000000029,4.462081883640416e-07,0.9972072910813294,0.9999999611777621,7.799006283941716e-06,0.999999999996241,7.799223083426488e-06,0.9999999999999923,7.799223104378225e-06,0.9999999999999998,7.799223104420207e-06,0.9945986150606212,0.0004178713371688866,0.9916320613026532,0.9999999828968846,7.002211181270862e-05,0.9999999142225253,7.002096262829196e-05,0.9999999999996995,7.002239803752186e-05,0.9999999999998856,7.002239804063579e-05,0.9925298477848298,0.0005140275291516783
68,7.582348687961468,0.9994020192240197,0.9999999999999585,3.575810083921304e-07,0.9999999982417231,3.5757890567186177e-07,0.9999999999999982,3.575810084399903e-07,0.9999999999999989,3.575810084406543e-07,1.0000000000000029,3.575810084454741e-07,0.9974789010762198,0.9999999611777621,6.355744052020727e-06,0.999999999996241,6.3559397645318505e-06,0.9999999999999923,6.355939783445888e-06,0.9999999999999998,6.3559397834837875e-06,0.9945986150606212,0.0004193621941195213,0.9923832515218887,0.9999999828968846,5.8014596844352645e-05,0.9999999142225253,5.801355083495005e-05,0.9999999999996995,5.801485737423155e-05,0.9999999999998856,5.8014857377065954e-05,0.9925298477848298,0.0005132429990484079
69,7.693853815725602,0.9994646951970002,0.9999999999999585,2.8655123207002544e-07,0.9999999982417231,2.865493497479498e-07,0.9999999999999982,2.8655123211286905e-07,0.9999999999999989,2.865512321134634e-07,1.0000000000000029,2.8655123211777814e-07,0.9977243669259898,0.9999999611777621,5.178329215131708e-06,0.999999999996241,5.1785058704210744e-06,0.9999999999999923,5.178505887493553e-06,0.9999999999999998,5.178505887527761e-06,0.9945986150606212,0.0004208364713117232,0.9930685555588479,0.9999999828968846,4.804468494798809e-05,0.9999999142225253,4.8043733064216786e-05,0.9999999999996995,4.804492203661099e-05,0.9999999999998856,4.804492203919034e-05,0.9925298477848298,0.0005135117146498874
70,7.805358943489735,0.9995208068075183,0.9999999999999585,2.2962611568084684e-07,0.9999999982417231,2.2962443067357896e-07,0.9999999999999982,2.296261157191996e-07,0.9999999999999989,2.2962611571973159e-07,1.0000000000000029,2.29626115723594e-07,0.9979461720617425,0.9999999611777621,4.218049749512822e-06,0.999999999996241,4.218209184526273e-06,0.9999999999999923,4.218209199934703e-06,0.9999999999999998,4.218209199965578e-06,0.9945986150606212,0.00042227228446362487,0.9936935736474451,0.9999999828968846,3.9770797626920676e-05,0.9999999142225253,3.9769931588582946e-05,0.9999999999996995,3.977101333640638e-05,0.9999999999998856,3.977101333875315e-05,0.9925298477848298,0.0005145757664674198
71,7.916864071253869,0.9995710409492333,0.9999999999999585,1.8400586719889083e-07,0.9999999982417231,1.8400435883848656e-07,0.9999999999999982,1.84005867233223e-07,0.9999999999999989,1.8400586723369926e-07,1.0000000000000029,1.8400586723715677e-07,0.9981465681101036,0.9999999611777621,3.4350658796768576e-06,0.999999999996241,3.435209756550806e-06,0.9999999999999923,3.4352097704558065e-06,0.9999999999999998,3.4352097704836688e-06,0.9945986150606212,0.0004236541174292,0.9942634509485252,0.9999999828968846,3.290779880005337e-05,0.9999999142225253,3.290701103363271e-05,0.9999999999996995,3.290799501652723e-05,0.9999999999998856,3.2907995018661935e-05,0.9925298477848298,0.0005162268885132746
72,8.028369199018003,0.9996160127205889,0.9999999999999585,1.4744623071755795e-07,0.9999999982417231,1.474448804990486e-07,0.9999999999999982,1.4744623074829074e-07,0.9999999999999989,1.4744623074871706e-07,1.0000000000000029,1.4744623075181204e-07,0.9983275960130982,0.9999999611777621,2.7968052604136516e-06,0.999999999996241,2.796935082831979e-06,0.9999999999999923,2.7969350953788526e-06,0.9999999999999998,2.7969350954039934e-06,0.9945986150606212,0.00042497144553180455,0.9947829120152426,0.9999999828968846,2.7217828589582035e-05,0.9999999142225253,2.721711217047324e-05,0.9999999999996995,2.7218007037563084e-05,0.9999999999998856,2.7218007039504483e-05,0.9925298477848298,0.0005182978070104656
73,8.139874326782136,0.9996562729182099,0.9999999999999585,1.1814830672728007e-07,0.9999999982417231,1.1814709808255698e-07,0.9999999999999982,1.1814830675479059e-07,0.9999999999999989,1.181483067551722e-07,1.0000000000000029,1.1814830675794274e-07,0.9984911052906037,0.9999999611777621,2.2766461046447804e-06,0.999999999996241,2.2767632327002692e-06,0.9999999999999923,2.276763244020448e-06,0.9999999999999998,2.27676324404313e-06,0.9945986150606212,0.00042621762677837763,0.9952562929610597,0.9999999828968846,2.2502594212752044e-05,0.9999999142225253,2.250194281190957e-05,0.9999999999996995,2.2502756468439825e-05,0.9999999999998856,2.2502756470205083e-05,0.9925298477848298,0.0005206550118830871
74,8.25137945454627,0.9996923147496534,0.9999999999999585,9.467021325522374e-08,0.9999999982417231,9.466913135052783e-08,0.9999999999999982,9.467021327984963e-08,0.9999999999999989,9.467021328019124e-08,1.0000000000000029,9.467021328267124e-08,0.9986387715998146,0.9999999611777621,1.852837083545007e-06,0.999999999996241,1.852942747237514e-06,0.9999999999999923,1.852942757449856e-06,0.9999999999999998,1.8529427574703187e-06,0.9945986150606212,0.0004273890114490556,0.9956875714421104,0.9999999828968846,1.8596892560773012e-05,0.9999999142225253,1.859630039547727e-05,0.9999999999996995,1.8597040064308846e-05,0.9999999999998856,1.8597040065913608e-05,0.9925298477848298,0.0005231927272798495
75,8.362884582310404,0.9997245798466362,0.9999999999999585,7.585626085597709e-08,0.9999999982417231,7.585529241053405e-08,0.9999999999999982,7.585626087802061e-08,0.9999999999999989,7.585626087832637e-08,1.0000000000000029,7.585626088054634e-08,0.9987721127345548,0.9999999611777621,1.5076118159187476e-06,0.999999999996241,1.5077071274112359e-06,0.9999999999999923,1.5077071366232121e-06,0.9999999999999998,1.5077071366416707e-06,0.9945986150606212,0.0004284842294221975,0.9960803945664077,0.9999999828968846,1.5363172685915682e-05,0.9999999142225253,1.5362634474372702e-05,0.9999999999996995,1.5363306752689254e-05,0.9999999999998856,1.5363306754147835e-05,0.9925298477848298,0.0005258278910322736
76,8.474389710074536,0.9997534636514663,0.9999999999999585,6.078017112776296e-08,0.9999999982417231,6.077930425135963e-08,0.9999999999999982,6.078017114749475e-08,0.9999999999999989,6.078017114776846e-08,1.0000000000000029,6.07801711497556e-08,0.9988925031963661,0.9999999611777621,1.2264631969897495e-06,0.999999999996241,1.2265491617330625e-06,0.9999999999999923,1.2265491700418342e-06,0.9999999999999998,1.2265491700584824e-06,0.9945986150606212,0.00042950362191015957,0.996438104841851,0.9999999828968846,1.2686975284435028e-05,0.9999999142225253,1.2686486203940009e-05,0.9999999999996995,1.2687097115503438e-05,0.9999999999998856,1.2687097116828906e-05,0.9925298477848298,0.0005284959818078563
77,8.585894837838671,0.9997793202418622,0.9999999999999585,4.869955563335252e-08,0.9999999982417231,4.8698779680879464e-08,0.9999999999999982,4.869955565101484e-08,0.9999999999999989,4.869955565125984e-08,1.0000000000000029,4.869955565303857e-08,0.9990011874590652,0.9999999611777621,9.975489575917533e-07,0.999999999996241,9.976264844195756e-07,0.9999999999999923,9.976264919129656e-07,0.9999999999999998,9.976264919279803e-07,0.9945986150606212,0.0004304487903114094,0.9967637642734667,0.9999999828968846,1.0473110984062175e-05,0.9999999142225253,1.047266663247279e-05,0.9999999999996995,1.047322167574471e-05,0.9999999999998856,1.0473221676948993e-05,0.9925298477848298,0.0005311475574168517
78,8.697399965602804,0.9998024666525903,0.9999999999999585,3.901942332240944e-08,0.9999999982417231,3.9018728763600546e-08,0.9999999999999982,3.901942333821921e-08,0.9999999999999989,3.9019423338438525e-08,1.0000000000000029,3.901942334003068e-08,0.9990992920388858,0.9999999611777621,8.112049141562274e-07,0.999999999996241,8.112748244429494e-07,0.9999999999999923,8.112748312003293e-07,0.9999999999999998,8.112748312138691e-07,0.9945986150606212,0.0004313222398505498,0.9970601767179845,0.9999999828968846,8.642460375004333e-06,0.9999999142225253,8.642056735284373e-06,0.9999999999996995,8.642560927712596e-06,0.9999999999998856,8.642560928806577e-06,0.9925298477848298,0.0005337453888266789
79,8.808905093366938,0.9998231867462873,0.9999999999999585,3.126292667371907e-08,0.9999999982417231,3.1262304976502744e-08,0.9999999999999982,3.1262926687870496e-08,0.9999999999999989,3.1262926688066796e-08,1.0000000000000029,3.126292668949195e-08,0.9991878364733868,0.9999999611777621,6.595465518886784e-07,0.999999999996241,6.596095878548966e-07,0.9999999999999923,6.596095939479897e-07,0.9999999999999998,6.596095939601984e-07,0.9945986150606212,0.0004321270997632551,0.9973299086008841,0.9999999828968846,7.129296751667803e-06,0.9999999142225253,7.128930159276329e-06,0.9999999999996995,7.129388078027208e-06,0.9999999999998856,7.129388079020815e-06,0.9925298477848298,0.0005362620924219202
80,8.920410221131071,0.9998417346804017,0.9999999999999585,2.504791137435438e-08,0.9999999982417231,2.5047354900396125e-08,0.9999999999999982,2.5047911387021297e-08,0.9999999999999989,2.5047911387197013e-08,1.0000000000000029,2.5047911388472668e-08,0.9992677433039856,0.9999999611777621,5.36143031109811e-07,0.999999999996241,5.361998633528129e-07,0.9999999999999923,5.361998688464211e-07,0.9999999999999998,5.361998688574287e-07,0.9945986150606212,0.00043286690514085177,0.9975753080975944,0.9999999828968846,5.879047887818123e-06,0.9999999142225253,5.878715000733068e-06,0.9999999999996995,5.879130820133254e-06,0.9999999999998856,5.879130821035544e-06,0.9925298477848298,0.0005386781783517832
81,9.031915348895206,0.9998583380123107,0.9999999999999585,2.0068118744269076e-08,0.9999999982417231,2.0067620655433138e-08,0.9999999999999982,2.006811875560713e-08,0.9999999999999989,2.006811875576441e-08,1.0000000000000029,2.0068118756906236e-08,0.9993398471492377,0.9999999611777621,4.357505470866807e-07,0.999999999996241,4.3580178140650877e-07,0.9999999999999923,4.3580178635917235e-07,0.9999999999999998,4.358017863690962e-07,0.9945986150606212,0.00043354542830599573,0.9977985228767152,0.9999999828968846,4.846426225909443e-06,0.9999999142225253,4.846123997088272e-06,0.9999999999996995,4.846501523022531e-06,0.9999999999998856,4.846501523841755e-06,0.9925298477848298,0.0005409804458079541
82,9.143420476659339,0.9998732004803091,0.9999999999999585,1.607811818326251e-08,0.9999999982417231,1.6077672357852767e-08,0.9999999999999982,1.6078118193411035e-08,0.9999999999999989,1.607811819355181e-08,1.0000000000000029,1.6078118194573842e-08,0.9994049029488129,0.9999999611777621,3.5409431227215914e-07,0.999999999996241,3.541404958576364e-07,0.9999999999999923,3.5414050032223207e-07,0.9999999999999998,3.541405003311778e-07,0.9945986150606212,0.00043416654985204675,0.9980015164990578,0.9999999828968846,3.99386794874822e-06,0.9999999142225253,3.993593600840962e-06,0.9999999999996995,3.993936302336665e-06,0.9999999999998856,3.993936303080349e-06,0.9925298477848298,0.0005431606671023614
83,9.254925604423471,0.9998865044942383,0.9999999999999585,1.2881229818637645e-08,0.9999999982417231,1.2880830776396775e-08,0.9999999999999982,1.2881229827721365e-08,0.9999999999999989,1.288122982784737e-08,1.0000000000000029,1.288122982876217e-08,0.9994635934514653,0.9999999611777621,2.8769035424479476e-07,0.999999999996241,2.8773198127820827e-07,0.9999999999999923,2.8773198530249023e-07,0.9999999999999998,2.877319853105537e-07,0.9945986150606212,0.0004347341613312486,0.9981860835620588,0.9999999828968846,3.290230802386602e-06,0.9999999142225253,3.289981804528942e-06,0.9999999999996995,3.290292842742463e-06,0.9999999999998856,3.2902928434174657e-06,0.9925298477848298,0.0005452145117517061
84,9.366430732187606,0.9998984133660243,0.9999999999999585,1.0319844194054716e-08,0.9999999982417231,1.0319487029006906e-08,0.9999999999999982,1.0319844202185303e-08,0.9999999999999989,1.0319844202298085e-08,1.0000000000000029,1.0319844203116895e-08,0.9995165360141507,0.9999999611777621,2.3369990524469324e-07,0.999999999996241,2.3373742197861424e-07,0.9999999999999923,2.3373742560570524e-07,0.9999999999999998,2.3373742561297287e-07,0.9945986150606212,0.0004352520930930331,0.9983538636747918,0.9999999828968846,2.709708498848559e-06,0.9999999142225253,2.7094825453743896e-06,0.9999999999996995,2.7097648001800403e-06,0.9999999999998856,2.709764800792608e-06,0.9925298477848298,0.0005471406696706306
85,9.477935859951739,0.9999090733072362,0.9999999999999585,8.267663449379953e-09,0.9999999982417231,8.26734376969803e-09,0.9999999999999982,8.267663456657359e-09,0.9999999999999989,8.267663456758308e-09,1.0000000000000029,8.267663457491195e-09,0.9995642887737671,0.9999999611777621,1.898104600347226e-07,0.999999999996241,1.8984426938967178e-07,0.9999999999999923,1.8984427265850723e-07,0.9999999999999998,1.8984427266505702e-07,0.9945986150606212,0.000435724062013297,0.9985063543444229,0.9999999828968846,2.2309262582340685e-06,0.9999999142225253,2.2307212491579704e-06,0.9999999999996995,2.230977343526196e-06,0.9999999999998856,2.230977344082018e-06,0.9925298477848298,0.00054894013924096
86,9.589440987715873,0.9999186152179651,0.9999999999999585,6.623482740084139e-09,0.9999999982417231,6.623196614247195e-09,0.9999999999999982,6.623482746597852e-09,0.9999999999999989,6.623482746688206e-09,1.0000000000000029,6.6234827473441845e-09,0.9996073562477532,0.9999999611777621,1.541386474992415e-07,0.999999999996241,1.5416911322654044e-07,0.9999999999999923,1.5416911617227092e-07,0.9999999999999998,1.541691161781733e-07,0.9945986150606212,0.0004361536348675414,0.9986449228506096,0.9999999828968846,1.8361877345161733e-06,0.9999999142225253,1.8360017576468382e-06,0.9999999999996995,1.8362340799853119e-06,0.9999999999998856,1.8362340804895692e-06,0.9925298477848298,0.0005506156516442218
87,9.700946115480006,0.9999271562887853,0.9999999999999585,5.3062062574649296e-09,0.9999999982417231,5.3059501660492224e-09,0.9999999999999982,5.306206263295048e-09,0.9999999999999989,5.306206263375921e-09,1.0000000000000029,5.306206263963054e-09,0.9996461944149613,0.9999999611777621,1.2515093889452142e-07,0.999999999996241,1.25178389344681e-07,0.9999999999999923,1.2517839199903595e-07,0.9999999999999998,1.251783920043545e-07,0.9945986150606212,0.00043654420392622896,0.9987708171800366,0.9999999828968846,1.5108483649798182e-06,0.9999999142225253,1.5106796795353086e-06,0.9999999999996995,1.5108904041541633e-06,0.9999999999998856,1.5108904046115725e-06,0.9925298477848298,0.000552171207576008
88,9.812451243244139,0.9999348014353041,0.9999999999999585,4.250852832969451e-09,0.9999999982417231,4.250623625483853e-09,0.9999999999999982,4.250852838187683e-09,0.9999999999999989,4.250852838260068e-09,1.0000000000000029,4.250852838785583e-09,0.9996812153237733,0.9999999611777621,1.0159893586698936e-07,0.999999999996241,1.0162366740033773e-07,0.9999999999999923,1.0162366979195533e-07,0.9999999999999998,1.0162366979674743e-07,0.9945986150606212,0.00043689897202286234,0.9988851760890767,0.9999999828968846,1.2427942242401916e-06,0.9999999142225253,1.2426412458452997e-06,0.9999999999996995,1.2428323516960598e-06,0.9999999999998856,1.242832352110913e-06,0.9925298477848298,0.0005536117064388618
89,9.923956371008273,0.9999416445827667,0.9999999999999585,3.4053547156098423e-09,0.9999999982417231,3.405149571848548e-09,0.9999999999999982,3.405354720280374e-09,0.9999999999999989,3.405354720345162e-09,1.0000000000000029,3.40535472081552e-09,0.9997127912703541,0.9999999611777621,8.246657215267249e-08,0.999999999996241,8.248885222559616e-08,0.9999999999999923,8.24888543803216e-08,0.9999999999999998,8.248885438463903e-08,0.9945986150606212,0.0004372209448920662,0.9989890383584622,0.9999999828968846,1.0220088652713788e-06,0.9999999142225253,1.0218701522260975e-06,0.9999999999996995,1.0220434400529372e-06,0.9999999999998856,1.0220434404291407e-06,0.9925298477848298,0.000554942651450602
90,10.035461498772406,0.9999477698163689,0.9999999999999585,2.7279920777844137e-09,0.9999999982417231,2.7278084732247098e-09,0.9999999999999982,2.7279920819647078e-09,0.9999999999999989,2.7279920820226948e-09,1.0000000000000029,2.7279920824436817e-09,0.9997412585861796,0.9999999611777621,6.692704732344169e-08,0.999999999996241,6.694711728057469e-08,0.9999999999999923,6.69471192217298e-08,0.9999999999999998,6.694711922561931e-08,0.9945986150606212,0.00043751292901883585,0.9990833512998919,0.9999999828968846,8.402134901106935e-07,0.9999999142225253,8.400877308270646e-07,0.9999999999996995,8.402448388587163e-07,0.9999999999998856,8.402448391998238e-07,0.9925298477848298,0.0005561699169060317
91,10.14696662653654,0.9999532524112967,0.9999999999999585,2.185337045673095e-09,0.9999999982417231,2.185172720495217e-09,0.9999999999999982,2.1853370494145837e-09,0.9999999999999989,2.185337049466484e-09,1.0000000000000029,2.1853370498432796e-09,0.999766921070543,0.9999999611777621,5.430770800461281e-08,0.999999999996241,5.4325785604536335e-08,0.9999999999999923,5.432578735316381e-08,0.9999999999999998,5.4325787356667556e-08,0.9945986150606212,0.00043777753360006234,0.9991689785706775,0.9999999828968846,6.90568195680142e-07,0.9999999142225253,6.904541971924327e-07,0.9999999999996995,6.905966154934621e-07,0.9999999999998856,6.905966158027056e-07,0.9925298477848298,0.0005572995661756918
92,10.258471754300674,0.9999581597550531,0.9999999999999585,1.75060609372992e-09,0.9999999982417231,1.750459025080251e-09,0.9999999999999982,1.750606097078645e-09,0.9999999999999989,1.7506060971250972e-09,1.0000000000000029,1.7506060974623383e-09,0.9997900531005846,0.9999999611777621,4.406141729628887e-08,0.999999999996241,4.407769899577773e-08,0.9999999999999923,4.4077700570861815e-08,0.9999999999999998,4.407770057401783e-08,0.9945986150606212,0.00043801717551064727,0.9992467073488797,0.9999999828968846,5.674240567274473e-07,0.9999999142225253,5.673207341878226e-07,0.9999999999996995,5.674498177789757e-07,0.9999999999998856,5.674498180592944e-07,0.9925298477848298,0.0005583377109872684
93,10.369976882064808,0.9999625521733198,0.9999999999999585,1.4023397199524135e-09,0.9999999982417231,1.4022080971107992e-09,0.9999999999999982,1.402339722949587e-09,0.9999999999999989,1.4023397229911624e-09,1.0000000000000029,1.4023397232929995e-09,0.9998109024484995,0.9999999611777621,3.574321954231268e-08,0.999999999996241,3.575788256186225e-08,0.9999999999999923,3.575788398052829e-08,0.9999999999999998,3.57578839833709e-08,0.9945986150606212,0.0004382340864017035,0.9993172549178825,0.9999999828968846,4.6611749881762346e-07,0.9999999142225253,4.660238658962012e-07,0.9999999999996995,4.661408467451413e-07,0.9999999999998856,4.6614084699920757e-07,0.9925298477848298,0.0005592904041739148
94,10.481482009828941,0.9999664836694315,0.9999999999999585,1.1233444119813651e-09,0.9999999982417231,1.1232266141287722e-09,0.9999999999999982,1.1233444146638775e-09,0.9999999999999989,1.123344414701088e-09,1.0000000000000029,1.1233444149712372e-09,0.9998296928329371,0.9999999611777621,2.899132568134961e-08,0.999999999996241,2.9004529872619992e-08,0.9999999999999923,2.900453115031497e-08,0.9999999999999998,2.9004531152875097e-08,0.9945986150606212,0.0004384303212478861,0.9993812747060357,0.9999999828968846,3.827998309288734e-07,0.9999999142225253,3.8271499104331887e-07,0.9999999999996995,3.828209890192347e-07,0.9999999999998856,3.828209892494775e-07,0.9925298477848298,0.0005601635594407248
95,10.592987137593074,0.9999700025864896,0.9999999999999585,8.998448148132629e-10,0.9999999982417231,8.997393911277332e-10,0.9999999999999982,8.998448172141352e-10,0.9999999999999989,8.99844817247439e-10,1.0000000000000029,8.998448174892249e-10,0.9998466262291796,0.9999999611777621,2.3511622888687656e-08,0.999999999996241,2.3523512422592572e-08,0.9999999999999923,2.352351357324815e-08,0.9999999999999998,2.3523513575553726e-08,0.9945986150606212,0.0004386077678131827,0.9994393618238353,0.9999999828968846,3.1429599305225073e-07,0.9999999142225253,3.142191313578932e-07,0.9999999999996995,3.1431516423617947e-07,0.9999999999998856,3.143151644448066e-07,0.9925298477848298,0.0005609628928393147
96,10.704492265357208,0.9999731522001966,0.9999999999999585,7.208043520477987e-10,0.9999999982417231,7.20710003885093e-10,0.9999999999999982,7.208043541965884e-10,0.9999999999999989,7.208043542263956e-10,1.0000000000000029,7.208043544427947e-10,0.9998618849604787,0.9999999611777621,1.906505821119679e-08,0.999999999996241,1.907576310362738e-08,0.9999999999999923,1.9075764139807396e-08,0.9999999999999998,1.90757641418836e-08,0.9945986150606212,0.0004387681566266143,0.9994920581381272,0.9999999828968846,2.5798756606402093e-07,0.9999999142225253,2.5791794214090633e-07,0.9999999999996995,2.5800493473734484e-07,0.9999999999998856,2.580049349263625e-07,0.9925298477848298,0.0005616938815876627
97,10.815997393121341,0.9999759712496539,0.9999999999999585,5.773808411936093e-10,0.9999999982417231,5.772964061343863e-10,0.9999999999999982,5.773808431167737e-10,0.9999999999999989,5.77380843143451e-10,1.0000000000000029,5.77380843337128e-10,0.9998756335909044,0.9999999611777621,1.5457365285761257e-08,0.999999999996241,1.5467002776354943e-08,0.9999999999999923,1.5467003709388624e-08,0.9999999999999998,1.5467003711258155e-08,0.9945986150606212,0.00043891307115682054,0.9995398569200032,0.9999999828968846,2.117159201063295e-07,0.9999999142225253,2.1165286128465603e-07,0.9999999999996995,2.117316537922281e-07,0.9999999999998856,2.1173165396345865e-07,0.9925298477848298,0.0005623617366593155
98,10.927502520885476,0.9999784944126082,0.9999999999999585,4.6249028727283843e-10,0.9999999982417231,4.6241472484102004e-10,0.9999999999999982,4.624902889940591e-10,0.9999999999999989,4.6249028901793506e-10,1.0000000000000029,4.6249028919127474e-10,0.9998880206382176,0.9999999611777621,1.253070082540986e-08,0.999999999996241,1.2539376623336955e-08,0.9999999999999923,1.2539377463439307e-08,0.9999999999999998,1.253937746512263e-08,0.9945986150606212,0.0004390439579521764,0.9995832071004007,0.9999999828968846,1.7370207004008373e-07,0.9999999142225253,1.7364496531013883e-07,0.9999999999996995,1.7371632090577112e-07,0.9999999999998856,1.7371632106087003e-07,0.9925298477848298,0.0005629713862186515
99,11.039007648649608,0.9999807527309519,0.9999999999999585,3.7045736420624134e-10,0.9999999982417231,3.7038974308363955e-10,0.9999999999999982,3.7045736574671536e-10,0.9999999999999989,3.70457365768084e-10,1.0000000000000029,3.704573659232212e-10,0.9998991801235899,0.9999999611777621,1.0156837311945667e-08,0.999999999996241,1.0164646721380488e-08,0.9999999999999923,1.0164647477761046e-08,0.9999999999999998,1.0164647479276615e-08,0.9945986150606212,0.00043916213657463327,0.9996225171649288,0.9999999828968846,1.4248038430625128e-07,0.9999999142225253,1.4242867876329732e-07,0.9999999999996995,1.4249329054643424e-07,0.9999999999998856,1.4249329068690489e-07,0.9925298477848298,0.0005635274675194941
