,Standard_beran,True_proba,NN,NN_with_delta,Linear,Linear_with_delta,Linear_MAR,Linear_MAR_with_delta,NN_MAR,NN_MAR_with_delta,Standard_Beran_delta_obs_only
0,0.00015253470893389608,0.00020714236098829368,0.000328886185794547,0.0003902639045256365,0.012355511364583977,0.00553647171537286,0.025014524277759784,0.01067037786022948,0.0017728555156136508,0.0010452237064463544,0.00017413715028004567
1,0.000355337817115415,0.00013509335032036744,0.000555121908925524,0.00022095955792789514,0.016646195093151153,0.0053485139818456005,0.00909324672318756,0.003319733620705615,0.0007532307608694605,0.0005346785090406431,0.00026694917542921607
2,0.0001730430373247052,9.656022666845791e-05,0.00018775659938058067,0.0003402668871325321,0.01866874597711877,0.002139664708342013,0.013588773845830283,0.005861231058348274,0.0014027142622414501,0.0009388843415615772,0.0002410244967762168
3,0.0017064121866217205,0.0003933587071257412,0.0014400567769096225,0.0017677432265392483,0.0066985570356361546,0.0025870985290885416,0.011492598026600999,0.004766843118005398,0.001602778016468347,0.0013138521406215685,0.0009150478114656655
4,0.00042815088598720225,0.0004850302058168272,0.002999593491428917,0.0019174057435409468,0.010903802427077452,0.005671511720236846,0.011416689689777024,0.005353389856048195,0.002294918923029747,0.0016439152410756019,0.0005170865778370546
5,0.00011940436803441856,0.0001101208931863861,0.0010527487624734128,0.0009094230566602212,0.024824063099107178,0.010974294712563445,0.01124434105325653,0.004920573768193035,0.0016644524873381816,0.0012581376725547752,0.000243328360263876
6,0.00047540531797495846,0.0004345406758831092,0.0002900360383241658,0.00042312502899380795,0.02013280511739917,0.00818291190610372,0.01860009936972746,0.007256536091250398,0.002499317278330629,0.0014617952531464048,0.0005278576119040196
7,0.00015718207987432237,0.0004989395434302431,0.003002572723372013,0.0002411740262711969,0.030687613132411466,0.01275089675673341,0.01829359870766484,0.00801176993593186,0.0026733744834796574,0.0018304216225389913,0.00023517240360059038
8,0.00032833367002128746,0.0001845184531145444,0.00022812509201798189,0.0003330389990182701,0.012594525515248213,0.005901770664427267,0.01680596130401263,0.00740662365051022,0.0015740731006760114,0.001101541664364009,0.00039347063925619235
9,0.00016704414814935542,0.0001138127514007437,0.0010043592479331944,0.00012196963271259113,0.010290655972062978,0.003106353979884201,0.011285081454299361,0.004657533572573008,0.0013125358754811315,0.0009700410319068488,0.0002376587211159065
10,0.0002329139178113708,0.0001448167616263035,0.002981345723372803,0.0008125133345754854,0.014098499876664334,0.0016751543409431798,0.014505766171430446,0.005880366534456865,0.0007687952196241509,0.0004049684014304839,0.0007766791909772545
11,0.0002760830512776624,0.00023534771423543128,0.0009414461267221793,0.0002298696750224132,0.016159899770753564,0.0021228755550820127,0.013548797484826904,0.005294346675923804,0.0019480240467207215,0.0011505298404217872,0.0004892034030428941
12,0.00021785750737581073,0.000130201624755838,0.0024642257795826085,0.00024698772406374895,0.023347816043386982,0.00970228036316245,0.019044682035506705,0.0079668850380896,0.0017012414322351089,0.0011807218092928405,0.0005051153864164027
13,0.0005325828036718726,0.00018009562223926125,0.0017444609394749963,0.0003894163936239566,0.022013461848120263,0.0022296953695142277,0.017207941626473867,0.006757040651015364,0.0009796075093705286,0.0004210523653684887,0.00019662401444125525
14,0.0001919953470796152,0.00020310112454861344,0.00041009141245140193,0.0004131563922592455,0.007844709576746317,0.0023999264388577515,0.020803579761274584,0.008317415144310518,0.001257195233821294,0.0007892624652703712,0.0001986677858635297
15,0.00014103900037071946,0.00017709365559551846,0.00013606576854491306,0.00023630294088361204,0.014464367584885405,0.005599665067447717,0.013966340632666751,0.005155878860484703,0.001566141458035974,0.0009632667611589716,0.00025442919954711513
16,0.0003598220717876469,0.0002975547488635993,0.0008634755369649509,0.00036156395453877,0.012559441607211001,0.005286829757017918,0.029896110470932945,0.01208291630486424,0.0017956209475467266,0.0015102661498143535,0.0009279260812161858
17,0.0004723686495949005,0.00016920021684326084,0.0004901120890028944,0.0009333823357054575,0.01722479255498504,0.008926698779355561,0.012519172886297331,0.006686127374663055,0.0017460474582084104,0.0017933760539132315,0.0005531308291221265
18,0.0001895427091438024,0.00036385587970500877,0.0005636415479124771,0.0013103533883037704,0.011925671496495672,0.00439352111037797,0.013784957842924755,0.004882105414694707,0.002240239342470723,0.0016075941568536127,0.0005887887211172687
19,0.00033010010561478954,0.00022764206431107658,0.0002581101416907032,0.00013751251308565917,0.011400551934754715,0.004584716073514197,0.020274623293991906,0.008341902359144603,0.001396361362067846,0.0007174492210138867,0.0002424116809792269
20,0.00013994466032118304,0.00012255151496206763,0.005912888737145191,0.0005925853496605523,0.008689778048992252,0.001808355455606887,0.01041119315086189,0.0036202367657389932,0.0008544659245444962,0.0004887571562858631,0.0002455440253569587
21,0.0002142816219960102,0.0002295537196509529,0.0006401806819078047,0.0005939825707357398,0.010276615975191448,0.00294121954967213,0.012315904711281463,0.002338515025104346,0.00126633653765527,0.0008087286146826053,0.0002252024680288899
22,0.00015933749373164935,0.00011557627519297879,0.0005909981723278317,0.0006808199289697113,0.015108815321122406,0.007645321438756382,0.020627855209816817,0.008628478329166245,0.0015282464211299825,0.0014130720395535911,0.0002286213452786388
23,0.00022007532039385158,0.0002134477274100793,0.0007497131535523762,0.00021300557506959212,0.009231801417451434,0.002784063286791437,0.01423012415796296,0.005308506091109492,0.001456289778912408,0.000708913182093701,0.0003055081099258175
24,0.0003865658841758554,0.000174173545083698,0.0003224801431222059,0.00072819855439382,0.030192399510206816,0.012431409415907483,0.01472579796108819,0.0059004926400450025,0.0017712561795352314,0.0012103921284396081,0.00014146799873860838
25,0.00028376503470548697,0.00019624959897413612,0.00042046635012414716,0.0010287049959828217,0.011982950092770006,0.006803176254751784,0.011794081827865188,0.0065963482679087335,0.0021741473525392716,0.0020712883863859845,0.0005223527303555009
26,0.0006417145887554302,0.0003405657743208851,0.004244482117447535,0.0007236246213940326,0.01564878762455551,0.005494847598947361,0.010172928665918858,0.004041598149178107,0.0012061554063566824,0.0007719960857343826,0.000556682249323879
27,0.0002800422186967455,0.00016455025297105273,0.0004856442052872231,0.0003503419647669364,0.021486374949759676,0.01068655037871739,0.012272694548622315,0.006416808930281711,0.003028820865609016,0.0021672298722031206,0.0009022483120069998
28,0.000662382977275575,0.0004994034758329243,0.0014592918739211585,0.0002444235195555929,0.02517627146427276,0.009891314061859837,0.01607280214662715,0.006824576655921257,0.0020446809617218334,0.0017136706726154733,0.0010775221138488768
29,0.00016048819387234358,0.0001261844316655836,0.000975165839965129,8.520725982744943e-05,0.01580978916105903,0.0055594570150377335,0.016315636591023506,0.005379019783702136,0.0016965868907926273,0.0007502439005466003,0.0004135199926037217
30,0.00021331558650105456,0.00012564671337181047,0.0002792219403850933,0.00035133665282352186,0.02763395868730764,0.013345410212012835,0.015855128153939652,0.008077698136715427,0.0020476764025929434,0.0017427330072904215,0.00036508323611977346
31,0.0002977096453203647,0.00013398113788251417,0.003954938927761978,0.0008418947461904182,0.01576845542159871,0.006241378506673492,0.011315267068306692,0.004390149693216105,0.0008392932120731789,0.0003951230109311153,0.00029653840487858183
32,0.0003945859880404707,0.00030266690860967507,0.0007724511394740332,0.00036023375850063774,0.012244353494861925,0.005828120198054574,0.013780363650539093,0.006046544243009935,0.002107710476985687,0.0014891417663888702,0.0008583192766643235
33,0.00013199280769062436,0.00011291951896513804,0.001306804463862585,0.0003192420097648186,0.012285018395557477,0.0029077846189364117,0.012792838049196203,0.0032710203336223276,0.0008950145597064163,0.0002283230904496572,0.00034940838176027405
34,0.0001572397413545792,8.759402946041287e-05,0.004707829004356606,0.0007760929272500179,0.012717739622528281,0.002866830844349579,0.011543857726214928,0.00446565197222488,0.0017438833102633592,0.001202161179291219,0.0013262567383060032
35,0.0006454151880856544,0.0005234344801274344,0.0019881126740044757,0.0016784527881231414,0.022103569959639732,0.010358300252344512,0.017493188876904455,0.009044793345753513,0.00225827071084674,0.0021923219302461463,0.0005126863355605041
36,0.00020525238897474654,0.0002955178882921441,0.0035082223834933817,0.00036953729593758517,0.01192656722609086,0.004623528707573985,0.009722342511525098,0.0038327561518742143,0.0013722407621076132,0.0008688340697153078,0.0001662573492501555
37,0.00032970732956096906,0.0002855967479413565,0.0015356836189260926,0.0015067322590746376,0.006026082015929837,0.002184516560076589,0.011619841368237363,0.005535269855301023,0.0013706447856302539,0.0014809383394306815,0.0011528198665864764
38,0.0004203945511487548,0.0006042911120164071,0.0017123543971912295,0.0011759611557103386,0.013042905795854147,0.00518987407037318,0.014312645673130632,0.005908785803424323,0.002377997980193736,0.001724497166857714,0.0007325627687909338
39,0.00028826026666827495,0.00022023026595259973,0.0012701408749651243,0.0013557599958742787,0.015548226216755332,0.007372630658698772,0.01811464359719327,0.008660457179216688,0.0019166568536358405,0.0017564121243824448,0.0009213627998091309
40,0.00017166539231159978,9.848007904116523e-05,0.0002996287796892972,0.0006756925946761354,0.01153339781417614,0.0031557163418968913,0.020785919358827194,0.009152821774515187,0.001133725172758974,0.0017779218295946946,0.00038716163482863515
41,0.0001710668788658419,8.216913564351484e-05,0.0005551464959668967,0.0003231486251086139,0.008243465161575543,0.0033609672501712347,0.01304847817458307,0.005614684416491346,0.0013858063867272941,0.0012267391278533235,0.00047925108221191494
42,0.0003449300032597012,0.00011987170574379091,0.000845041032220559,0.0001744903861527416,0.021806662650917838,0.010227288175680234,0.011170674978515425,0.0053982820892772955,0.0023576464283751753,0.0017488837001712805,0.0005687221888942305
43,0.0002535108585734192,0.00010725563209293926,0.0020270650913317536,0.00020317390078858453,0.01171293158775401,0.0026651153064461796,0.010374441067020027,0.0023096615952963202,0.0009221033199873235,0.0006974372619813923,0.00017442068961413023
44,0.00010111347129930772,9.124450712864936e-05,0.00018909262036840758,0.0006574399108143093,0.013766304136645863,0.0074040689607858525,0.01624437374379916,0.0077356534465525045,0.002707886676263459,0.0023095677354755683,0.0005397310704133272
45,0.00019748949847168517,6.103348019761598e-05,0.00021384091774738725,0.00014553603885925466,0.01573583160867362,0.007115614192977436,0.01403392226455419,0.006295081775315187,0.001382842138468239,0.0009142616842470003,0.0002795681505240652
46,0.00010941768756230981,6.813552087467946e-05,0.0003733371611130718,0.000116195919641798,0.01587820301399275,0.006994269916017331,0.011505484498374716,0.00519950251265237,0.0015860657057113234,0.0010936604724140154,0.00021917627868214042
47,0.00041152444530239844,0.0003342867808888556,0.001062833762267558,0.001160520738007255,0.014597865680857499,0.00634178588068096,0.01827593106165836,0.007765637597136803,0.0014557072700212587,0.0013931749609006866,0.0006304646090852439
48,0.0008504839672538474,0.0003813355531692515,0.0013716107956063684,0.00045283473592377173,0.01244719285327163,0.004035853879987293,0.01545807319474691,0.0049766864028319155,0.001122681500193741,0.0004823293982564487,0.0013892399142859007
49,0.00016146407749821498,0.0001706800099403934,0.00462061410362036,0.0003220266363473615,0.0074823632941519915,0.002626458801310643,0.013751194678897294,0.005053490629772761,0.00045692213796388203,0.00025664358932423164,0.00016808597915224241
50,0.0005040954723466755,5.730630097152347e-05,0.0017455937393080281,0.0003732003603569035,0.012054941609908859,0.0010096514729891542,0.011144640161317564,0.003968056123441093,0.0012257164371186013,0.0006766920335094789,0.00034089817186567
51,0.00045345465199177204,0.0002159177447122732,0.00017628999376529832,0.0002718942058095128,0.02817826699608966,0.01103334106529699,0.016081938824759594,0.005867545409137945,0.0011538553463421202,0.0007007793294958934,0.0006094410854515786
52,0.0005954513703066266,0.00042030981579057176,0.0015774115761426405,0.000784866278592642,0.007813967133370207,0.0034720044509904727,0.022303043147724747,0.011378969882249724,0.002853296468226227,0.002470157240453894,0.0005406453583508957
53,0.00017326701132528357,0.00016184828783717616,0.00015621446247107674,0.00029761239785690735,0.021980058814732244,0.00891220086466199,0.01693279989082629,0.007061751487168917,0.002310139208216514,0.001391644878724928,0.00018895411041696194
54,0.0002547717823471317,0.00016403093512174847,0.0011961880629712215,0.0008365117203077241,0.009752888160705823,0.0018884670558359977,0.012435851678287212,0.00474715085630202,0.0020768063942334324,0.0011928124982377968,0.0005390884752077079
55,0.00019445866731582795,8.852311853669534e-05,0.0013473485454622075,0.0002964797124040981,0.009299501793710864,0.0032529760646993057,0.012925046010689688,0.003748195999749951,0.0009734385166016949,0.0004394909602449762,0.00048300506353218077
56,0.00029157890498859325,0.00017597271698951026,0.0007010448183689276,0.00024181155622213766,0.027733807951343246,0.00963652555273959,0.01130409796965408,0.004041350069862259,0.0012043365618798604,0.0006108931736028187,0.0003241365399371093
57,0.0005280054638786333,7.01515151184625e-05,0.0010588154597626046,0.0009897783751544515,0.01378696328848952,0.0023292471598766575,0.010996691555159395,0.004246038777359786,0.0008813007865852191,0.0005425843878135396,0.0006949845587341642
58,0.00022694924041477332,0.00022307608273781847,0.0016303442081915568,0.0002246358856000429,0.022989096644280716,0.011150218708703813,0.01803379655465113,0.008639225624959423,0.002107092017991208,0.001709727970101088,0.0005705490945280793
59,0.0002375884380560884,8.502341032723726e-05,0.0016553089709570108,0.0005688195775240571,0.024626017864075696,0.008949663677095454,0.012603679463496407,0.004482554847258308,0.0011979755702548655,0.00037504225699975266,0.000667628347489803
60,0.00046174211264729195,0.00028933941391625864,0.005127626815666811,0.0018646300711794232,0.007564983148533506,0.00424352533774018,0.01342097163240419,0.006423005874921694,0.0008113353724858915,0.00041506797699182504,0.000461779900938095
61,0.00041176110318840413,0.0001821569091910091,0.0007295407993368516,0.0004860814468159445,0.010099477994083226,0.0060724324623863315,0.01826940339132148,0.009673393206455277,0.003426692234204601,0.0031136550866477197,0.0007528046098316841
62,0.00019403275183903362,0.00012261775945934846,0.00034383950506924074,0.0005059260008774075,0.010208985907506197,0.0038589461573956146,0.015877233379465287,0.006069164180743776,0.0013626269474734994,0.0009405707318495924,0.0002996516878386289
63,0.0003800613536155785,0.000172055971875155,0.0005772885359854611,0.00047567854072705834,0.012493882096616414,0.0045156320706874606,0.018998169563369152,0.00756687572980963,0.0019208287338256158,0.000972499695434159,0.0004301763719678915
64,0.0001540272528304868,0.0001257479956041321,0.00022293096910415894,0.0004579248060705319,0.013070243187221857,0.005539969417036037,0.014591952962873567,0.006060918806962317,0.001463717458671786,0.0010581849364590917,0.0002535640380537829
65,0.00010909377884996322,0.0001227729527389498,0.0038440119981362647,0.0003699663942060875,0.015568576642356516,0.006111593386286052,0.011737290798717381,0.004319032345862482,0.0011849083423393011,0.0006898666559482636,0.00015814491062262153
66,0.0003007044272508298,0.00019663132904539733,0.0005682085261154476,0.0008764148857619056,0.013441488901465114,0.005508581936246901,0.017169134734268933,0.0066474177246726085,0.0016282957581525426,0.0013839184039158231,0.00026014875741540186
67,0.0005706040467584469,0.000311323752806789,0.00101735342836784,0.0006142568282127615,0.023685992931367635,0.010100205141271728,0.019322505045534257,0.00866601393647443,0.0011985391745940592,0.001166929826966044,0.0006737652608105502
68,0.00036983483099038483,0.0002142766023193991,0.0006158284704075671,0.0006166973638297337,0.01285124186883273,0.00607368626195379,0.015131213907550027,0.006844080095574676,0.0028215663670777677,0.002326988104210525,0.000854265053140248
69,0.00010936861536425338,0.00012828403071602163,0.0005998597689412288,0.0003652988973509999,0.015661479037173093,0.0038071064394377065,0.014191905235592923,0.003833491813180944,0.0009470401528613215,0.0003537174376091163,0.00020308487882787917
70,0.0003424285951769556,0.0002589099179677552,0.004145153317531861,0.0009064118979328649,0.01784135397825108,0.008640959522041716,0.012727418739056801,0.006473527209167497,0.001957757486705953,0.0013879173349135002,0.0008457943238638597
71,0.00023784924047677293,8.146459564022756e-05,0.0014352066510570475,0.0002450240588468216,0.017583753193309334,0.0071355869650094545,0.020426524483822324,0.006075450760960037,0.0015099070080546381,0.0007977243307800471,0.00034646295934214974
72,0.00012334217910377714,0.0001370958823036413,0.0002794433024620387,0.00046705245484043563,0.01039864102133142,0.0031868652661877516,0.011794207614752665,0.004437097576684827,0.001085560233712067,0.0007480262379001388,0.00015866066472061235
73,5.925731982464199e-05,7.603677184261856e-05,0.00012699878493196615,0.00014910894186309523,0.01984593554209735,0.0071922732203145625,0.01725163070577439,0.006343829625826949,0.0010445075686614097,0.000547967704924553,0.0003878109485761455
74,0.0002370711368416889,0.00014577273732616555,0.00448345335784836,0.00044103239328811085,0.015032093275104517,0.007179981886233339,0.016192525619436637,0.007655346646969091,0.0011554664342026287,0.0009119708242986661,0.00026505086320815526
75,0.00036273792015026915,0.00014487708762960818,0.0012457796285892894,0.0003317656888885235,0.0069439937593374435,0.002062583412813854,0.023662858129888706,0.010600641738971574,0.002108265508692465,0.0018082797322250695,0.0007026088657563625
76,0.00039167678367608863,0.00020702246846091463,0.0016659690191780949,0.0004758909012387049,0.006797095124930577,0.001726875908572821,0.011154525954992644,0.00446839496472977,0.0008310897578626451,0.00038461467993821286,0.0005706264826728713
77,0.00032012950483883686,0.00024121810236455785,0.0007068157410796977,0.0008070864900585043,0.021750568505660223,0.008579508391847462,0.014645529710017237,0.005535755933134856,0.0013756283793719703,0.000887649629154609,0.0013100832726295414
78,0.0003872071280860952,0.000328745091998233,0.0006388092426915685,0.0005145568037496265,0.01664358136682186,0.006840690744852294,0.016959245243337157,0.007350605992187643,0.0015681155288298674,0.0012407204442352311,0.00030928702375378214
79,0.00022893453693310247,0.00014220676050025977,0.0016484381209442259,0.0007616938722817262,0.024030438004357505,0.008799401026853934,0.01158787993576083,0.004006022395757001,0.001004553922767362,0.0005576310537284153,0.00022500581143314175
80,0.00036984764158803067,9.730198603969275e-05,0.0006661795715517177,0.00044323998087271964,0.014674779208316972,0.005034032318394088,0.0116692775653661,0.0037120385564940682,0.0015107062769211938,0.0006654339971209653,0.00038230995147440426
81,0.00022399787185328553,0.00013096924163611445,0.00024008261940472193,0.00031748628710672686,0.02631348228906796,0.01081827272501666,0.015076477674811246,0.005949663397203014,0.0013282894428313602,0.0009019934016751044,0.00036796958831712895
82,0.0004861339098809555,0.0002646930382408403,0.002641324435669359,0.0006875880497147572,0.017877270636173646,0.005840370939326694,0.012286577650280845,0.0032919361153586095,0.00042538258175694354,0.0002206587463430157,0.00048337112285604887
83,0.0002345126600420738,0.00021766850260128063,0.0010622394539329966,0.0002085435315850549,0.00863137476876865,0.004391296349584421,0.014058390462180326,0.0066744619430749545,0.002286752076651768,0.001799937884182965,0.0006014978066739819
84,0.00041134451887588547,0.00035952005850137486,0.000529954828996691,0.00038786889436993074,0.012460061053996434,0.0021409019390607794,0.01596122194146486,0.006464090160468238,0.0013605848476318516,0.0009215803666492065,0.00020651084257542789
85,0.00032064471610497504,0.00010879290245017367,0.00039485317287037656,0.00033680994436288014,0.009793137207766752,0.003310382520832296,0.02035480395556015,0.007504886317512594,0.0009651700057777216,0.0005344497504092412,0.0004953218067371012
86,0.0004332106444035366,0.0001284900875945545,0.0005233040422534768,0.00031199458015491847,0.023203884645612793,0.008935183520669394,0.00943140904292347,0.003276394813448325,0.0012258279899936457,0.0008783461211327735,0.000517602171661134
87,0.0003870776518966069,0.0004466462993627011,0.00032392127714111086,0.0002633058870732078,0.019228452599789902,0.007511837020832764,0.014164305159119527,0.005343896515090943,0.0008705688275904674,0.0006581944841376618,0.000742000441895465
88,0.0002186418380144543,0.00023458328293746148,0.0028817591837237686,0.0005312768387634445,0.014853211400396991,0.0042100831617033815,0.011649887583952474,0.0036430441240972323,0.0011912116485144797,0.0005842013614808534,0.0003109129001137436
89,0.0004761846418749946,0.0003896230615889145,0.0032693570737614133,0.0005096552655547927,0.026311888109697822,0.011570051612127853,0.014377685390832793,0.00658372041665088,0.002324714448191082,0.0016615455468474182,0.0003489060120109347
90,0.00029748721592572563,0.0001940803756132827,0.004222350164049975,0.00037474353764031776,0.014067208359314751,0.0034956117651646947,0.008320728620400043,0.002286301612672495,0.0005378522832818315,0.0002340628641897501,0.0003613470045573743
91,0.00036906733980226304,0.00027610087831068117,0.00036010673259930697,0.0004653112136194428,0.014949526585177146,0.005747378312616924,0.012419822049446595,0.004817588804912403,0.0013066090801313415,0.0008872984974269898,0.0004888775167936662
92,0.00016956772904669402,0.0001491329937071572,0.00030147422015569276,0.0004008578744092406,0.014016840656536394,0.006164932670001153,0.013417590604973769,0.005690655345962956,0.0012621567213919429,0.0009267596907176309,0.0003707283870386225
93,0.0004255475500810671,0.00034361958130060285,0.0009811984716997441,0.0008558130506683037,0.019158389428102995,0.00806192083969173,0.011162640128907234,0.0041708919567378265,0.0015438296582572476,0.0013940796162293457,0.0008262360194635247
94,0.0001668875234100916,0.00015605543657198914,0.0008639773120278895,0.0009679454208046817,0.008053969553917495,0.003131996767843144,0.010445719461743885,0.004223153910808718,0.0014977861630837035,0.0012459385444513035,0.0007063101472325656
95,0.0006307631657723076,0.0001987164912144163,0.0009477016463766937,0.0002656084546460855,0.03378547708006302,0.013645412492641762,0.016459829601841815,0.006979693019778456,0.0023593903672810613,0.0016432437238498936,0.0003706539286314849
96,0.00025856432838840677,0.00016394104217528317,0.0011791495182042551,0.0002858716162672763,0.02644442782953249,0.011074898171066787,0.012991579471177923,0.005577078358102296,0.002165244852031471,0.0016049323741080793,0.0003877649588742758
97,0.00027104367421819636,0.00025697826135006295,0.0019581968069261667,0.0001103513968195816,0.01578605372114084,0.004232638272945795,0.018970914793239143,0.007484211246628501,0.002062746276346018,0.0013669712632283042,0.0002906966956120328
98,0.00010698632753518335,4.677267572747178e-05,0.0005313312821507118,8.889912133705433e-05,0.009218066159143345,0.0029436545216227207,0.011434767603724699,0.004522122879602238,0.0012075792167158968,0.0007727885169148968,0.00027323630122361154
99,6.485503660623905e-05,9.138870769300973e-05,0.00023248072921027026,0.00015106482575176716,0.013434944481209105,0.005591030163750282,0.010720857418988483,0.004442935679788974,0.0014805384384087182,0.0010723044719865404,0.000389767903196586
100,0.00019038070966067306,8.542777612562932e-05,0.0004413603022387756,0.0003707197392579739,0.011110207442223295,0.004094508371526499,0.017268718018011796,0.006721798102542357,0.0013769656952415947,0.0007508160580496059,0.00022556886083684364
101,0.0003200540944172095,9.753305849581715e-05,0.001304448366776838,0.00019981667946874975,0.016054543981984377,0.001381368578995947,0.01408636186045482,0.0060989440124636545,0.0018163932676459509,0.0014445418888829199,0.0006445570622503125
102,0.0025866583967033502,0.0006843208288410279,0.0012967519089996833,0.0011749710536399656,0.012651499437620665,0.0025584980708381845,0.011013980673022627,0.003323192258764578,0.0008721255810004774,0.0005569079941063714,0.0012604807952398963
103,0.000301441220823228,0.00021761684872722065,0.0011882615893547368,0.0014131229268087092,0.023108851785760446,0.002072837020813203,0.013919502964738312,0.007023205235221423,0.0017781054551550294,0.001759204656561831,0.0003928726006250614
104,0.00013197031821496967,0.0005860935886579741,0.0004229296856389956,0.0002979799658332464,0.008867919213869258,0.0043041421344707145,0.010431686171532345,0.005822058845695242,0.001918790279695006,0.0013950037522909252,0.0002334469601781424
105,0.0002500724904536552,7.079704162173889e-05,0.00032007181841466834,0.0003767537845032459,0.006608583881736628,0.002300684641848152,0.014697148194270811,0.005590698654190563,0.0015366442888055003,0.0008980009732087431,0.00038143474707719107
106,0.00024037842430028276,0.00012271683011645323,0.00023677799738428738,0.00022596052149351697,0.012659904461930526,0.004088001329086652,0.013829868734956025,0.004187546806007013,0.00042649614268499317,0.0001851879235791305,0.0003464389385982338
107,0.00021529881562892188,0.0009306549237943085,0.0020110594727488166,0.0008624584662099854,0.011669411365749805,0.00525854454657809,0.012375352992867097,0.005499870041731838,0.0024971027749418175,0.0012038583800036916,0.0005229755590061599
108,0.0002105562302066219,0.00011158543867595867,0.0003928436188202907,0.0004724284784662939,0.013482725683897048,0.0030553373394663773,0.02048316402318442,0.008688708782388947,0.0016570004430176565,0.0010633990712569884,0.0004025635137427886
109,0.00024407976682955487,8.52429725656106e-05,0.0020699133272194777,0.0001185724700309442,0.026031714176806973,0.010476810584641444,0.01499424891758295,0.005747624579486724,0.0011945875950204192,0.0008220568006831297,0.00018349637935393236
110,0.00027023682854302226,0.0001594542471892204,0.00047007186427417503,0.0007877981236486248,0.011447241082784497,0.0019871858210309397,0.021945402302764042,0.00866673930811984,0.0021376912438582137,0.0013974108836079088,0.00042285558091002373
111,0.0005699609269529203,0.0009762372341884143,0.00021428044188815328,0.00022279746209611157,0.01724038146323782,0.007421820212751697,0.011472864635628544,0.004903159307004616,0.0016018227944400879,0.0005391241772870092,0.00035515784355351403
112,0.00034378751348361096,0.00025932436976255517,0.0006926569581054814,0.00024498579982808226,0.017269476236841025,0.006557679791600635,0.011605420091721805,0.004440168250712523,0.000978479446953344,0.00035538186367456914,0.0005339115946567041
113,0.00010050392952177514,0.0001383699780368954,0.0026738625632366556,0.001636302974619679,0.026578738363950496,0.010359977850472457,0.01230490608923849,0.0048079756021229235,0.00140275260686036,0.0011669862006845756,0.0020158772491219307
114,0.000163204592820309,0.00012089720970667972,0.0003890941709644143,0.0001462776456318984,0.0136557791948591,0.006562427598057688,0.013770129680913405,0.006562714005928468,0.0011470272148625838,0.0008111964357206443,0.000341181894979787
115,0.00010385735998841942,0.00018354464870695458,0.0027217207118500476,0.0006488965143007973,0.011033469877715175,0.0036444994367841846,0.008207216879476628,0.0023082156403082615,0.0006754662194965925,0.00029048837117864044,0.00022156637239882694
116,0.00034146779370488917,0.00019200327403883042,0.0013530901984204235,0.0007671893597150215,0.013198547250861696,0.005129145511741567,0.016838220851767446,0.0060244581607270305,0.0014579568780963186,0.0008432246761471825,0.0005288920599640145
117,0.0005862408213569435,0.00036238942442810406,0.000358023823751098,0.0008114495075081703,0.018212741094544724,0.007671238112825051,0.010856196686868297,0.00486237884179793,0.002159667595721784,0.0018277283212259725,0.0007332000262994934
118,0.00011643278768493369,8.107304442802925e-05,0.0003435148549863072,0.00025621946049606,0.01685807275022769,0.0058050623123254985,0.02226909882865037,0.00759600186029784,0.0009861498278119032,0.0004883525431138642,0.00018833820720712315
119,0.00014962950105521926,8.585444199020281e-05,0.0006947749250145765,0.00011466468342382315,0.020715937456427146,0.008790850576112744,0.01301255468548381,0.005122834776946932,0.0009677446835414801,0.0007487999206089227,0.00023727543507791497
120,0.00017758989194122004,0.00012097360369298565,0.0005235364561134906,0.0002130456269392572,0.01470986153973836,0.006588696469086922,0.017304747946162914,0.00787832777991468,0.0006141134035057982,0.0005154236550104655,0.0004781386523609892
121,0.00016532055200302318,9.727304013555073e-05,0.001526297747642207,0.0015220796502545839,0.020429058612709487,0.009475437198036504,0.015319318624914,0.0074486297181594364,0.002714860037199869,0.0024545090305347133,0.000921116171981383
122,0.00017935823886883952,0.00016869638841997297,0.00040089415502501187,0.0005293542756532598,0.014303195357928065,0.0024890052426235656,0.012695800135234284,0.004718422177415948,0.0010854572264430544,0.0008595166017294381,0.0005604866174946453
123,0.00011085902746201075,8.218551192702009e-05,0.0013135770311051482,0.0007916417729565983,0.008573463939643417,0.001659751520779965,0.027631244425661297,0.011167581677504932,0.0016981491528721797,0.0009884124467378738,0.0001791436949664673
124,0.00023962655167887204,0.00041154191920254684,0.0009433200684362449,0.0008312930044456193,0.014103537363877707,0.0056864980543006914,0.01881435166616089,0.0076576569617925055,0.001994430582394832,0.0015618096968530492,0.0013336231159931445
125,0.0007202686348045145,0.0004850588558032731,0.009502389143733109,0.0021326996130238843,0.01589442309907221,0.007104575303011841,0.013475221523580126,0.005464858541413717,0.0013860534989967941,0.001048883066969673,0.0007458131421540129
126,0.0003422339847558517,0.00014974495913204052,0.006422332957068677,0.0009475819143684138,0.014338511257284792,0.005075223102750443,0.014510730582759136,0.0057601895458433,0.0008829405728456317,0.00043584802941709134,0.000281554983400928
127,0.00020761217827181122,0.00018670159371952214,0.00033510893245773335,0.0007220004948858781,0.01157842333157717,0.005156517303228002,0.010850072587223633,0.005394681561636185,0.00256478306370615,0.0019904224568937567,0.00032443068518857483
128,0.0003468566605860223,0.00035876737498398686,0.0006984988185229577,0.0008377439723753007,0.015932664951406907,0.007875826710583051,0.016854432017187893,0.008181174783604455,0.0020389499532777076,0.001459741128461524,0.00022228877189805986
129,0.0001334370482403063,8.547672133302577e-05,7.92343818731665e-05,0.00010788408922164076,0.007366491021004126,0.0025987938113307004,0.017114935449635688,0.006329224590880059,0.001030905416680503,0.000576020178136244,0.00015377868655704885
130,0.0003426497914350534,0.00038423781442770166,0.00045752699281400807,0.0004980609203510461,0.022834380421924164,0.009390757801929434,0.007960057105425373,0.0027884073034645674,0.0007295536220304742,0.0006629449075866787,0.0007829009715232066
131,0.0004935273420606457,0.00038655713069368075,0.001941118606934611,0.00044365103812476483,0.019542470476627917,0.00675677965983601,0.013034218627571979,0.004464079418907157,0.0012232330649643258,0.0005959840606265304,0.0005405122728534402
132,0.0005003937675131694,0.00024698366949720577,0.0015543130131008911,0.00021981065944884633,0.009795062861514636,0.003136073517983444,0.01001859033834216,0.0051068064330405194,0.0019329937842315799,0.0014878516157482494,0.0004927507086156993
133,0.001566390816352688,0.00048435562448002244,0.0016866119870106474,0.002836815919706708,0.014850668374074632,0.00920705647095729,0.017592624326655877,0.009304946402748739,0.0033156030951445167,0.003754945392782254,0.002130968621805382
134,0.00032093055975283846,0.0002984234785597446,0.0011120149024025083,0.0006098328367830358,0.010049696435797385,0.003237631903873258,0.013440554984268343,0.0039751554698804715,0.0007776944604756691,0.0006635517176938898,0.0005027015120172237
135,0.00032874129172265565,0.0001428606464399267,0.0008783694474365136,0.0002675776649041908,0.010990641401923856,0.0043791090905660095,0.009745055599291019,0.003925149103813739,0.0013321430085281422,0.0009042582679166487,0.00015741367246711313
136,0.00032704306323820434,0.0003322392489479147,0.0007242033585805656,0.0003463721271750852,0.01415893910073367,0.005433187027292469,0.009552362616488171,0.0038672606260648688,0.0013048708221577508,0.0009386087178457248,0.00028372210721659344
137,0.00029909963915342,0.00023019108181411536,0.00032562148600686567,0.0004818422231274119,0.014123603598152587,0.006902723039516152,0.021117902654672865,0.010091621569211819,0.001485166426207441,0.0011996330510500313,0.00024902658204603725
138,0.00018259800854617556,0.00016470298039318566,0.0003909052685308004,0.00039018958372256154,0.021078077356768577,0.008414104475503429,0.012055850299946725,0.004513597048617409,0.0007158969154631836,0.0005591559073614,0.00029883125888748615
139,0.00017618946422873368,0.00013446040371934638,0.0015146964467626512,0.0002265126341047687,0.010064762163964484,0.001964204839660028,0.028833888889322607,0.015569595991766806,0.0030256836560046624,0.0022778851414049857,0.0006534461103045542
140,0.00010211241178347848,9.201831404290225e-05,0.0005971564599111677,0.00010082386611595967,0.01481086313969716,0.0038352966967890915,0.02684386040039174,0.009551050395939953,0.0012512481146554344,0.0007329672563808378,0.00018457717041566393
141,0.0010795582859039067,0.00036215905612209783,0.001487497126971985,0.00020487238495144172,0.021747097698196924,0.009169886091670933,0.023982653837812937,0.010270898103278782,0.0018039109646556346,0.001002473726035065,0.00013749788831775265
142,9.980050172009353e-05,0.00011419118999856064,0.0050669410011072325,0.0004559501426462038,0.009915291816386174,0.0037387935790454043,0.016979065775401113,0.006547534195828333,0.0013398753150861507,0.0008726619929607906,0.00023709302187731521
143,0.00018724422264793165,0.00014259446090579656,0.0002975456554265734,0.0003720295986454609,0.022798249357939757,0.009355961155025875,0.021375600318935095,0.008826389223789043,0.0013150033855507347,0.0007836099137099398,0.00027522941716789603
144,0.00030042583251409255,0.00010528264037170938,0.00017858836189002617,0.0002218661731238571,0.02386751259616056,0.00986729594779477,0.013262671608424132,0.005669533361219907,0.0012237539839802095,0.0009495282739794964,0.0002752113387592859
145,0.0005893650534322818,0.0002839298459125338,0.0033440026034878894,0.00038911731770269414,0.02207852033998515,0.009044782842171343,0.018333717669434233,0.0059730949841242465,0.001178585359970295,0.000627967067609286,0.0001420419973033652
146,0.00027899596143651903,0.0002211644092490333,0.004360284330667639,0.0004809893422935222,0.014018121130796816,0.005233465577730919,0.016785712413781302,0.006226923624716963,0.001218772967503142,0.0007630352831608595,0.00033546082140235476
147,0.0007686814303853975,0.00016050806337604295,0.0017916184731957081,0.0012746832108266088,0.018403765058007122,0.007276632615062278,0.01461530155601609,0.005694218836865817,0.0017732747811529549,0.001361371327256298,0.00033919515819229735
148,0.00011770313854749029,0.00016405839845726647,0.0010514518745126779,0.00029279840858800093,0.016830123765570748,0.0054057514227603045,0.01201881961735251,0.003371734549560499,0.0012518357913276269,0.0005087883687286713,0.00011643304864015385
149,0.0002918907262795446,0.0002805218642956499,0.00036891632509229055,0.00040246620653191123,0.014115084026919043,0.0053487169199605755,0.014866146813571379,0.004972388663615872,0.0022057428673085354,0.0011760508380480987,0.00042913806949008076
150,0.0002686777491049446,0.0004507624466140725,0.00033271951470163714,0.0005557015831982601,0.010898330809701508,0.0043983323899775325,0.010454959221410721,0.004800233561121701,0.0017794984751034477,0.0012953585904929969,0.001236070275881313
151,0.0005023042200183827,0.00021456951020876053,0.0016996308858966177,0.0004155728631528065,0.012760072923117358,0.005845834302162489,0.027408010610878282,0.012413181150774744,0.0017251879149178825,0.001192524966821719,0.0007563221464618529
152,0.00022907699221681922,0.00017670869691364791,0.0014492041250036237,0.0008661649804918753,0.014470511731175074,0.006846251822807602,0.015362854789525612,0.007068782036920474,0.0014358058974064953,0.0009777938740032235,0.0006269462820238075
153,0.00015594529690186336,0.0002024528692563979,0.0007467728125257729,0.0008679399132527951,0.014105738600514579,0.005616534305989889,0.016198123624683303,0.008007923629205861,0.0015314450945213914,0.0014019352370721403,0.00021654882361993162
154,0.00011323891395092377,0.00010247617055316842,0.00020321413245106185,0.0003419093506367263,0.010131488115196697,0.003719856373254302,0.009876751307116379,0.0037260778392805547,0.0010703356354403904,0.0007067355937119125,0.0001859239368313383
155,0.00017300925249457577,8.792220138495513e-05,0.0011797496926244377,0.0001628890443118378,0.00495284712817057,0.00048441740120040125,0.014205594140675676,0.005462426415342814,0.0011233277671281643,0.0008477549238674947,0.00024732375652603434
156,0.0009547477728436626,0.00047841903934737383,0.0014587341328835275,0.00043679211609102164,0.005375162781099897,0.0037317150880925346,0.013026980408822013,0.0074993755578383415,0.003076764511742447,0.0030292782168993386,0.0009531580874475757
157,0.000672215368836672,0.00035661963444723506,0.0004965083739405812,0.00032011632658374855,0.012235211127593628,0.0039742291964088095,0.011211507571472963,0.004337987839482768,0.0010263285313502285,0.0005203509004833338,0.0005241302979759134
158,0.0005363274570286537,0.0002744487648065632,0.0006110994506235291,0.0006193188351847966,0.014986103621699203,0.006172834769035228,0.018441106659776628,0.00794237251272424,0.0017420976288651947,0.0013443824882203475,0.0004174947032011652
159,0.000633608666535282,0.00016456432943308895,0.0013132201381367906,0.0006020316458772413,0.014570262135350554,0.00545874297771696,0.014089323534246335,0.005237072282897386,0.0020887173984428845,0.0014584824692927035,0.00025207937070225134
160,0.0001526104108132681,0.00010796408436491878,0.001431613881953991,0.0014833889728319853,0.011821487094072838,0.00522191362615801,0.01565853722750138,0.006463457227155722,0.0017725524192789344,0.0018301068332568385,0.0012442498007931562
161,0.00017383127757852377,0.00021672255935539287,0.0006890541324296563,0.00012270505537526974,0.014495169354545326,0.004575803236593782,0.012484226308982884,0.004645516870604783,0.0014711956726320848,0.0008855361622390625,0.00028225598076163697
162,0.0003297699703323539,0.0001761560111964597,0.0037692570028238946,0.0005192910139621395,0.017806945791359545,0.002809911554846682,0.01204407646015075,0.005664333444721485,0.0019881189413495544,0.0010604273800407361,0.00026658990595318066
163,0.0003868350394336102,0.0003881414271607492,0.002768179960275067,0.0004430743176760353,0.006454036142836589,0.0030656469120308462,0.015672119729786504,0.008915250327824717,0.0029186461027066357,0.002698105399310932,0.0007857082911129418
164,0.0003966282564699276,0.0001385775290373892,0.00026296652539596415,0.00022758618671092713,0.01945583318494301,0.006696518681070232,0.015556299522186474,0.0053662488027915,0.0011513960458215935,0.0007507681496823409,0.0004511950848037716
165,0.0002678556995852584,0.00020421989597864762,0.0014969137299928107,0.00017244723885756483,0.007715527857515741,0.0031112839379234245,0.01745066704254443,0.007345959311607223,0.001549007608376142,0.0011624315246595825,0.000260175871398027
166,0.00025274789241291825,0.00013945753988634264,0.00024608016571216445,0.0004929687471865595,0.02065951161276631,0.008637901820883495,0.013816395494673547,0.00568570175907883,0.0013840473381424108,0.0010945082104366235,0.0003169175936467271
167,0.00022167424409497917,0.0002873153339668894,0.002051988541273189,0.0004189662262538114,0.024005287743901746,0.00961421826619189,0.014527683856831036,0.005786610227660335,0.0011715843008021183,0.0006826377836017316,0.0001346936485422998
168,0.000423016844923846,0.00021219955291304092,0.0006128895896206606,0.0005099376033274999,0.015337739863339438,0.005369985279207919,0.009702524028099705,0.0033170069715162376,0.0014123964201566749,0.001032691299079826,0.0003151925195939884
169,0.00011660723646180182,4.6310606658243825e-05,0.0028874162966348203,0.00019154230569619766,0.03372642072887437,0.01367133996544378,0.01657979221676649,0.0066093687864737976,0.0013117958715637276,0.0006543491928437072,0.0003426546855545379
170,0.0001432609186002528,0.00018168904750984885,0.0005336203299940101,0.00031734327973038164,0.023197806533277195,0.01036273044785399,0.015025554964404216,0.006723525186953095,0.002885207223593295,0.0023805575095692867,0.0015972367662380608
171,9.27810419913898e-05,0.00011294066550307553,0.00029855332316542683,6.90928435159799e-05,0.011096370672152417,0.003857587132180588,0.017093976400897076,0.005679564732779479,0.0009486103690525994,0.0005115623899987387,0.00024399714735495043
172,0.0001741087935658485,0.00010974303382763553,0.00213856362224836,0.0015992402660976101,0.014150573478132401,0.006307526062947781,0.013991904522343482,0.006241756052556051,0.0026807931416201443,0.0016940409602227318,0.0003745337479303009
173,0.00021248991272551805,0.00017338307342919105,0.003961938232110012,0.000624348672773255,0.01256892219015368,0.0039960579302296675,0.009352851037526174,0.003397326541083811,0.0011271537249284969,0.0006272266310100829,0.000352518743550921
174,0.0003039753778500891,0.00014692986344011104,0.0005789717801028115,0.00047955201576392,0.007353013656763171,0.001966329985440893,0.01886328762734729,0.007003581048573049,0.0015793234960203982,0.0009131080970982386,0.00041265794769123525
175,0.00015113658645231606,0.00010763158682099705,0.000574190766058636,0.00012150169003170396,0.019612633425036288,0.006578757584396299,0.01383963737431219,0.004271913244567275,0.000840467676137098,0.000537929236453516,0.00021037853456983737
176,0.00022800322366621677,0.00018062773168912597,0.00093876085959173,0.00022366222758326963,0.012486816609212819,0.003867965783182023,0.020160314732932005,0.007645875497770026,0.0012835295167624892,0.0007929744049297852,0.00025210666057252847
177,0.0003646636718228624,0.00010319441374573368,0.00011270292770966047,0.0005580413084753333,0.014675450888394455,0.0026262093829350353,0.00997710290476936,0.005292478393592953,0.0024522383805751394,0.0020515901111579503,0.0006301319655250638
178,0.00030430547831831903,0.00020150003940470543,0.00033194502346549403,0.000374191735793486,0.02750405944229025,0.010665072588835138,0.016428412785962108,0.006344572259455699,0.0018580211717608335,0.0010183797147410066,0.0002774398093005293
179,0.0006023462256618317,0.0002921746919857941,0.002219327360394952,0.00043266143691922924,0.02213862072698599,0.0009753771263537474,0.012255781170915296,0.0033204518840964253,0.0014014442124843079,0.0015588643316066543,0.0022327974922969024
180,0.0009576993839607088,0.00024037254024019387,0.003714646555514042,0.0011854789190026982,0.017942426077455255,0.006667838746962259,0.01493782804503638,0.005245594474797921,0.0009086391279324083,0.00044465664087253866,0.001011520538168049
181,0.0001684003853262836,8.697125003262762e-05,0.000310435733971048,0.0005730470718484297,0.013624148901022816,0.006072689019955682,0.012653263991361206,0.004900332834245117,0.0018729275768767254,0.0015147810956829704,0.0004258000085318809
182,0.00034305356140105364,0.00028975429665073206,0.00155297796559168,0.0004857812915928649,0.010968507850924536,0.0024637382680895814,0.015521587408546879,0.0046127902202517355,0.0008425059333553627,0.000253465885239648,0.000614845586028858
183,0.00021601009447921648,0.00016069328105458572,0.0007581230154640946,0.000634732887118399,0.01669604025971023,0.002108513520564836,0.010697521065740099,0.00449110875558541,0.00103554638107263,0.0008010126668007325,0.0007688469553173519
184,0.0002705732078979198,0.0009713507573343278,0.0008340942827669212,0.00026427060560662164,0.0197503604139735,0.007998479939208413,0.00966813990978123,0.003594059657878573,0.0010998746606129667,0.0007148263903280803,0.00031889320042815844
185,0.00010546078531527988,0.00015639329265006705,0.0024977408713887225,0.00014039661676761567,0.02023774996188024,0.007393024583214281,0.01582139488018463,0.006365316021701163,0.0022904177781496913,0.0013855439193704126,0.00014375244088566172
186,0.00017724750313952853,9.56389947215002e-05,0.0018120458469023037,0.0015089171782989423,0.015600804551515515,0.007257006964203733,0.012644898047955752,0.004944906270052217,0.0013018483905475563,0.0012039356897873483,0.00015623199404561788
187,0.00017803555287361532,0.0008331290358494765,0.0005117396288522451,0.0007359356323202419,0.014213242363285422,0.004150419923610107,0.013544960137430445,0.006023789026898757,0.002183408385502427,0.0015407019525744451,0.0005657680227986371
188,0.00022360362392966535,0.00015956958472366478,0.00018237230315949334,0.0002622176034745763,0.019318500637269167,0.008425293787902735,0.009673319523333383,0.004246620231700199,0.0008675045086936368,0.0006436832716464501,0.00030352515889006985
189,0.002546358780310735,0.0003746171543068115,0.0005340404566607355,0.0006062545194392165,0.01515163081991222,0.005986893332663992,0.014991604120215453,0.006585448437135177,0.0017576300019718253,0.0012569627529171875,0.00024527730933602903
190,0.00017083510431376242,0.00017478995917591112,0.0003319113553964818,0.0002238252792177317,0.011623687433863565,0.004808588178229165,0.007305167189605946,0.003135015518646386,0.0008473217002476485,0.0005203697764252755,0.0003010021702608055
191,0.00014847516173267463,9.077328831158392e-05,0.000667423706452683,0.00026013380350154407,0.010554218612579937,0.004529843822013801,0.01893347746150035,0.0069999260685535275,0.0008407588375120339,0.0003906182995799139,0.00012864764642243968
192,0.00018019505772005805,0.00010136357763488481,0.0013169473572224456,0.0007973900191841435,0.012559726563509701,0.005473278428707522,0.013612097894961291,0.005600258999253145,0.0020608716873109973,0.0011305857623487097,0.0005383863124703163
193,0.0002263720169283328,0.0001380990115061425,0.00033689191528095327,0.00020403746465557648,0.014728020812141623,0.004662065242666206,0.01968520818812393,0.006974834449433291,0.001184381458464136,0.0005144051701384396,0.00025575734520543234
194,0.00022593959083128733,7.657095664993655e-05,0.00013646704429870203,0.0005691288477597796,0.011184325481911603,0.005307460464057431,0.024368388241724968,0.010968519845656728,0.0026882134266462635,0.0021165644521830935,0.0010088008131872573
195,0.00022485193283726496,0.0011149850671699694,0.0036309559388043515,0.0004027353942869487,0.016389549385207893,0.007199646597094723,0.014044158028953587,0.005578098182469418,0.0015646200211155044,0.0010688059819028831,0.00020612957745557524
196,0.0003302426315033993,0.0002611441592265034,0.0012699386864700167,0.002462012563638325,0.006952860238431088,0.0032621290975764473,0.016240242202093698,0.008234949608411776,0.0029927557717601026,0.0027543395891216535,0.0006974994240094906
197,0.0001791960840429714,0.00037290114356308294,0.0004994603376268872,0.00023609599994129884,0.01642831068632479,0.007813322130352103,0.018727125897689212,0.008371958577485116,0.002696978835614671,0.0016879519886497656,0.000490010819803288
198,0.00011230970234170072,8.126016529449569e-05,0.002021492392546769,0.0002538239306506393,0.027974943912819294,0.011475959091011042,0.015222123078121428,0.006185605764490518,0.0006448715971397115,0.0004638423913902376,0.0003152302317562322
199,0.0001547497919439098,0.0001222357415472155,0.00038300830453017327,0.0008654125498713468,0.021419381656540407,0.007146391014838647,0.011767092313868542,0.0030074191953803155,0.000972948823408442,0.000811757182715408,0.00020408757506751242
