,Standard_beran,True_proba,NN_BCE,RandomForest
0,0.002772201608066788,0.0032340657148841882,0.002639203407321126,0.009414190143266582
1,0.005379901907559967,0.0018684566162630988,0.002511732152428895,0.008613683534227406
2,0.006588559501677947,0.006043483418564833,0.006428981335191841,0.008763980242519181
3,0.0022121894299117037,0.0020759450328220064,0.0022025476404321323,0.007124316342241161
4,0.001080628927257505,0.0008113473975630901,0.0009285646446187721,0.0069410772933649134
5,0.006861339145822057,0.006132609352526047,0.002760067581440624,0.006776374133797578
6,0.003345640520727175,0.002732116340956624,0.0031392662005405056,0.007360968662152527
7,0.002568237136333579,0.00117771075234927,0.0024051298117690268,0.00796942822728217
8,0.002758306158157679,0.00107169759793008,0.001982891015964641,0.007867572124492022
9,0.004286171908041963,0.004206144935107654,0.004275728160327973,0.007770740904112102
10,0.0036044168799572434,0.0013701905775762475,0.0026537470440356277,0.004991636581596947
11,0.003910814557621945,0.0031388303477506365,0.004243986807934508,0.005386232346576489
12,0.002226398660479083,0.0018280223278262146,0.0016893991528741056,0.011292435667286342
13,0.0018055837970078555,0.0012436120899522523,0.0018702733141847305,0.005532877586739304
14,0.0031190216888418772,0.0019256653305775248,0.003473856868843508,0.011636568736979951
15,0.003164102238077915,0.0013019470940022085,0.002091753278324028,0.010751556607981971
16,0.001533445512958838,0.0011334573431560629,0.0010449906353006179,0.004285683090404842
17,0.003133400110404851,0.002397547646369116,0.0030128121208380662,0.007976839814197204
18,0.003140159574182248,0.003100437274360007,0.0036476456096671064,0.011551227680612508
19,0.003539433019525739,0.002238489898214331,0.0035088053459386118,0.005611662336265555
20,0.003669812202812266,0.003272283865289388,0.0037208359955100065,0.010008886021307752
21,0.004114013662874935,0.0013271684250124878,0.001859450745789634,0.00749890099681717
22,0.0023864310672483263,0.002875037864189638,0.0022789132621039015,0.007402009940955173
23,0.06624903099092677,0.07920815074409238,0.0027361823790130507,0.006867765081153925
24,0.005862509857668381,0.0019461155926280439,0.0024875679563904135,0.010050128399864503
25,0.004166757537659083,0.0030627968494838335,0.0036293045855635272,0.009532568030539153
26,0.006598494469731997,0.0044810216290548585,0.006760183759370245,0.010088714809321697
27,0.00348390926830465,0.0033530338561641435,0.0033364219565700393,0.010029642213039525
28,0.005485919430540737,0.0026402606064639634,0.0037027581613075446,0.007389558606180266
29,0.0023699289209556202,0.0013349782652200945,0.00227193252204317,0.00842166483490491
30,0.002412911595486593,0.0016456960651449277,0.002549725500681968,0.005606635920890805
31,0.002298220818656246,0.0029233737130053912,0.0022163704031300763,0.007941646937385834
32,0.006081562031220263,0.0019034692940031069,0.0033191989443956153,0.007419286706975975
33,0.0028131869939670793,0.0010581227256625974,0.00196087089601291,0.008576952093216827
34,0.0030633548366356816,0.004092296495791331,0.003629293125068085,0.007117638177324966
35,0.002508514384139592,0.0024820728197228973,0.0024391282964318925,0.009198186979454997
36,0.00461537443120835,0.004709109781856442,0.0052499081035026094,0.0073508903482449595
37,0.0056125804524014755,0.003101214614706449,0.0035539415678309404,0.014088489516710575
38,0.002821052151896229,0.0029955968127689317,0.0025988721666647097,0.012028245824783268
39,0.00552927543690635,0.0058582677208968,0.003660892131368231,0.007719143490320219
40,0.002958321023068669,0.0017646311993286324,0.003920647981850976,0.0032042886014555885
41,0.003685827160198184,0.0014607876483670509,0.0024380401376033513,0.005882081621440285
42,0.0028336375942918783,0.002447603884509843,0.002805291618754817,0.00948552702335634
43,0.004559753442604955,0.008006529902692319,0.004556772933913541,0.007894293809966084
44,0.002818815726386129,0.002396235963474082,0.0027450781284604374,0.00848695504270369
45,0.0031324731735617034,0.002115807705706642,0.0027078772062973967,0.010599746258394823
46,0.0023341245324868683,0.002047266145887435,0.002722914420451829,0.008774826974156026
47,0.00328126956039265,0.004020173569995393,0.003259300954820461,0.010834290580909426
48,0.0023585964420290003,0.005268511967068128,0.008601210366803827,0.022712609763615905
49,0.00341456722600725,0.003913750390770968,0.0029294286322636295,0.010393755233357792
50,0.0024625942479183246,0.002763568866840784,0.0026005383779889152,0.008068077061628192
51,0.0017432327031012991,0.0015637889891018818,0.0017548878798571014,0.008339213554959386
52,0.002660964960440696,0.004726773573940724,0.002712398569531746,0.009439957087634215
53,0.0034914102130998953,0.0019471727913245313,0.006754396029621126,0.016641586762888072
54,0.005591461746734835,0.004242029917631893,0.005204766472055035,0.012839388769897535
55,0.0067897093782679436,0.0016062910759278304,0.003535967060335238,0.0083001028476951
56,0.0022625855916506166,0.00286210784501844,0.0018313604425092592,0.0075670989447248205
57,0.004504232138815377,0.003192510177240985,0.004040150536466717,0.008560385016052099
58,0.002246850193035077,0.00881964666547643,0.001593188631503364,0.016762901914558967
59,0.005957321373830198,0.001841356353516564,0.0038198499291815556,0.007018364899712436
60,0.00286049490109971,0.001847526335725318,0.0022256945718751447,0.01356358714709251
61,0.004399181342120517,0.002547957196543414,0.0037197036522267114,0.008498014118336476
62,0.003826036003539435,0.0022858045417004295,0.003658843862117312,0.0063539473973642365
63,0.0020568086621673737,0.0007107316867149201,0.0017727100491867235,0.007063231549344671
64,0.0019370896853289847,0.0012999391669488247,0.0014899274442353955,0.005729997477340295
65,0.0051342664981024085,0.003944266527316311,0.007411860174810606,0.007584860777548176
66,0.0012793828995927388,0.0013154261360453386,0.0007953980708152712,0.0055163461199494316
67,0.005973197440028624,0.00536560492889539,0.006005660191509691,0.007972852396238921
68,0.004287140324076146,0.0027083774539836164,0.004462478507185347,0.010494749061565025
69,0.004184702711075767,0.0015248545914571536,0.004309628849977998,0.005571361093112014
70,0.0016250686438054522,0.002912172987386767,0.0016045694053893292,0.011828742278420219
71,0.0057139516628660425,0.0026859832965537,0.0031331639413042845,0.006997687743243099
72,0.005435092110301222,0.0018760260860042476,0.005390220193054477,0.007948958419041037
73,0.0023971588666067177,0.0020725592496661466,0.0027728999840875403,0.008664122344205515
74,0.006161522458435455,0.004390369913501262,0.005792189845385648,0.014627145220229548
75,0.004906719496511167,0.0019427034058185067,0.004773114981856811,0.010786837974521483
76,0.0024756379817419275,0.0016261999157791201,0.0021482682799991906,0.005232648856767132
77,0.002187586097389979,0.002929001046368422,0.0023066408673295385,0.010532811285271384
78,0.0031901225188349347,0.0021465454434363407,0.0027587777734127254,0.006527976713787466
79,0.003982656322638375,0.001902334682078685,0.0035595881791212476,0.016110911383318098
80,0.0015514290479620922,0.0010745269256615703,0.002566493082783763,0.010520371672821266
81,0.005665753644445585,0.0030927692919012198,0.004178157429692195,0.008845989316986491
82,0.001166118560281442,0.001599698933360322,0.0012448122550265972,0.008056060543563514
83,0.0026484076097492873,0.0015710733054367294,0.0027790103407884193,0.011028158599409792
84,0.0018570574920531353,0.0018296942491609165,0.001264483098100279,0.006063391451502701
85,0.0034906212217015666,0.0018989244193876288,0.0024380662206611946,0.007122303512684211
86,0.002785588188607571,0.001878645487463092,0.0030698936696225204,0.0070157392873108765
87,0.0013784828860121153,0.0013078558735391767,0.000658182166283702,0.007249893277710395
88,0.004278165541270457,0.0034070036011329815,0.0042337710399209085,0.00818198936462079
89,0.006193630939698445,0.006239193438361909,0.006134062138619145,0.0129661569645756
90,0.004448840780926209,0.0032087963262930996,0.0047764924686877624,0.005564169652935021
91,0.0021977003422511575,0.001436148838997832,0.0007937528226869839,0.007422688792339733
92,0.003074841842471891,0.0027023976387642807,0.0025676825810414913,0.010229050390092946
93,0.0031720395162605614,0.003978178695700774,0.0028652449634038553,0.007976572369389597
94,0.002655783940969304,0.0029543104956733903,0.007858999723265484,0.006639653317201436
95,0.0013285681580834615,0.0012747529959155287,0.0017839818914254502,0.0050217321210698955
96,0.003907580981844978,0.0014770356322977819,0.003724189920481603,0.011827923162285868
97,0.0023910641379741074,0.0021163307725320948,0.0030460771838359477,0.010239967752343293
98,0.010562720862512857,0.003140036870689449,0.010092723632970675,0.017679192707740012
99,0.0048562598035439405,0.0015786425485841663,0.004552648980312927,0.008876137476780878
100,0.004377490566949625,0.0029263901444534397,0.0038094761853925824,0.013069866203339778
101,0.0032872862076573995,0.0021930275112166608,0.001708335050879306,0.008935536080351882
102,0.00284004891640762,0.002032783795549425,0.002720606927995624,0.014878389684994275
103,0.00514128003552154,0.00604836676833222,0.0058067897966729495,0.009163591603137894
104,0.00342725599006709,0.0017897882970981886,0.003736562975796019,0.008923717351059457
105,0.0013855384687373612,0.0008179444706311547,0.0013169888520383345,0.006636768239483413
106,0.003902104370106955,0.002803256770337352,0.006037311809360076,0.013936382027539647
107,0.003306402788404433,0.00488186466324853,0.005785846005496473,0.007490579067403728
108,0.0030525649621120604,0.002843660345086544,0.002769264244781295,0.014083849721319014
109,0.00141292462045964,0.00190467217714188,0.0017012497912051142,0.00657187422854252
110,0.004409113642003693,0.0028171177830452797,0.004341233320469329,0.009106802534344099
111,0.005590566282033023,0.0045535559883375576,0.005871041194617004,0.012194061249372525
112,0.004072393120844106,0.0022583337130427823,0.0034414875632405246,0.009372205467924648
113,0.002366790728366746,0.0014765461326379803,0.0026733338747036285,0.004348240871225054
114,0.004426894459903094,0.00379316638193781,0.004552661974546099,0.025942277534271002
115,0.0027818270758047177,0.0032560630358330744,0.002113143538744282,0.011967073341844195
116,0.0024324310653882015,0.0019601803214536018,0.002289725082356542,0.009689774245299407
117,0.004092829196885161,0.002292240399509455,0.004505057336267287,0.010972135088730614
118,0.003276983734377546,0.0012505435770821748,0.00583512209883294,0.007693488189019403
119,0.005086672056764502,0.005062472753319323,0.005069409872349836,0.006432357758787237
120,0.0032103682279558134,0.010442158545076154,0.010878273957564704,0.011357900879577387
121,0.002133470026434036,0.0025410419463348486,0.002457605058245039,0.005553835662604979
122,0.005505959246890709,0.0032303795921392593,0.0038842786245180607,0.008107647738117837
123,0.0023132044468483735,0.00679727276487502,0.0018145271183492595,0.006642028957378108
124,0.005162182157086721,0.005170176503410851,0.005216336366351523,0.01019371297393148
125,0.002439391254478324,0.0007991694128601212,0.002770649626557914,0.006398357240781482
126,0.003992052630526525,0.002821431182705963,0.003416796799556147,0.011913944639008512
127,0.0010101650391209532,0.0014577607164645867,0.0008125572777093448,0.00484109848118658
128,0.003636418370039196,0.001084907157952183,0.0033366362015799108,0.015308293031469364
129,0.0052230812456499996,0.0022913770113740413,0.005155096148906853,0.006050960294642106
130,0.003821566489400432,0.002567255280716872,0.003696562740372012,0.01162585869059694
131,0.002369988496058461,0.01703814067442405,0.0019922032884883384,0.011383023440433758
132,0.0030399154618264974,0.0028799487313630294,0.0029987337210816856,0.007773657918643863
133,0.004699233154567948,0.005371989150738611,0.003994674916590595,0.008519324304975096
134,0.001150294516712279,0.002077306487840481,0.0012862933919700022,0.009381052728579108
135,0.0021899792072886098,0.0013973750684649284,0.0017123339696098853,0.005514974618065488
136,0.003154887819542982,0.002722326275456794,0.0032968059375878254,0.010048374802466257
137,0.002885955117665368,0.0008487137606804907,0.003071475448029654,0.005264841800326745
138,0.0015671814674096205,0.0021495795923245752,0.0013661832054064254,0.007459164132365942
139,0.007723730469067418,0.004305174245726183,0.007849033466117416,0.0084038099699735
140,0.0030203525421980495,0.0034244893072284776,0.003890851681343524,0.007322889251449741
141,0.005484027755761187,0.0024858321380092,0.0032296720148662084,0.008602912327163379
142,0.003479405001589536,0.002203123368775648,0.0029995911371894237,0.01148481224398955
143,0.004530450430868278,0.001939568123949712,0.00455949877423495,0.006404123703442314
144,0.005462776885474034,0.002081483770381521,0.0026965019511910994,0.005857885338991457
145,0.001789055478488997,0.006477957703171436,0.004311798013685277,0.020974239484575816
146,0.06606638231010503,0.0021274095768773252,0.0026930559024171976,0.014082380471831914
147,0.007372951816786248,0.002566315933344366,0.003997090530279532,0.013633435807225923
148,0.00280372692841711,0.0021650097035181195,0.002074212108094779,0.008330187430494632
149,0.005106790993486792,0.005868756449286955,0.006329499483022666,0.01602708607054818
150,0.0012448676642137653,0.0015772636147028207,0.0009373970083849015,0.008418189891782385
151,0.0019868869791104917,0.0018471376125418115,0.0013107499235103163,0.011765368955891094
152,0.007519041878280289,0.0062755962200485675,0.006496763210803242,0.007571445331772803
153,0.003901661116241135,0.0028782610900763843,0.003238727474345459,0.011421149267111758
154,0.0038432092385787633,0.0012807871220283503,0.0036070998626951518,0.005232719362860424
155,0.004075451167781583,0.0041598673370407385,0.00545404038936562,0.006362692575817425
156,0.0029161435074264836,0.001740626428615103,0.002376296771209706,0.009309048791386089
157,0.0020565221387725792,0.001989663217320469,0.001909041777316495,0.006462641728965008
158,0.005938506082900572,0.0055576915327138834,0.0063323423677639455,0.008502295188024533
159,0.003335233350337265,0.0022446979483725306,0.0035806444817871215,0.012463718844473646
160,0.002703869913140802,0.002144458099039754,0.0031422105078040617,0.007709842339205621
161,0.004217608849668585,0.0025800187319309177,0.004573004034241627,0.0045664576874601326
162,0.0023944739276873226,0.0018550224351067406,0.0024474674552401234,0.007842969358293695
163,0.005687298976981128,0.0025266827069671273,0.005969317774743702,0.010866630388226429
164,0.0035334459823018424,0.003511624080242995,0.002344322901573321,0.013762119709533808
165,0.0030080259067314426,0.0006986915868888507,0.0015410897287091922,0.005536619076665848
166,0.002410305553008645,0.0015003581608009449,0.0024281809810167416,0.006987735719791147
167,0.005250014279709786,0.005198602529163551,0.00525510185654257,0.01047989772815791
168,0.005612289019896415,0.005180431324768008,0.0022315433379404034,0.0064451911167395515
169,0.018913802365700273,0.004731168135845943,0.0155957176177585,0.015941061416738424
170,0.003296363213092298,0.001798006151567731,0.0031800815395437087,0.006195616325324846
171,0.001489990109734558,0.0019789903927470874,0.001491907631686427,0.00867946917929871
172,0.0019262946790005234,0.0018879317319967749,0.002165003368134632,0.008437784426207073
173,0.0057374961342280964,0.004426420179209038,0.0059731661125129966,0.0077183869807185435
174,0.0028645080259473523,0.0028087582397358177,0.0036581024475621335,0.009175983811844745
175,0.006784349484314931,0.001210356281225523,0.0030559932596905003,0.008010563316990875
176,0.0019029964601096482,0.0017815347107679091,0.001879270595722212,0.00686653832314778
177,0.004473568487345812,0.0018844449082779532,0.009863128406871858,0.012768764010359665
178,0.001871594182435056,0.002134443867931323,0.001660935076887915,0.006611438145343388
179,0.0016727567966440926,0.0018063739049699267,0.001710561521820717,0.007623115561135127
180,0.004792307232188983,0.004089181055989801,0.004840321317700719,0.008962471102505634
181,0.0021778704380111245,0.0013385230240750864,0.0021005398267053945,0.0033268415795423825
182,0.0027596482801142087,0.003387120381414174,0.0028063738841154176,0.00475909280594933
183,0.002597291204295104,0.0015656432108744893,0.0024715401883825903,0.0067433513567025545
184,0.0029057256253516668,0.0012839881026381623,0.004724931330848373,0.008606713562107985
185,0.004983904190219917,0.004185715130446536,0.006073079229454915,0.00910294547853097
186,0.002790310109505114,0.00270688615815989,0.004967834459057762,0.006302954784660171
187,0.004477868174503208,0.002475142436739498,0.004192758414357535,0.008977014927071512
188,0.0021757375125313672,0.0020101903438218137,0.002185851512433061,0.006415311049382705
189,0.001225252768295964,0.0014622657103897688,0.0010834835330367457,0.005306123218600565
190,0.0025129486582777666,0.0018126719268921703,0.0030712729175329046,0.009379688495032902
191,0.0011413382765375932,0.0014205246639245378,0.001052263231219512,0.014003080862005976
192,0.0018708730102717111,0.0029831295828029072,0.0017218978093201734,0.00920969945709484
193,0.0033288871553731696,0.0024882745057317676,0.0027184749698055443,0.010687238649663906
194,0.0013795188864070835,0.0011679711024976279,0.0013870998758332195,0.004981031478159663
195,0.0033205957849768253,0.0021786147316263825,0.012859670317310293,0.012000040895532449
196,0.00550827156512406,0.003279770883150882,0.003104889244049274,0.005976880576342953
197,0.005665760146079584,0.0027486002667114246,0.005678696479800955,0.007590992788717781
198,0.005393665706103507,0.005256608748569216,0.005375240581572558,0.014225718124072587
199,0.0031695194399756644,0.0016410152554979403,0.0027678939045778744,0.006685866831045381
200,0.0034326514803701296,0.00203978423893131,0.002959737839033472,0.00581515564177251
201,0.010452722562258075,0.004028357717779552,0.009140396230526742,0.019167883002598956
202,0.0034847107721853146,0.006150163886472359,0.003708299391432668,0.007843895153829706
203,0.006205405755780033,0.004930195204807436,0.005930238072025487,0.009108356066230507
204,0.008226662594407807,0.005477980098143456,0.007896364486999118,0.015285182461397569
205,0.004122607153176991,0.005103502713582299,0.003767711486108818,0.011878975344706574
206,0.009150730702949434,0.0026638625467703104,0.004957258046549036,0.004947073789008932
207,0.00591214411626649,0.0034749135138372293,0.004090201872205344,0.012355605327847371
208,0.00214029073132418,0.001607854478544087,0.002182081473507906,0.005478959286599736
209,0.0026587053766033075,0.0019361182252721676,0.0026105535527375266,0.009472615807056887
210,0.0020135407825973227,0.00125097612244221,0.001427463457582875,0.007082044284606444
211,0.0030206977638790253,0.0020616605452993533,0.0014867466293251668,0.009252649544684362
212,0.0015145724138877592,0.0043105834783805225,0.0016140672070182173,0.010719880874587284
213,0.004018574078365033,0.0032079291900823015,0.0038859088791126724,0.0103301825259259
214,0.06766746650864988,0.003080522535996491,0.0021605646580866496,0.0056884026032283964
215,0.004494469828328056,0.0014960129209187244,0.0036838921286319573,0.009012474758341008
216,0.0016810291853612787,0.005044909013803687,0.001456621522455165,0.010188226116067204
217,0.0028869745097121827,0.0026530054274071725,0.00351605886774532,0.0070613326928806895
218,0.003036176215449639,0.002257096615871698,0.0030253008173625343,0.00907638864290422
219,0.006095704342071662,0.001908481367182798,0.005294362205643118,0.018624188764770146
220,0.0069263903006542725,0.006955115602398625,0.0031744630457947805,0.008608856398955644
221,0.002672480519895962,0.0023488725418253403,0.0025296517285432287,0.00620550789660494
222,0.001378642014198591,0.0007546123275883631,0.0015679857696960372,0.0059597120399451625
223,0.005320169495581988,0.004324772989334675,0.005174457913671257,0.008239997218993898
224,0.0023985953219997744,0.0017211923248095433,0.002458925678888775,0.004300488705662645
225,0.0069768144342907505,0.006171045645476534,0.006546527791233445,0.008823383965396912
226,0.0014346541013698134,0.0013378159749285246,0.0017170399832666403,0.007259596569463069
227,0.005422660864258717,0.001148496099100846,0.0012460482685139385,0.00565927363400025
228,0.0018133084409093522,0.0010817992181658617,0.0016462005804834424,0.004329281537663371
229,0.0031520106313233454,0.0020681979610806074,0.0026829932657380946,0.01257678552434484
230,0.002738659899813966,0.0026019601498992553,0.00266178816440041,0.012988546939866168
231,0.0016056092518834462,0.0017632735564329731,0.0015919293330725834,0.005707078890342521
232,0.003559447053961022,0.0033022361619362414,0.003462809224649882,0.012647434167684764
233,0.0031981318577471913,0.0014596543552090591,0.003186627400631082,0.01698694251624362
234,0.003619294629633952,0.0040475646305774505,0.004675644344505992,0.00742683751170305
235,0.013417068763444572,0.004367531243272041,0.00577337556463637,0.0115139145007306
236,0.0058395882664571234,0.0041683619708253235,0.005020749634021879,0.006808971968874789
237,0.0024858463158060804,0.0012145545521965594,0.0025464703338027293,0.007704979936169514
238,0.0058393383123985934,0.0052350738747136945,0.0032108292090981916,0.01134718380713521
239,0.00569119861801699,0.0016376609301358036,0.0027344866958002195,0.012169509008805054
240,0.002114211898499698,0.0013568834833116556,0.0024599086565244084,0.005482255988168934
241,0.001690963490417788,0.001249136258789834,0.0014930024685002332,0.005706932331823989
242,0.004445930999965562,0.00304814228898367,0.004911530976841367,0.010204399097820142
243,0.0018947424245554097,0.001890633543750364,0.0019451617217877775,0.007281673935036264
244,0.003877164085982237,0.0021089208358874368,0.004032997699037314,0.008927120818343513
245,0.003254307929022682,0.0023586565558850682,0.0027265244751410234,0.010719184334577235
246,0.0018936092304302576,0.0015817899205391682,0.001057150347691782,0.00832997150229602
247,0.001921920653278688,0.001939479996091446,0.0019164924041513594,0.006754965688453896
248,0.0025003437712845427,0.0017876276207848018,0.0023669730860585328,0.009946329062490529
249,0.003999883557125274,0.0019834456040287948,0.0029848579910719502,0.007946028622463262
250,0.0019067034184006718,0.0018525438696990423,0.001266744996807588,0.005758477119601963
251,0.0022874826343825833,0.0027025973628174373,0.002642610153819655,0.007038650837411016
252,0.004387441797990771,0.002523073406951424,0.004646529033169763,0.010005253468559417
253,0.0034365570624655104,0.0015147472255756733,0.0033177457946673306,0.007119408624750857
254,0.0018215476237886405,0.0023851052643981646,0.0018044094382184887,0.007417417049504452
255,0.0015369802610720625,0.0024498210109699116,0.0032533653464750967,0.004213147220515507
256,0.0030816317452774683,0.0031292180380951507,0.0028335160435596298,0.010083556557641035
257,0.0025639890159145787,0.0035378405455887218,0.002800902642348094,0.00845197917561971
258,0.001438421667628091,0.0015284759085917314,0.0033341431547800424,0.008072976808564846
259,0.0019556220009723717,0.0013309463006672816,0.0018185004635908515,0.0064051302895314745
260,0.005117786867356364,0.006048390923947648,0.008179842867510608,0.018110539089601262
261,0.007814915181932443,0.009745510535386793,0.01451553033113857,0.031985287586722415
262,0.005320743592580111,0.0074847660082374085,0.0054840430414797164,0.014107629943717215
263,0.00256023535342773,0.00237155758922802,0.002331135529983074,0.011687682472722555
264,0.003829800126681077,0.0034445636993084183,0.0031908234585382826,0.006278919557917065
265,0.0018341365213672778,0.0023631247265606284,0.0014840661240284087,0.006711482395664313
266,0.0068534226456028425,0.005838173292237329,0.005713100028549086,0.012848062357604887
267,0.004808001895208873,0.0030881297178489975,0.00520753818482426,0.015056785362070514
268,0.003929476438647718,0.0029202683194327504,0.0037358339322190372,0.007550151456311442
269,0.005115536534968553,0.003861403898340329,0.005110778439021113,0.007990969706983925
270,0.0027714202120021412,0.003070203353483145,0.0026776690284059947,0.009885733546300924
271,0.0009699325809499744,0.0012756944292455087,0.0006764533712330527,0.0076988127933270934
272,0.00128065473034405,0.00144129974065174,0.0018878663509408926,0.004460666476081532
273,0.0030484036575973436,0.0019250511476887684,0.006243245996780865,0.009790571617745656
274,0.0029514624507866326,0.003657182661300222,0.00291332946117145,0.013955081719155462
275,0.00437264287299475,0.0027998414140674743,0.00427560864615687,0.01075300916608501
276,0.0037410828294757075,0.004348767103157168,0.004457464587064182,0.00695568041626114
277,0.0031602102666376418,0.0019179135834025108,0.0031372976126475493,0.009268589899880515
278,0.003812369771933423,0.0017532124501749397,0.002996509344235614,0.007124207866361987
279,0.00551904272770893,0.003996580219045824,0.0027061915630422935,0.012892473017050992
280,0.003755476319411655,0.0023790762245332357,0.004262628439072114,0.006893673617973247
281,0.0036358944165433876,0.0014816100770963193,0.0032374984324808442,0.004284637749775005
282,0.0069706743900328876,0.0061781839940235365,0.006350662975263638,0.018609552221617264
283,0.0014761662546183333,0.0014186304085840996,0.0015815647232655787,0.005594408348787782
284,0.0028982755394012264,0.0017889559711835002,0.003088134403221554,0.008305648525693049
285,0.0026851884055972388,0.002533933613384274,0.0027985731446879404,0.005385903289888025
286,0.0015214844910997408,0.0012830240539776594,0.0010686945707613304,0.007062770605302422
287,0.005779453539141019,0.0020112670031333314,0.005456968802663473,0.008556362720142098
288,0.00493392213437271,0.0027689921383814856,0.0032532624371427996,0.01557442813592391
289,0.003387533096381316,0.0033950349667911097,0.003717074426251368,0.009262223198251573
290,0.0019906458715822813,0.002440678912075762,0.0014720151125531403,0.010998703617882528
291,0.006537052883692115,0.0028577935154610458,0.0032115697021788594,0.012896276075471324
292,0.0024054886786440436,0.004620946291945718,0.0022872231278088188,0.0065374015598888904
293,0.005505092257893638,0.005343416600827386,0.005488522763276986,0.009730874083807798
294,0.004398685656388583,0.0024261308660409407,0.0030754790643396836,0.006476831552752599
295,0.002542993474707506,0.0013763242140129286,0.001968528158082852,0.0059839317458509535
296,0.005530589116406032,0.004130620473818307,0.002102587353424319,0.012159090398305714
297,0.005476911572629115,0.003571060721041135,0.007959186321368984,0.0180011991511892
298,0.002909020913806337,0.002353344288163354,0.0026480493983968225,0.009314002542425509
299,0.0052657065277522406,0.0026015114471975146,0.0031255282179817427,0.01243705876544644
300,0.0038439978191921026,0.001015648670281327,0.003481491423236549,0.006735752071655347
301,0.006899757426073644,0.0035996106499403347,0.0029549427350910435,0.016183609067259005
302,0.003783579850524627,0.0025130544517880083,0.003960127489709675,0.007151655868136095
303,0.002135489128549933,0.0020573011270812415,0.00313935387107208,0.0059103860976513975
304,0.00241039114760698,0.0019712663678585476,0.0022859102013395396,0.008247923234419937
305,0.003971579530720715,0.003534451579497481,0.004154851775521237,0.005727097542450575
306,0.003113995793189131,0.0016966944645036045,0.0031892001018863684,0.007204920171348454
307,0.006218241479839349,0.0026925756413246666,0.0036186118252578823,0.00865211835466163
308,0.0021926957000456466,0.0011770481509768274,0.001663941261508503,0.008811636577361455
309,0.005227739227045494,0.004414111317851563,0.006443971395655619,0.012141680498581392
310,0.0012782524827679202,0.0017505498550023678,0.001182497394522685,0.011252701523039728
311,0.002842064289618158,0.0025647812518809743,0.002849445380345646,0.008950892976095727
312,0.002894052694413264,0.0009533054911971228,0.0019396852507627357,0.007854938663245931
313,0.0017598188099467883,0.001140636851256484,0.0015102699893917609,0.010525737949862845
314,0.0020115718863019587,0.0028362482973057356,0.0030788386686084104,0.007224491290186631
315,0.001954648208960574,0.0024053608279752878,0.0019088745392695746,0.005408775064405265
316,0.0023247967314842712,0.0014155838003118775,0.0010215215340687344,0.007395931105258467
317,0.003010356596019587,0.0038075664107323475,0.0030231071368592593,0.008280400252236616
318,0.006036032975277535,0.004102098711224659,0.008038904225300137,0.008015901165660812
319,0.004476307211685539,0.004049598092073883,0.005313873860740562,0.009389756703919762
320,0.0025138720345297453,0.0038461592833728365,0.0020744553376877565,0.013244376942393993
321,0.0046475608830667085,0.004729564773230149,0.004172660950127121,0.009490309064672084
322,0.0018752972218014092,0.001613421052407052,0.0013758113667703272,0.00541366435875689
323,0.006087291696151434,0.0036728811017920455,0.007948577009078805,0.010322060143537752
324,0.0030332065150918295,0.002084785885893918,0.0023904881935954197,0.0036517084016138932
325,0.0034090064091880407,0.002224532200519686,0.003432517580575496,0.009332672231111644
326,0.005062412872186433,0.0019930216608456714,0.0022740505826917713,0.005744343221749975
327,0.0027956793933620145,0.0017990430720820872,0.0024525517568704967,0.007458062794745867
328,0.005636642622116598,0.0038413874161602156,0.008387604795297631,0.01751879825346992
329,0.001816542946588831,0.0027880494665532708,0.0015919318232038,0.011720208708439024
330,0.005975251099596539,0.005406626820648688,0.005337728938309691,0.013696089349458292
331,0.0030872865428288533,0.0029151654577485465,0.0032292078475817856,0.014716778592121792
332,0.005796682963879723,0.004291820409375322,0.004861315538043922,0.011239729357786951
333,0.0015458261453580825,0.0012671076575685595,0.0010905901448092822,0.005559901756530043
334,0.007286037368248854,0.001733162501097715,0.003412826835972375,0.012559382077847047
335,0.005560420570818419,0.0035272712766252603,0.0030387866260791056,0.007647898655079868
336,0.0019081517229995162,0.0015174122070547291,0.0017962343653155097,0.009665889978119301
337,0.001994480708701006,0.0017257169651066862,0.0018116735463198693,0.008849060668933968
338,0.003988992423605498,0.004065477800014855,0.003910480516421891,0.011309152174009511
339,0.0028164127831478637,0.0014798170835333571,0.001952206720194527,0.004881530780849665
340,0.005566251047982506,0.005167255305721481,0.0053549964386071895,0.010104111662813416
341,0.0038783523668615106,0.0031364654711596145,0.003915260250313985,0.00734368469044685
342,0.004059619428782332,0.0023074415866990304,0.001867170357068431,0.007793866559297281
343,0.00319451739620183,0.011636753741207328,0.015206552500353354,0.022680953374288867
344,0.005331827515487706,0.002664001620673315,0.006207356318312601,0.005468361890328314
345,0.06640637117256018,0.06601743231237736,0.002722426614585948,0.007852713809569216
346,0.005199276946146395,0.004079697031075283,0.00541493090214848,0.009896591590511131
347,0.003439284471477936,0.0032442600196678334,0.0034558708908721783,0.010932158761176298
348,0.0013312755439599643,0.0014572940291755847,0.001299102230714135,0.007234221468387734
349,0.004415638088631747,0.002807813817617674,0.006043764697402807,0.012365726343569505
350,0.005885326799188837,0.0052414820465791516,0.0059316559039053526,0.011407000511742805
351,0.004337821344604593,0.0015971102238727765,0.0036996746412986782,0.006949970280358327
352,0.002289392558730312,0.0014851512746420362,0.0024922406521024555,0.009713964118809608
353,0.00601406487044765,0.0021050089828015617,0.003632652452917733,0.007733847602276903
354,0.002485819101816391,0.002661743639326364,0.0025607197127295376,0.011770926792918185
355,0.0015129104349424927,0.0011509094974063681,0.0012970685281962018,0.008796696258645228
356,0.0008723392458043455,0.000729205701809476,0.000886806099919781,0.00838825357995526
357,0.005439851609754044,0.0027496489099711296,0.003863517147590949,0.009876459441383274
358,0.0012415169097469616,0.0007630371296022846,0.0011742777582968821,0.009348191432354581
359,0.06395105905720141,0.1502993460137492,0.15045748201455011,0.1528180720226969
360,0.0023392228111890423,0.0043567645871309315,0.0023100367720391914,0.009100053410586093
361,0.0027370811677488276,0.002991639507697128,0.0025829235206944468,0.008599368826153897
362,0.0015912913318058915,0.0016826555481678385,0.0015739321917830637,0.006415306182063924
363,0.008796822530963392,0.0035893422022328578,0.007345929461666592,0.00959625909478674
364,0.005942665187409332,0.007396831763586761,0.00694894065143065,0.005803285691949903
365,0.007437641421066433,0.006010882372217774,0.006140320980787504,0.010374274277938533
366,0.010607297512119541,0.006416965720236743,0.0012675076024790332,0.008430677196710742
367,0.008542781063535015,0.0032529541712119823,0.008091592535726815,0.017752000221217194
368,0.0033140986086218726,0.0022901862569444614,0.0028418686960639083,0.006441086184648829
369,0.005038369382612254,0.0015391794312837406,0.0022340175277224014,0.006119608434081809
370,0.00180574694516622,0.0014894256440581123,0.001624060138791053,0.00723526273634887
371,0.005957600637089801,0.0037128107872782447,0.005733713738332464,0.014678366267097764
372,0.006573531136245549,0.002159063886764916,0.0046157820353475675,0.01800686115858029
373,0.0033533761641219837,0.009540709594569213,0.004665060618284321,0.01461104432244726
374,0.0032093966044857473,0.0023993988694753264,0.0030707953785985963,0.0065413974910122465
375,0.008908163433554417,0.005433723392921709,0.007978595255305162,0.021413250174131343
376,0.0015714730402759788,0.0032411068421846186,0.0015503390930504358,0.008023585328148926
377,0.0018137046071687193,0.0025525299366115726,0.0016792364171138896,0.007704917749013722
378,0.0015264619434444562,0.0017467972703087717,0.0013448729380066422,0.010330615112449815
379,0.0038358784709424695,0.0031433397798154333,0.003989100002880978,0.008084522658652008
380,0.0024496554436458195,0.0013234709400474064,0.0023777017918692215,0.005311208422716856
381,0.0012341617532679672,0.0011445219218755782,0.0011515602660689716,0.006476052469474194
382,0.002006482253856011,0.0028712270714004455,0.0017016653196707651,0.007137972748185561
383,0.002056653958988487,0.0016009266607136922,0.0016965371440799688,0.010066220349082222
384,0.0028399645329866986,0.0018588409034344415,0.002609372083327229,0.008918643782794066
385,0.002692965559248216,0.0027402326172864394,0.0024639641519614034,0.006097629248348484
386,0.005277063010698259,0.0039845813460841605,0.005158828239309822,0.011606852030130533
387,0.0022818550772519897,0.0013563200755562232,0.001952614406750072,0.009544644505560532
388,0.00223859370617813,0.0013906533148555639,0.002792836208753354,0.007227340814417776
389,0.001455926005515681,0.0021480278980427012,0.001467391217165012,0.011210514126030585
390,0.003484732750105578,0.0022194161128288588,0.003419952998269493,0.009923796740191263
391,0.005497922047607326,0.0022338038873877036,0.0021705587433710183,0.00658047177338983
392,0.0022221288793239156,0.00289384285118811,0.0024197228899410362,0.006486979655359494
393,0.009111918793856618,0.004834925338853603,0.007571068802837031,0.03356679990136442
394,0.004902031017833286,0.0039893560477362285,0.005924015201140731,0.01381741328399704
395,0.0024310820598634837,0.001246624103343027,0.002578476607425458,0.006216664631732178
396,0.006630306065517644,0.005796972379902685,0.005942445210261704,0.010165002145872624
397,0.0035027197901925998,0.002208352943662383,0.003881522046177551,0.010566058555897281
398,0.001887496163834996,0.001520395704511702,0.0015750166598130565,0.005711556500510936
399,0.006565254835695788,0.0019472522779405558,0.004689403718189401,0.011633382129011513
400,0.004512074389800663,0.0016787927516510293,0.004806328175280239,0.01216570472067024
401,0.006223023506813694,0.0036147717338082374,0.003983065893393053,0.005482496838435474
402,0.0026881611172334843,0.0017994539696941476,0.0032440607323127005,0.006339301592739906
403,0.0022468131806092314,0.0013192361024532409,0.0018793175358411155,0.007328529304394389
404,0.003331818069681445,0.0026658018650171453,0.0032146847781826474,0.008379185722235085
405,0.0016489303605173678,0.0021149309571833075,0.0015955858119069417,0.0071990927249760235
406,0.0021819301897184253,0.0017072349034574464,0.0034423975834594,0.009422950645376717
407,0.006015973348140928,0.0034543901865426202,0.008053559956771844,0.007036479256463708
408,0.0021739780245420793,0.0024369039768051535,0.0028820973249123944,0.00850457238428126
409,0.0015377455570527456,0.0009878585253966744,0.0019875969729384723,0.00808171067510934
410,0.0028714212498674816,0.003813608776187569,0.002237025169772486,0.009243776322967632
411,0.0064379735609255175,0.004365122238999464,0.0039005891132502177,0.006579829236348459
412,0.0060814272458125426,0.0033188342615619276,0.0068960535470575365,0.01061717540905471
413,0.005633579699416768,0.004559851843014866,0.005149736756379175,0.01123796437239795
414,0.0025115405170184845,0.0026928655109610387,0.002580279336214276,0.00889385744019952
415,0.005176538491452332,0.0030051334611389284,0.005158315288164021,0.013087193503548342
416,0.0022827486665669967,0.001740218682968718,0.0014941673337787711,0.007531358218285695
417,0.007674591543276983,0.006841973318021803,0.007922218806347187,0.007528033737777523
418,0.006075790031579371,0.002404489523535558,0.0044810702163903746,0.007960799352444002
419,0.004466110839080411,0.0026985642214126734,0.0044109299490212965,0.00697948712119662
420,0.0013293798132565848,0.0015447133323587931,0.002086053385126704,0.005499667631494831
421,0.0025367480269488413,0.001469018057033707,0.0014166445035344393,0.009031897140984105
422,0.002938129641311793,0.0023043318944466424,0.002924458021928129,0.014017523261349031
423,0.00266989022377808,0.0017647088035822915,0.0024153922543478663,0.008044792417511566
424,0.004835110075105986,0.005366815687545565,0.007984392291202215,0.0080681321420112
425,0.006871079161784158,0.0038897672704938527,0.005638785767382998,0.010200752464909897
426,0.0058856516966125675,0.002452245498429649,0.005959024005858253,0.010405535028139736
427,0.00643101630484151,0.0035921804274093912,0.00514280356575821,0.009883381165196882
428,0.002311698350132946,0.0017501122039459834,0.00237340703644929,0.005980111103612072
429,0.0021286997559399625,0.00148535314570355,0.002096963319084805,0.005982513984709096
430,0.0026669113789965036,0.001981515848929471,0.002517234145485914,0.008210381386792392
431,0.004701271473174657,0.003091027445709998,0.004379911265980739,0.017753260395626788
432,0.005690035944964249,0.004179685722524614,0.0052713913386410235,0.02095194966691905
433,0.0027681586516005983,0.002647302773840596,0.003636339361976147,0.006899167985500094
434,0.0051689664878826775,0.002636107097945547,0.007888503433673316,0.016772455528373444
435,0.0012477229506954908,0.001752560987048658,0.0012411551146493001,0.009430098542430562
436,0.003124968997421865,0.00803512602701382,0.00931226920886779,0.010359683648426266
437,0.0019403863874847605,0.0017823752005988044,0.0012636652464014903,0.01151057182726118
438,0.006171429123543328,0.0044849084048398016,0.00823517181392615,0.008053131579154353
439,0.00633877707938452,0.0029815337039332686,0.003074928385769733,0.015487091148404493
440,0.0063610762892275605,0.004652509225743972,0.006230221357419471,0.0060061270588722
441,0.00214043419052714,0.0009200776197792853,0.0013722165061437522,0.00778066119089746
442,0.0018686515597237463,0.00101583602766966,0.0017995076921721316,0.005194515859041034
443,0.001014984736941367,0.0014551925914605766,0.003574233886840511,0.008205045890541385
444,0.0020417029004093103,0.0009937339301999447,0.0024136475852286916,0.006894472197570627
445,0.0026551689589222904,0.0023209219254327396,0.002687752354004714,0.007620051496723203
446,0.00651646129859336,0.00623687219820317,0.009194766354574533,0.0053462229488122435
447,0.0020510706785438772,0.0013179968249015124,0.001467614030315015,0.00683341102303974
448,0.00523137826990399,0.0037573812426078437,0.006277555279653744,0.007327272328069319
449,0.00184745744892059,0.001541732495386064,0.0008181288798706659,0.007376582451574052
450,0.006094926478179462,0.002474459243542238,0.0034760681237494154,0.011149352529364958
451,0.0028708100830633684,0.001973012743666476,0.003092183283310387,0.010862008205505765
452,0.005103821552677426,0.004510938016400297,0.005550237150554786,0.009258379247140411
453,0.004070667990518487,0.0027469214818388638,0.002987763469252651,0.01173191982620157
454,0.050560604518822314,0.002065412289306556,0.0026938416957764722,0.01080633472665302
455,0.004583789994415149,0.004260926931275413,0.0051541701168487525,0.005858472924646404
456,0.002927477166754013,0.0034988881714056587,0.002968772775377814,0.006790395777816722
457,0.002304888914223642,0.0017006950625325498,0.0024907745062017,0.0074451788183794365
458,0.0019655017167499764,0.0014174725435351916,0.0011194592287954385,0.007387782632880204
459,0.005663774270960513,0.005294094336241872,0.005588768759213745,0.012622770752760729
460,0.00364053755955761,0.002366980617926523,0.002461613681443486,0.010244117308812747
461,0.006265203140183706,0.005106319025699076,0.006226723510871266,0.011409345045672268
462,0.003903990362531275,0.0022763155162218453,0.002829621821314968,0.013557895839523498
463,0.0045057110594348216,0.0029219597999854785,0.003937101259373397,0.010411013082126252
464,0.001832048580266038,0.003500931470489165,0.0066769562897149816,0.0130988638342783
465,0.005272421810121903,0.004213318329732512,0.008835664212051748,0.007562063854979605
466,0.0015347329012435215,0.0009883065126399394,0.001436413102248553,0.005909611708432889
467,0.002304487303632208,0.0024006902796671102,0.0023840329274519532,0.005887054070305952
468,0.003929635716514054,0.001825459505988193,0.003940673451924689,0.005888103625993537
469,0.013160437343776614,0.0010488845387501711,0.0020704329134385063,0.0061147425281873604
470,0.002443832389101282,0.0025703637984526464,0.003425193752831456,0.007422048051130575
471,0.002476731681384127,0.0018282184864373318,0.0023728763006626258,0.005461515964085428
472,0.0051150970911004925,0.0029017172264857102,0.0029228248963479703,0.007163826248935716
473,0.0007267805925399904,0.0007222844430659799,0.0010187475322825797,0.0071644127665029195
474,0.0071967106901467395,0.002012090928678395,0.003814572575242283,0.011118600370627882
475,0.0015494052732077928,0.0012790950511280502,0.0014140062888551726,0.004203906358086965
476,0.0031120141771355837,0.0016096149554645377,0.002481791144040206,0.006870535174667
477,0.0023830997374100324,0.0030637976470109965,0.00447476092494456,0.009781206813910677
478,0.0011263814421763627,0.0013255647784949946,0.001031584681313975,0.006997162655307765
479,0.0030534288691346913,0.0017335376502266267,0.002811721671690057,0.005193021356271414
480,0.004314906484081265,0.0029547307513630955,0.003562737366470807,0.012888988240916688
481,0.003177961489551382,0.0016032113646797252,0.0028765763771035372,0.010899536603716753
482,0.002608036182904342,0.0019985442083215125,0.0026452853344588116,0.0058574426215733276
483,0.006450083756033373,0.006603588187844441,0.0070539474323845115,0.01884413702757581
484,0.0012691346189328968,0.0021891772920315383,0.0012849919362360577,0.008495641274699395
485,0.022230197535551888,0.019053664392161187,0.011138690079391337,0.025490888614714522
486,0.003789072840418319,0.003421871380359246,0.003927621290870042,0.003983369045529809
487,0.0025820910095661308,0.0024926034539125255,0.002071340449333922,0.011927267490338053
488,0.002369083238756473,0.0020226875061827737,0.001597042305345283,0.006907274313485087
489,0.0064692666457283965,0.0023001609903155916,0.004450725286383243,0.007712918577673347
490,0.005402321343949382,0.0024738256985289233,0.002632766064848232,0.009775574072641362
491,0.0031752965390504954,0.0017575029347273489,0.0032970188102801256,0.00882974876479113
492,0.0007430797293357708,0.0033832762665550044,0.0039839233801675054,0.0048550705014266836
493,0.004049920091326547,0.0036041588063683,0.004030729913098967,0.013340987920601902
494,0.004030674997929118,0.002212784641121269,0.0038661280046437927,0.010838082130847118
495,0.003951545809983236,0.0023881077138448396,0.004104553261674973,0.006270768788777955
496,0.002635179723613422,0.001555844011189681,0.0022016607567352294,0.010529225859376892
497,0.03828122772062215,0.0023250829279466414,0.0028104008815761786,0.011744143794578102
498,0.00329875731460874,0.003021205827765465,0.0039779058979653925,0.012951430375200777
499,0.00512827162392995,0.00629212571092308,0.005498524823027105,0.006536886342892303
500,0.004584530727775261,0.0012667073453988761,0.007488388282989001,0.008393088204360183
501,0.001944562916857904,0.0025899301813124215,0.0014250665746171364,0.007580614410853769
502,0.003168938775749436,0.0022384916263818704,0.0033396281056008604,0.009954235966743878
503,0.002131557585130468,0.0014508909924986777,0.0021277492238452973,0.00490935264414165
504,0.0019559329845368094,0.0015382086089595767,0.0008196374898812264,0.008996413340848473
505,0.005348122306216587,0.005027059449366418,0.005258167672089155,0.009227158048925498
506,0.0028257927887970075,0.0027697241857843613,0.002250664036963583,0.00881986780108528
507,0.0056302013252850554,0.004138768809484928,0.0058391162258176095,0.021659766143491077
508,0.005781728981807953,0.003796487245832532,0.005836719222457114,0.010297774489114701
509,0.005375959764649552,0.004565464998661027,0.01325326148558281,0.012869483378514257
510,0.006904583665223555,0.004138759582591731,0.0072877746376886765,0.008022918702857162
511,0.004623569637069863,0.0059673354792237525,0.004464537198600952,0.017063347404125663
512,0.0031063282370754433,0.0020434441392381923,0.0028280006718254752,0.011896915004992488
513,0.004193368126324369,0.003085207721909511,0.008010123605848563,0.0064055704442013625
514,0.00554474209684768,0.002616024287703115,0.004251926759261354,0.010291707149937776
515,0.004777888461041519,0.0051838322559684845,0.005105709349916718,0.007215922988331342
516,0.005636541066692659,0.0022509265152512834,0.003392497689360526,0.0063257797727737245
517,0.0027233086637492732,0.0031949999768832917,0.0024412921364940342,0.00945752337827118
518,0.09651362045841111,0.1495157883482955,0.006196932330587589,0.15250091277907507
519,0.005366705945528963,0.003373558236245417,0.005331040709892627,0.009219362808333515
520,0.002890238118529756,0.002070351858206536,0.003034868730745086,0.009564640834468868
521,0.0063753017862560905,0.003171322629570162,0.002784692746373159,0.0083185537250494
522,0.004619618548643944,0.002569216830396248,0.0027920351390822665,0.004489516771935477
523,0.0017400320749872433,0.013928339176958507,0.0014009562971958494,0.017684483541335172
524,0.003069246046823735,0.0017933776949865196,0.002281830187700565,0.005967218395054558
525,0.004130062378055908,0.002664083715165313,0.00440687096120602,0.006244725465763031
526,0.006338174637577304,0.0058722049665068,0.006036938293977961,0.01167069596620321
527,0.0014669592619649167,0.0018430246041820468,0.001709429116874348,0.008585662830722993
528,0.0046094118560399844,0.002399204061170319,0.005965929832838551,0.007302216288813665
529,0.0017425685950910035,0.0011500913806610617,0.0015417960859114466,0.007431947766916153
530,0.005687787262161424,0.0022030223100673,0.003293704165734023,0.00832222438424569
531,0.003150032951613998,0.0021266637411210872,0.00416919127565257,0.008747082040861892
532,0.0027281939529828865,0.0027179367106559098,0.0025600042902129976,0.010306295346702875
533,0.002606766064185167,0.0012974893632335693,0.001309053354733343,0.007513871090154715
534,0.00563790672787218,0.004197233821852011,0.005182826756391081,0.010584284200344603
535,0.0030105648635716476,0.0021469521429014027,0.0030248986042621835,0.009381265801401258
536,0.0022136973225412217,0.001931962506680603,0.002106492529760497,0.007491154454893045
537,0.0016217388277211127,0.0016696346086839124,0.0020310072757753162,0.005297003935750932
538,0.005788584115697151,0.00417240940362942,0.005828265614644206,0.009785723508096842
539,0.0023904267386889696,0.002157403165871308,0.002269961505170234,0.007535890266001276
540,0.0439112986044901,0.04462159310643263,0.008513174836373294,0.018107095001843015
541,0.00243194053996729,0.000739955959267893,0.001991120988524301,0.0076795832601242045
542,0.0008914529636254901,0.0015097953835457615,0.0011987384555908797,0.008083426231100956
543,0.0031213986486055842,0.001223326070341859,0.0022855730385511032,0.009537358520020505
544,0.002238381347637881,0.0010216381470378366,0.0018832407688928103,0.003950013701425988
545,0.0030726305278316094,0.003157718376577297,0.003374727638129488,0.009328619524187572
546,0.003453213848780335,0.004656421351948632,0.005162249007973738,0.004933733526918009
547,0.003958741254984177,0.00239268756812162,0.0026157267439727155,0.012341380149682361
548,0.0026651248567889957,0.001622276198346217,0.0016751192500154507,0.008653117548994787
549,0.002291358344440428,0.0038717145036361138,0.005801241105382542,0.008584191522997959
550,0.002481214360573183,0.004429228495560173,0.002650356448897449,0.009720134289195194
551,0.006055664962285207,0.005493232955073408,0.006040820021247318,0.008497060705168107
552,0.003947188623739098,0.0025322103801193345,0.0037825820941823334,0.012200566047370725
553,0.002634489349610017,0.001073594847581713,0.0031142683555640065,0.0100903315524697
554,0.0018620696362667472,0.0013215851303703641,0.0017848142692628974,0.008088669987927384
555,0.0013483909940407164,0.001795133876471693,0.0012199826818460142,0.007145249031429167
556,0.0012887039685542028,0.0023592898611031854,0.0008290061605751554,0.009196657696282215
557,0.0033834431253629837,0.006257966465150602,0.004309927899238927,0.010633332612213083
558,0.003480356076960159,0.0022014806922114327,0.0026988722859923485,0.00978137640968675
559,0.0025234443871141577,0.0018513642552067903,0.002544013486612106,0.008794247731581627
560,0.0027044123315407014,0.002595929266640187,0.0021011850950674186,0.008806089158656718
561,0.0042598627421453735,0.0029362273189275792,0.004407356110970846,0.008321168343081413
562,0.0026687082341013972,0.002918340445749883,0.002839947849515369,0.010465666633102493
563,0.005525429671639383,0.005238773634309229,0.004022004843654314,0.009014168248756475
564,0.0025554958343694547,0.002727538742084866,0.002378771059816924,0.006856178765415305
565,0.0023212597808221595,0.0018043548165742984,0.002475633125638767,0.007322298431321023
566,0.0012214804858517718,0.0010254896002037212,0.0011680973879854997,0.008075131736702667
567,0.005890151781936795,0.004082839981245151,0.008004726503576884,0.020072328573885884
568,0.001716587801668093,0.001854932726358846,0.0024627177523097433,0.009377922153540512
569,0.005309245999304813,0.001360631781448031,0.0014035173957161011,0.007327504040913087
570,0.0018348443349570271,0.0013712606809843457,0.00168674956042462,0.004455791073284769
571,0.002236761059800619,0.003640930969096887,0.006075478614732293,0.01291110306926717
572,0.006017204425982619,0.0024096995918666303,0.001758434272556037,0.007730184768964324
573,0.0035237058157077004,0.0023718222109112524,0.00233026740367853,0.011195305371316529
574,0.003532118963852492,0.0038951551612867816,0.006778605728797819,0.01265116020519807
575,0.0034548943766752513,0.0035604496496221935,0.002636446494938372,0.009556236991234892
576,0.0015683027989413089,0.0028644603234362275,0.0013631146206123169,0.015251442481548428
577,0.0057287020320466245,0.002937380866522565,0.0053236527382034375,0.01003573903294709
578,0.001501119655904053,0.0015038950613281568,0.0015777787913746585,0.0076002480469845295
579,0.0009697015802393338,0.0011285623374444724,0.0009651649610268026,0.006699226427893927
580,0.0022284903922512914,0.0012610294928866767,0.004848834485324403,0.006821837247726839
581,0.0017602219136041426,0.002054156122533322,0.0014693900608753066,0.010679544206255187
582,0.006129329183141688,0.0051566060014452365,0.00603986283951657,0.014140946801984255
583,0.0014404866632810908,0.0028118068349720017,0.0013191787559223183,0.005713646750727534
584,0.002718306863184809,0.002430613401601403,0.001655974050849895,0.006670050486350626
585,0.003029604948001079,0.0015292587053145964,0.0028470934773724126,0.01240865231596953
586,0.004792563685389099,0.0025549988290442644,0.0028953277986137993,0.009321152677540518
587,0.002956495112414262,0.002070677673870599,0.002873393692337139,0.009155477303703969
588,0.0029899712735381176,0.0018905726124694878,0.0034199274605126767,0.00807524601035121
589,0.003672378021938269,0.003361514998588977,0.0039019404757904574,0.008803436964652344
590,0.002195078973460646,0.003916878699671158,0.004861780487755758,0.007349788124640977
591,0.0572700961052142,0.0018122182384678572,0.003346742800440552,0.00492052501109511
592,0.005346434983904755,0.0020317647913890547,0.005324173326757091,0.011998250338458884
593,0.005993342508825318,0.0019759112275764337,0.006026292909502744,0.015256939675014784
594,0.0022818290224207857,0.002512854221244396,0.0021134189168696854,0.007799636424253635
595,0.012998473526973626,0.0028204187925628273,0.0069557680251342915,0.020135874106962673
596,0.005499821451245565,0.001333527471140994,0.0021847657001998135,0.005471652413851689
597,0.002002035352692933,0.0011954449051779182,0.0028491870976847813,0.008761325981156358
598,0.0053406818531825245,0.0018336512638904197,0.0058626604220818005,0.012938922993062726
599,0.0024728933134111073,0.0011988150559266982,0.0019108482598700254,0.009526136515779864
600,0.0016063033515964554,0.00147678734372972,0.0016116573966568678,0.010424198890664187
601,0.0015688874805671294,0.0015355878780709698,0.0014859551160502412,0.008287436915561476
602,0.005591557649150869,0.004334660125126796,0.005205600085883746,0.014417710296269821
603,0.004337205775648902,0.003294892141554461,0.0031466315862863662,0.01659936083023667
604,0.003672476397159491,0.002402199297521909,0.0035955601735606405,0.006990967022420174
605,0.002843686885938997,0.002077589474320389,0.0030335022914101126,0.005644901677086502
606,0.0031878784319080184,0.001655781917659083,0.0017496596649706027,0.004503207663581378
607,0.005393055345765281,0.0020063260503175653,0.002016689037021501,0.009747853453765422
608,0.003248966625387763,0.0022819287801491093,0.0036920640608405393,0.006440129056184416
609,0.004220774602896756,0.0022976595608761976,0.003968454503802283,0.010766314207992511
610,0.0016233192583315452,0.0013630737288561877,0.0014668832196276357,0.010137010779988886
611,0.0011745426716468258,0.0009845345712263854,0.0007845730748011216,0.007008285235990047
612,0.0033472540745649315,0.002319705075328114,0.0030465029503046917,0.006496247003486002
613,0.006101570770598154,0.004144312613892132,0.0059021864847652265,0.008540823874111647
614,0.0029026579981392877,0.002344847483499435,0.0028958692310358082,0.00914607534750237
615,0.0052312153985397195,0.002682331075614098,0.004140245545710587,0.010167969135848503
616,0.005398874929271934,0.005489802929460611,0.005399127593879219,0.009637089104871776
617,0.004637653325545405,0.0038810150290206915,0.004277666323992488,0.004653429083237062
618,0.0022210993669471287,0.0016822672852995345,0.0020671417751151845,0.006678128052472376
619,0.002438723265030293,0.003265566221091885,0.0024718362944991887,0.008386417453533407
620,0.003954464688666162,0.0025016501791388255,0.003114286077640402,0.008339309171878041
621,0.0036364711475557515,0.002163977171778854,0.003274835512923295,0.010941393562196809
622,0.004356451942584935,0.0032844254851613595,0.0042973201711074055,0.012731395408878405
623,0.005634171722642046,0.00565630294033614,0.005797451278792987,0.009442611744149947
624,0.003461390553303708,0.0016906982380398901,0.006021323958396641,0.006090506925302841
625,0.00196893308641948,0.0013389231239843106,0.0019172312583152537,0.007111130229463097
626,0.001956413319209834,0.0008608307404773354,0.0019511732407198068,0.005930442307820575
627,0.004419297746333872,0.002206440658517065,0.0039183354633813665,0.007007415435494971
628,0.001411089327345152,0.0009121852991881278,0.0017415452309299502,0.005614238518657414
629,0.003032926784862473,0.0026827157982828127,0.003010029560271565,0.006570825110154336
630,0.002276104328312649,0.0013839227438339756,0.0018326088757222377,0.006214458895599075
631,0.009943715022592298,0.00543954412676946,0.01533206434182393,0.014524917137765764
632,0.0029237961401628334,0.0033910607990547494,0.0021351633838169676,0.009068130082746949
633,0.0028880503619295285,0.0019351780847058357,0.0021595448755608857,0.007015156603795836
634,0.0057561976899459496,0.0022226370134569755,0.005524653732402836,0.010213528152081642
635,0.006358751029524013,0.0011148750284444352,0.0015086495743403582,0.009912246449907132
636,0.0033987196999905873,0.0024030043244780918,0.003580983938833451,0.007256855362868809
637,0.005601862352743799,0.002131620543476669,0.0027635659218768044,0.0061173946998641275
638,0.0035035870572661517,0.001773098194023159,0.002381428992545952,0.015099115457334295
639,0.0028373347433966415,0.0013852875839900814,0.0024551203489435874,0.016086028980279766
640,0.0054004980680011005,0.003260382086271997,0.004956741517614663,0.01222186127693858
641,0.0062075366760573686,0.004770648488748105,0.006507418795107722,0.016092908039258325
642,0.0010685747916118963,0.001967354997360444,0.0023257953247275416,0.009878620910063586
643,0.0038335293215230387,0.003816341211303497,0.004462779234202253,0.006142534216273251
644,0.0027193688879640385,0.0008726940115118419,0.0023846751753112154,0.006015981953984206
645,0.0022639717541474078,0.00145999445456029,0.0024113968405563607,0.006962693625880396
646,0.0037870934003949377,0.0014670504590441416,0.002015919074906948,0.008116744707192737
647,0.003912305199788344,0.002174940493704666,0.0027937299212719155,0.012486056962274105
648,0.003565076824199175,0.0035958409920725165,0.003307973028160611,0.010939271765480877
649,0.002640570687105283,0.002616698197571557,0.0028413152022332324,0.0059280385490545736
650,0.0020633941703112157,0.0009187971213462148,0.001109133907067136,0.009913051976451552
651,0.0018404488786567426,0.0012535038841319812,0.0023314409948004917,0.006370392223201272
652,0.0025876771347336197,0.004897725621837598,0.003947309166860775,0.015837381067130427
653,0.0073333671920147924,0.003095278638803708,0.0029328434747279367,0.013840202301658477
654,0.0011975909129615817,0.0017926161461614902,0.001366786035234515,0.011994541526538366
655,0.00676054596102668,0.0034697325825238413,0.004174734534910707,0.01492568794881869
656,0.0011621741238140588,0.0018639593422905484,0.0008298072618372273,0.005844240096819938
657,0.004236337707993128,0.0025113659080003127,0.004823179938488665,0.008361408207105564
658,0.0019256119807015385,0.0014884489887393507,0.0019458111424444935,0.005306748628147957
659,0.002341082089490311,0.0014074071094150075,0.0015436916071185117,0.005306972608066273
660,0.003176045541095847,0.0026039716729489883,0.0027378132944564024,0.01093210880475819
661,0.0034260192801633432,0.00614228651997312,0.01844896039091875,0.008547053212641445
662,0.005192658713748874,0.004431120074224275,0.0043881030609931185,0.00985015889424565
663,0.0018860271821070677,0.004164131724887952,0.010582740261722116,0.007098897066131651
664,0.002590010762755959,0.013020280943757259,0.0028238582371633977,0.015047300747118185
665,0.001622694889949781,0.0014834218155487945,0.0018997804070259756,0.008030639722407246
666,0.0007815660176908383,0.001264458070725798,0.0011283124826769965,0.006705343551085855
667,0.004846503492260866,0.002813853003331742,0.004162391548110493,0.012650845177808208
668,0.001990371607032366,0.0009339036212307034,0.001678663533150881,0.005499537989360575
669,0.006830626462944792,0.0027861912956637846,0.005916582436166653,0.008424391900306293
670,0.001417792917392506,0.001551520088322316,0.0015134506245286067,0.00482153571024119
671,0.005274140000769132,0.005849649783906917,0.004044115103005912,0.0105731995468955
672,0.003473740575653006,0.003045320544765537,0.004351084188139447,0.00886902226530459
673,0.006826003498896839,0.006775565993057842,0.0067712221650073285,0.014598357501488864
674,0.005205100289357111,0.005402062558208014,0.005184442294285601,0.012260140401202765
675,0.0044712938933051775,0.005078476715552158,0.004335688330241346,0.013153241512872133
676,0.0017593616369407624,0.0022830450462113737,0.0017602671055209252,0.007485887089863601
677,0.0050574095247683856,0.003294689585337415,0.005044000048148683,0.007319299525587913
678,0.002332468173076929,0.002131623320432591,0.0024545180140563357,0.012310894277464957
679,0.002324502339736126,0.0014670195306438468,0.002370075757987051,0.0042209774793540425
680,0.005128591971845837,0.005319161659417196,0.00513621604529203,0.006294657870461368
681,0.0038905317458032065,0.0026087490538192013,0.003958608164326202,0.010861552392780657
682,0.005529716558000254,0.0033393176942849755,0.0030651131854360085,0.003795065190265271
683,0.005989926374314095,0.005380593530903574,0.006144663976340507,0.011820880009820985
684,0.002527854554650486,0.0024314533923800565,0.0020688091764478654,0.008647553726346123
685,0.0028854409230857233,0.0006703831310786823,0.002952819276174402,0.007391299604924641
686,0.009347430495625133,0.004559473400288972,0.015701599099615014,0.022196226166830483
687,0.0019244542383954082,0.002316550954955109,0.0022980956183462405,0.018386068564180208
688,0.0033637102900029867,0.0028059575102888684,0.003346993817489628,0.009356944577016395
689,0.003267678813612614,0.001699134253656855,0.004065422920012661,0.007766327611632491
690,0.006113570888152535,0.002426125446298131,0.004855159486116486,0.011599641808157911
691,0.002187610343456056,0.0016581274325997697,0.0023208405679860386,0.007676224257895586
692,0.0034166017285212824,0.0020126079199059223,0.003378318757776507,0.00867553905181101
693,0.059476399653513055,0.0020550528551959396,0.05948124201415665,0.008570521145726184
694,0.0025741096154026028,0.0017752495606294634,0.0025249025432372324,0.007858203455738325
695,0.002096053697177326,0.001900490324980189,0.001861162364998828,0.005774002817681309
696,0.008701642574142852,0.003187836801660203,0.0023620323438053063,0.008966152796120003
697,0.009653371042190308,0.004353835097872675,0.009423373696342748,0.01756854240043298
698,0.003179137267665911,0.0018567868229459638,0.002668770448425427,0.009756392780911316
699,0.008117870438424208,0.003870665005988219,0.004988745229388726,0.011900213201681586
700,0.006600662855007853,0.004901919673079672,0.0072494020798879125,0.009533175148091972
701,0.0023336903117934698,0.0017507411492935754,0.002763888839830023,0.0069325346269037335
702,0.002267360356400563,0.0014773267906622552,0.0019155679091269306,0.006499118231007499
703,0.006433389314520807,0.007204588809203778,0.00618980911859645,0.009943567086939824
704,0.0024181545503876582,0.0013493979129877154,0.0027537489207225935,0.005931893876823905
705,0.001767077883487252,0.002457484732193588,0.002725706269697587,0.015758463560697118
706,0.0022926773084310037,0.0013930179871140137,0.001998225284937668,0.006155753457983599
707,0.0017525019808296472,0.001508589405379837,0.001522278091511175,0.007776402813422463
708,0.0037634039321882227,0.006478506130220142,0.0033945729360730192,0.011196046256010561
709,0.003375098178245187,0.0032205777063541103,0.0030935804353519917,0.013409346475265345
710,0.003594670506778963,0.0023385956281678543,0.003494247644421192,0.007203222329097396
711,0.0010389175559299038,0.0024282835854127767,0.0009526075538693979,0.007804215023406975
712,0.003274641209075819,0.003494123649529201,0.0033703969329873405,0.018364494192764525
713,0.005464979147272468,0.0031204249687566635,0.005354989338780567,0.012851384925485636
714,0.0029382818746911273,0.0022385615952062645,0.002719415338704294,0.005677483851073576
715,0.0054942557184609,0.0018068663097769093,0.005486355328320094,0.009524590296112174
716,0.006499199959162769,0.003935405616853518,0.012570776774879115,0.02083028739615938
717,0.0053381320443602765,0.0023044995362805393,0.0029994603501834554,0.011907341524632038
718,0.0017444831903436168,0.002063873686855116,0.0017608006145928981,0.005579385636189449
719,0.0019446776700343905,0.0018075283259023167,0.001211067042798591,0.010823802867992515
720,0.0019988854122877844,0.002320063716901667,0.0029897221854153035,0.01031415124395938
721,0.0017072514580216325,0.001356967606288582,0.0016822384265177007,0.0073787609803333725
722,0.0029103695941993407,0.0031867408128830074,0.00320356136350279,0.005538675196618862
723,0.005305035291826511,0.002395586438227011,0.0022070310148460896,0.011709728837061057
724,0.005962307030184436,0.0056135623952710744,0.005444676556539094,0.010822953353783514
725,0.0056377737697468865,0.0017300182725193507,0.0012294110858675654,0.006053694797990836
726,0.0044753302368143524,0.007416242373140046,0.004118363279432718,0.016258908026362484
727,0.0014986539504460768,0.0008793059384555882,0.0015066719319140776,0.00514831555906513
728,0.00813755469754197,0.0038417066547612798,0.041383869922953176,0.015159412397003757
729,0.0057549676380200645,0.0032030828334366555,0.005828912428834272,0.0073399039379899575
730,0.004252065571444352,0.002201298737450757,0.0038761486548214695,0.010324829265075672
731,0.0063127578003082385,0.00402319959769882,0.005652606982114103,0.008339247587945194
732,0.0033513343651717844,0.0028475849695123443,0.0036649352814710928,0.007447564573408489
733,0.001499651027160963,0.0010270409142141487,0.0013944556903013729,0.006790616817045962
734,0.0024141904301436174,0.001391816583074897,0.0021787781937697578,0.009695281284561166
735,0.0014416528090433981,0.0015767621767343058,0.0016849580734417924,0.004852390331648061
736,0.00680070121424784,0.003371341138443157,0.007783515914130586,0.00917415022355396
737,0.004595583325777986,0.0019114494846478307,0.004014395842819973,0.011797118476400015
738,0.0029914854079079924,0.0020408710608974608,0.0032735708741771317,0.008311072154036465
739,0.005410265233087263,0.0029907321035280428,0.004293641444504866,0.010165248415904979
740,0.004563796953525469,0.002317934267817425,0.004814564728094315,0.010462569825922616
741,0.003499888771340247,0.002213248700831283,0.00391389359805781,0.008017504159662254
742,0.014998963865476842,0.003175960172515011,0.013160876858396557,0.009593956494437552
743,0.0025240881768955684,0.003420919403465362,0.0017074115770654152,0.011371520310110213
744,0.00331159050963553,0.0013723684851670475,0.0024093041103207054,0.008647368676303372
745,0.003271224222567056,0.0016285390255847932,0.003231342337762101,0.006161655211011056
746,0.0047461753610533305,0.002964289721253365,0.004500687236057576,0.020515698099721095
747,0.0045172723806116135,0.0013807664105882488,0.0028368371122791743,0.011523200014119921
748,0.006295778247361275,0.005363240164943897,0.006097438883254066,0.015005840695707923
749,0.006042426944670349,0.00212402435787275,0.0017814021931902883,0.007538273361108502
750,0.002943363100409091,0.0018787242833981025,0.0025076020687096875,0.009334374941813363
751,0.0038837692858716398,0.0028250113940804346,0.0038254619930763777,0.0074845541231668795
752,0.003774911032011142,0.0022540830831172436,0.00336435602210431,0.01048207924070444
753,0.002687817677632688,0.003418451560254284,0.00250269269758832,0.00805578148451975
754,0.0015515083529810227,0.0015819455251966836,0.0006724117184638691,0.007071069981914387
755,0.0019322543319594768,0.0018185864897135755,0.0017787289732250852,0.009986742949329531
756,0.0013898873717037952,0.0015091946803466817,0.001880083680199874,0.008223453618986078
757,0.001923365943792579,0.0015727008880605975,0.0014784190328675578,0.005456384497899361
758,0.002437174779358201,0.0015966513565288806,0.001723509111804683,0.011351657225242336
759,0.003264006966070261,0.0034477002203720194,0.0036561096189305104,0.005631691074031403
760,0.0034102949325138473,0.0026578478315971723,0.002333927177318828,0.009354614490670982
761,0.00434052529533025,0.004144395011829551,0.0040295817303243366,0.011810354758216478
762,0.004533331159122702,0.0015144446355655281,0.0020098463121107236,0.007105261962303858
763,0.0065227112634152215,0.0035013441100101746,0.006693867755704108,0.01398079602952601
764,0.003686176329848898,0.0022984884517019506,0.003896831055038633,0.006315997995541081
765,0.002001689816605465,0.001604479120444291,0.003545031980006129,0.005403304441050488
766,0.06514784472629202,0.005708997807589281,0.006211554450493406,0.010777993389835759
767,0.002006041214959724,0.001414723783316747,0.0019833372078301996,0.005718445066298881
768,0.006752972505740647,0.0043359650558155724,0.009519311963729862,0.009836047724982899
769,0.0031313053895193907,0.0008838445229738801,0.0015994985736176612,0.0042112110671266
770,0.0038655803570956577,0.0028457173233524527,0.003520395977646008,0.011419722348812462
771,0.004914512903674386,0.003909308876908498,0.00558760945120284,0.005859430898880258
772,0.0030575378745080354,0.0030002334959096364,0.0026714582472868753,0.009027373177894236
773,0.0015453030860943225,0.0014078422238672623,0.0014207092127210144,0.006375387056534246
774,0.0016404517442962514,0.0012134967460650512,0.0018554716427923424,0.009263297452754511
775,0.004184068463410957,0.003136785737945883,0.004009739007759878,0.007425850719674716
776,0.002262498619289071,0.002490347176436863,0.0024332455904498046,0.007387298762709883
777,0.005064877285915469,0.0016677445110308067,0.001659851694754102,0.009752614755964374
778,0.0019060854404107281,0.003063057448684753,0.0016354149963035043,0.012783047030816647
779,0.0076083373779858255,0.0031713756853117116,0.009175132039263527,0.008179152428751483
780,0.005134852737948637,0.001428110721323623,0.0012997657151680073,0.009360783217705235
781,0.0021228629080045826,0.0020674799401312616,0.002346203642431283,0.007665302613916834
782,0.002694668714655098,0.0009856524856864072,0.004288818837540657,0.005998658811833213
783,0.005954126869370491,0.0056101689188722504,0.0074914843480390425,0.010154139489385327
784,0.0026461043182640235,0.0031375841442292498,0.002493113446625819,0.008826907845134725
785,0.00546895610430477,0.0037596294719336653,0.005504573878887934,0.007786024762555555
786,0.0018045740721723805,0.0009332366835702652,0.0015136299235021088,0.005231523610818803
787,0.0012759585590237962,0.002406315671056355,0.0012368914121315075,0.005345995392614458
788,0.0022019782699857103,0.001503900271086646,0.005506425433984892,0.006015395011862244
789,0.005515114699213774,0.005202863609341289,0.004946610145750034,0.010636893056468446
790,0.0017480510853109376,0.0018892639789500965,0.00199685425404873,0.006665210455396786
791,0.0057332194320052566,0.0035617011941049613,0.005454600268719559,0.011651355198534134
792,0.0022828242397439523,0.001324699058733277,0.001988176498597636,0.005363915304729582
793,0.003532318043430093,0.004813322414019018,0.005097038551839957,0.006160043185063045
794,0.0041871967084122375,0.0049044682691816305,0.0034505532762733595,0.016098227781831658
795,0.005073142761869953,0.003979558627445582,0.004474964467812948,0.007358071904102011
796,0.002936234237471164,0.002553457561360721,0.0017877110107748359,0.010791363812135364
797,0.002050001587269538,0.0016934637909186256,0.00200581156382284,0.005683198658034389
798,0.001957697401672019,0.0019364798831374575,0.001775642911410209,0.006422052894290919
799,0.002096916261273836,0.0019576980155266038,0.002376329043149864,0.007799444819482988
800,0.005377469837211785,0.002178366849051136,0.0058388319706019825,0.010477944090343937
801,0.005096719618731392,0.00385126537907096,0.004950222853684991,0.009033231236205145
802,0.0037027191848781663,0.0008625658363962981,0.0025171826460423513,0.006475847291438774
803,0.005189333107517069,0.006157666688928796,0.0072442984410745,0.008442163026521668
804,0.004135643016654243,0.003552453750979779,0.00400650590423857,0.021694207604852637
805,0.0019723842475155265,0.0015408232640100653,0.0016158589064061539,0.007605162741575817
806,0.0013719422398365299,0.001750073642239414,0.0015825392829889274,0.006486123540393738
807,0.004198049386417814,0.0029845745062948,0.0036532054012861867,0.0073120189013193004
808,0.0008750473418345239,0.0005418851845105482,0.0008340090172849353,0.006074786029327103
809,0.006009991245001734,0.005718979220001056,0.005818255702787914,0.008571967019844806
810,0.08367192774250805,0.0011345634596755256,0.0029903201131771524,0.015484325931257115
811,0.002722145260248678,0.0021242539289481224,0.002828387816139276,0.011314496623855422
812,0.0031165667318130822,0.0023202594774535826,0.0027793528629736003,0.008197086479333046
813,0.008203192420145227,0.005129499078953141,0.005525435947275766,0.02079984084362792
814,0.008155683961709001,0.0025676224664947906,0.0025871735325704343,0.012599711311395895
815,0.0022605865177475434,0.001918588869588919,0.002028142129404388,0.00884630747223222
816,0.002368234611040391,0.0022285968367199782,0.0021866677099083628,0.005708140856139662
817,0.005707290184282034,0.002883432286249455,0.005193207648272371,0.012302981265998937
818,0.01938730087854659,0.007160308604208312,0.019302734950012456,0.01926770427690219
819,0.011951264860519476,0.00543321056906264,0.012778554515662469,0.02003448265166534
820,0.0026079241887662233,0.000930971312945954,0.002040494142772875,0.005117380408205012
821,0.005398988684824349,0.0020087003176063496,0.0029435246028472195,0.011450785776557774
822,0.002009803516513799,0.0019830967706775827,0.0019969037475937187,0.008314294292115134
823,0.005390742975491547,0.0037050945512254654,0.0051878802637757675,0.011813829242713035
824,0.002892825210044483,0.004575041811485642,0.004835032879213058,0.011728051430245422
825,0.0048903115218013465,0.004730129744099955,0.0029295960073859864,0.010169026171362287
826,0.0037217306802335994,0.004851692704816581,0.0033521350653078273,0.009357008467386957
827,0.0013690254591986644,0.000640665730036946,0.0015031851396802467,0.005089196304456433
828,0.004692660008062753,0.003712016710394002,0.0030940601594036986,0.01399030898159158
829,0.00502498161667277,0.0027290218011304978,0.0038033284491589743,0.00962164821832148
830,0.001972255594383273,0.0016081031395619493,0.002618408232587803,0.006791232116637854
831,0.0024697135338649203,0.0018479169599960495,0.0017867425221305452,0.007897101101454628
832,0.0024397270936331937,0.0015982082691736708,0.002128903209473016,0.0035810301294677068
833,0.003382917754567092,0.0041437304281558935,0.0033546396885662205,0.010505571332969914
834,0.006985844527804724,0.0029095603731335027,0.004062328586478973,0.008361455676665207
835,0.005547283386056283,0.004297743730781238,0.006368158243250238,0.008791865047313493
836,0.0027925574421007954,0.0023472627040882635,0.0018736407443528497,0.007167055362165924
837,0.0026443179621174055,0.0018671198409331913,0.002257775607799983,0.014710843238245801
838,0.003873238945313378,0.00144202033473168,0.002053209536352212,0.0082270473956644
839,0.003537294562515379,0.0029344894356269856,0.003564975240652135,0.005935252136273806
840,0.0020907317359943646,0.0026348466668981627,0.001462113542233935,0.011104247598394979
841,0.003089470262400224,0.0031120943815903185,0.001780449679886164,0.007653796295124254
842,0.0030925392642386605,0.0012362099616583658,0.0030206025177011847,0.005958482165117853
843,0.0024970112062229267,0.0016040411755872412,0.002947150084487388,0.005665136172463886
844,0.007981424819121759,0.0026050585146967045,0.006005939231382058,0.007022425411849717
845,0.0034664261316661865,0.0022552868087427286,0.005223237680663399,0.013703863393442392
846,0.0051570533169014564,0.02663352402580621,0.016792055094941156,0.03404222722308588
847,0.0029001851247247223,0.0016240356630379009,0.0030091153322928392,0.009454634884594438
848,0.004307041090618807,0.0025593137154422533,0.00463893350114178,0.011733283868354647
849,0.0038830289407685774,0.002730833066301758,0.0029008241969642706,0.005598791869310011
850,0.001814211624666825,0.001917497727776884,0.0020774378814549933,0.012301670446761693
851,0.005806608238801627,0.0022939439996415303,0.002775627983725291,0.007577229027693463
852,0.005510827036626657,0.0022143615930324727,0.0025265917501864385,0.012208777993657102
853,0.0034448322934751523,0.003179554188101587,0.0033568876884763734,0.008463105471988624
854,0.003742114108963097,0.0020790365739341175,0.004024244449950719,0.010896247033295838
855,0.001693888528824327,0.0015384171025468207,0.001658409196437142,0.008629975849356602
856,0.00493515513824128,0.003123382180198359,0.0038866223951547884,0.010939435974741835
857,0.0011843095700848282,0.0014974217310512984,0.0013081591456905657,0.007535375009402368
858,0.00325884935832853,0.005525918330618926,0.002569195723565324,0.015774190208512368
859,0.005076379736631707,0.001872910975811533,0.006260721701960452,0.01005203281557657
860,0.004161997029437096,0.003364885133017485,0.004053498932490848,0.006341195868151547
861,0.004220951365759188,0.0035576368881486365,0.00722107718337356,0.007510464571825445
862,0.003343132725469318,0.0013049118048612108,0.002528743002095025,0.009803379517481564
863,0.0021820012187739953,0.0020172459047645857,0.002219790968023071,0.00917346868752563
864,0.002850038650162779,0.001690831553043931,0.0028611652378162287,0.005432613575796823
865,0.0075625050299491245,0.00241056663820391,0.003732471580348361,0.007136536007698863
866,0.003688891020311304,0.0031832974658819084,0.003678728177655685,0.008115337765396186
867,0.006012962371501609,0.002324406095142763,0.002824740215881112,0.004390242283028424
868,0.009048482991002714,0.0071269570649146775,0.01061704747639407,0.010897307334231119
869,0.002470594206522271,0.0025457319071648253,0.00220099833365434,0.014220343729913902
870,0.0016584444522488462,0.0015296561455912323,0.0011903327032995565,0.005868622503906524
871,0.003120526008705958,0.005337318929385011,0.0029323194294372627,0.012019236642256756
872,0.005928849438000802,0.004028399772228973,0.003825494766093939,0.010927722248101566
873,0.0017115507463547944,0.0019188698678927478,0.0018357947776552626,0.005715045480984725
874,0.0017257481176946698,0.0019025263923348867,0.0014069009356463744,0.006868694352449927
875,0.0034726768674415175,0.002400030419871392,0.0029985183507989,0.00976244589737891
876,0.00514713980771092,0.002074797227310558,0.007196038681236015,0.011423130374848668
877,0.002474377148703341,0.001815574350867099,0.0025206501669974763,0.011446919722638794
878,0.0032624972601757955,0.00599070095779387,0.0036309102101823878,0.01233213552564163
879,0.005899872472186741,0.002546944706945089,0.0027610579615491315,0.010064830347418346
880,0.006301065977976949,0.01005351278855421,0.011113949533101374,0.013383254356728696
881,0.0013474701388436758,0.001070916590439311,0.0010056965325935282,0.005565278906885244
882,0.001366850611361905,0.0012241935378826685,0.0016132471555172332,0.006085854261168514
883,0.002152391826080957,0.0018991792027341567,0.0020780154815550666,0.010661153319325706
884,0.011916397661154928,0.012180023054713935,0.011718212222021483,0.018557948659334928
885,0.004222558389885796,0.001804457380044091,0.0038106440492122417,0.014747683433507302
886,0.008198506589953827,0.0011220805149147954,0.0031545081155423134,0.00989389233021466
887,0.002205248734583092,0.0018401604466002182,0.0020213484440521783,0.008944481080884581
888,0.0038810290477193548,0.004754925077289591,0.004808302703495473,0.007288377505125861
889,0.001498627229268552,0.002847560573930441,0.0015720863550511873,0.007100216214295042
890,0.0036969855342822806,0.0020338824254241637,0.0024228201833927598,0.01129550023041535
891,0.0018335028039655932,0.001798924259647429,0.0013891111648310767,0.007810127986352115
892,0.0008968270488232129,0.001336281991396054,0.0011334370730922934,0.007514044782038698
893,0.0025803110692819145,0.004441788273182405,0.006251230560233122,0.0074891766949191025
894,0.004507713351063702,0.00348140003022895,0.005198532738542547,0.008471805124389208
895,0.0013081559072751533,0.0011437673343007077,0.0021700323792764394,0.008739905700432838
896,0.005062903041555019,0.0027988569077092994,0.002185687413617856,0.011077546510451501
897,0.005356856699364958,0.005466996092237212,0.0038941137869424724,0.008923199517958167
898,0.006148938728271468,0.005909232849903575,0.006181252248606617,0.006481862618433878
899,0.006300859623244894,0.005749410599229492,0.0061954746615079425,0.00647862627480519
900,0.0037443984438218524,0.0027072477179768567,0.0034587207905662602,0.008088581058766135
901,0.0029593928303572733,0.0038469084100227475,0.0035082697643225736,0.005866803126350798
902,0.01423000762494509,0.003722995247068069,0.004308961749893027,0.010304651692385411
903,0.0013450523527009702,0.0019431749004817289,0.0015607700253521088,0.008738534951989068
904,0.0023492049952457757,0.001110295967259661,0.0015719100197213228,0.009807489550996796
905,0.005583202640664032,0.00553430854429773,0.005626960468782211,0.012667792098787371
906,0.0021317321892901065,0.002428791061016556,0.004289840333758852,0.004310833471814857
907,0.00545957687309414,0.002698279784700291,0.0054291737048016665,0.011792444957383817
908,0.003326448452969609,0.005353019358622008,0.004022032986691754,0.012377946048789888
909,0.0025077478231711973,0.0028454218552752607,0.0027006898097365977,0.00722512251840709
910,0.001426692719474894,0.0020723581146292205,0.001518317974759138,0.009455652205496646
911,0.006334683183774392,0.001743685115288592,0.003430320162090727,0.008362938209537445
912,0.003957879168554426,0.0032183523632857967,0.0037425933356556255,0.010677623353824984
913,0.0040846451369957685,0.0022988019080260155,0.003693782766408206,0.0070453152529882145
914,0.005583778176627719,0.0010613353540272544,0.0019870036697469894,0.011326552040265472
915,0.0025935883868848197,0.0034341147019364667,0.002719520137282671,0.004696707449508921
916,0.10665486352148112,0.10425261766138486,0.1061791936678623,0.11593627445418744
917,0.0027806503080031607,0.0030176214203822614,0.0027397977518998358,0.009226272325635101
918,0.005011523817353126,0.0028592614781452696,0.004011474986185292,0.007745174521591153
919,0.0019076386660275375,0.0017290063289814336,0.0018929865753688228,0.006814344647038933
920,0.0017948816351467168,0.0024152542602886434,0.0017570308320086915,0.008302159122205638
921,0.003673288252539361,0.0020449184158018545,0.00186544076432868,0.006926914741980865
922,0.005504769130740254,0.0049955011813883725,0.005335921985530249,0.012500938248354031
923,0.002399571874290475,0.0025292500811039194,0.0016128436758888964,0.007851702177722141
924,0.001806289552273306,0.0010247024333765835,0.0014626273898093551,0.008152819213864194
925,0.007060655987454959,0.003153052278929779,0.007047335572442425,0.01514265289635806
926,0.0015777423697002392,0.0013203796761330142,0.0015315113086998696,0.010204567259934209
927,0.007148963859488025,0.0062430821045682565,0.005799255535137838,0.007963639288206738
928,0.006745475901945593,0.007750313108010868,0.009224177438213523,0.013524096630760122
929,0.002385565586240752,0.008211820404417173,0.0032316612634833647,0.012308830451323399
930,0.0032515907369472506,0.002747602697177058,0.0030996969246274895,0.010043402376065042
931,0.003315451654094251,0.0031695727765261674,0.003498160412047567,0.008554173258989191
932,0.006900113789013428,0.005668751171716761,0.0068501231581317955,0.010535708299724817
933,0.0032211864434525074,0.0015691910919547834,0.0018830820524476245,0.008518315664932852
934,0.00247519497095549,0.002412781341843815,0.0027371312599718434,0.007104539332511551
935,0.004966355678221081,0.002392522299323264,0.005296557942315681,0.007052478945850365
936,0.0035139398079886432,0.0047694896058720045,0.004477597610245063,0.0057927066966038405
937,0.002302658518347828,0.003040926229416928,0.0019323142050160925,0.007816798909917322
938,0.0043836216578433725,0.004504135350899389,0.0031027377503483173,0.009404012536780172
939,0.006248798537694849,0.002718856309917726,0.003945093507193478,0.014416095163841706
940,0.0027812812705504644,0.0033409743610741892,0.0030987242446882126,0.010484138441935882
941,0.004365717332691277,0.0043432088582746175,0.004106269368478444,0.01007854390531433
942,0.002549817901694998,0.0011684912064184399,0.001345402673473367,0.006101090222930608
943,0.0015587409585200015,0.0015776442474870398,0.001580631598320418,0.006944293163842176
944,0.002756675948163169,0.004780042280864906,0.002616019066316914,0.010790297599965722
945,0.003235818650132349,0.001645784042394194,0.0030211274505929243,0.005769790657292508
946,0.0028198308107582047,0.0014347246177980892,0.0015952238651436872,0.007805486235751349
947,0.005427887601536559,0.00527807899114656,0.005327230144999104,0.009284735445562345
948,0.00416320946394683,0.002630278472439716,0.004041194633766235,0.010529121240576866
949,0.0026283679929211233,0.002799637229573222,0.0027518233030714863,0.010340710267212951
950,0.003603455672353899,0.003828519995944073,0.004324061542428872,0.00604448483218681
951,0.003326086104337371,0.0029067280259600712,0.003424918610781483,0.008158964511683457
952,0.006076762969669361,0.0019487745747139122,0.0018397657426642937,0.011421754801990537
953,0.002777474930531836,0.0022811183625323626,0.0029799881667667426,0.005181131783186936
954,0.0018753633331743292,0.0019362568893595388,0.0026108941344062373,0.007384526209450241
955,0.0025832741723553682,0.0018812960830621639,0.002881895974692366,0.005533184904370934
956,0.006700161776445503,0.005328680714996328,0.0038715566492121102,0.016247598748525764
957,0.003885067487859836,0.0031965003459952157,0.004195470758618225,0.005618301566975456
958,0.005969679516557976,0.0030532647687705737,0.0034801761925288173,0.010638834420930067
959,0.001701957911697054,0.007071969734426997,0.0023962281486979748,0.004739690800378758
960,0.001715359869066615,0.0013516876628399085,0.0015826549558626934,0.00666412462121668
961,0.002499187029341501,0.00302333218576655,0.003646159964234401,0.005948913451693644
962,0.0019459194769290973,0.004481833958208575,0.008680812716889157,0.00859768405673246
963,0.0015540786015924772,0.0007389251581894553,0.0014578584938726132,0.006719596731249247
964,0.003081035602532166,0.002064512226607725,0.0030604148309247943,0.008546837705649273
965,0.005588352462868953,0.005270512839783086,0.005375065003194913,0.01260383597782584
966,0.002249591490371204,0.0018802965946592553,0.0018404389051172932,0.005545760110410409
967,0.0044924462263311316,0.003840272849486611,0.004939264600402971,0.012189764884149914
968,0.007394630343039609,0.00688764255965757,0.007198144289486228,0.021492938257261004
969,0.002841537968906341,0.0017134672883198899,0.002870243460705289,0.005596264460573822
970,0.005063262270155158,0.0024444336658940636,0.0030771018370725784,0.005850002538646678
971,0.0036491814170067386,0.002892200184697366,0.0019757043199491457,0.014868690414288238
972,0.003685301342695276,0.006647639969523786,0.0037343858985496156,0.016485319651454833
973,0.005185935955112891,0.0020711553455898825,0.005137323480909872,0.01118834057887917
974,0.0025188491274944704,0.0024381531502345065,0.0029631424584995584,0.007903043252378046
975,0.0035072861249714204,0.003063063377517244,0.0031754944794902917,0.008832025759432182
976,0.0053723536602336705,0.0027110048382844067,0.005110337344595153,0.011523963744939
977,0.0024049388378249627,0.0022545351098212864,0.002055759931013175,0.009919552853605653
978,0.0019212913200855053,0.000757786777541316,0.0015020108022263364,0.007185694857742777
979,0.003598157285763648,0.002112357762198501,0.004863184892441974,0.017540916782386222
980,0.003197046269538326,0.0021736563635054375,0.004416179886524488,0.00820848904056925
981,0.0034716649989754243,0.000896990621708672,0.003407777090276197,0.00843231075358346
982,0.00319239450712325,0.0015428813208697263,0.002955997834979711,0.00847029370231627
983,0.002638608170736841,0.002373649076227773,0.0023545658554336947,0.013667257344078127
984,0.0024388556512535925,0.003636311345898137,0.004853600369684332,0.011572225048125554
985,0.0018652071529848128,0.0014287695613999416,0.0018927480718400724,0.00805433380812273
986,0.006414255467469919,0.006412623314584249,0.008351884215134064,0.01242574696297664
987,0.003376742201257478,0.001187110909349697,0.0024543332112677576,0.005322303069645738
988,0.0036331671024293645,0.0010092673561939353,0.001299277459136678,0.005752009395765261
989,0.0051680353684966,0.004995011684178927,0.0033264201813677477,0.010754450443710858
990,0.0015133762233734685,0.0015845884705215703,0.0019026873752734945,0.008585614863514586
991,0.006146927634221032,0.00187366887931202,0.004054563391358939,0.013045018591785565
992,0.009291770338375098,0.005798969520239361,0.009197228844164632,0.007448398173070406
993,0.006200655516962747,0.0030280791336561195,0.005982883946349193,0.007179315559065825
994,0.00924732723886555,0.003567104686795629,0.006327195497465029,0.011179489419239007
995,0.0021246728208099445,0.002597737288493011,0.0021747893904846445,0.011505821219343864
996,0.0026414411864918628,0.0030714184127730933,0.002608229405064604,0.011439037830386373
997,0.004373229171851052,0.0037214090172842562,0.0035047329008204248,0.008642824976165713
998,0.002505306361274404,0.0020323903748557344,0.0017326080317217566,0.00929038112882728
999,0.002216687586396135,0.0019773836821563345,0.0020594110819728787,0.011598309335824949
