,t,true_cdf_0.3,Standard_beran_cdf_0.3,True_proba_cdf_0.3,NN_BCE_cdf_0.3,RandomForest_cdf_0.3,Standard_beran_mise_0.3,True_proba_mise_0.3,NN_BCE_mise_0.3,RandomForest_mise_0.3,true_cdf_0.5,Standard_beran_cdf_0.5,True_proba_cdf_0.5,NN_BCE_cdf_0.5,RandomForest_cdf_0.5,Standard_beran_mise_0.5,True_proba_mise_0.5,NN_BCE_mise_0.5,RandomForest_mise_0.5,true_cdf_0.7,Standard_beran_cdf_0.7,True_proba_cdf_0.7,NN_BCE_cdf_0.7,RandomForest_cdf_0.7,Standard_beran_mise_0.7,True_proba_mise_0.7,NN_BCE_mise_0.7,RandomForest_mise_0.7
0,4.309669360769951,8.73811386889406e-06,0.0,0.0,0.0,0.0,7.63546339857586e-11,7.63546339857586e-11,7.63546339857586e-11,7.63546339857586e-11,7.740603481652556e-07,0.0,0.0,0.0,0.0,5.991694226017166e-13,5.991694226017166e-13,5.991694226017166e-13,5.991694226017166e-13,3.801381422753404e-08,0.0,0.0,0.0,0.0,1.4450500721254684e-15,1.4450500721254684e-15,1.4450500721254684e-15,1.4450500721254684e-15
1,4.3391273425945585,1.3540467934820396e-05,6.035181710539739e-07,0.0,0.0,0.0,2.0342385328665732e-10,1.8334427189389953e-10,1.8334427189389953e-10,1.8334427189389953e-10,1.2586193822493973e-06,2.2976067098238185e-05,2.784609298883134e-05,1.3929765842863872e-05,1.0404051924253199e-05,5.2733713806268235e-08,7.747197833230218e-08,1.937035721989098e-08,1.0799824284193407e-08,6.52589745063032e-08,3.1746281204366735e-05,3.31742841526883e-05,1.6597363381366525e-05,1.2396882429898115e-05,1.0077849782989536e-07,1.1004898732353715e-07,2.7545085126218904e-08,1.536665564113657e-08
2,4.368585324419167,2.0789484027974297e-05,0.00012507418805083215,0.00012447066987977817,6.242711037053983e-05,5.4877036567367864e-05,1.5445629364269114e-06,1.5445516066713875e-06,3.875509587397838e-07,2.992993863373327e-07,2.027578974665872e-06,2.2976067098238185e-05,2.784609298883134e-05,1.3929765842863872e-05,1.0404051924253199e-05,5.270090542563489e-08,7.743168024542107e-08,1.9351461319510318e-08,1.0786350646888272e-08,1.1098817530584009e-07,3.1746281204366735e-05,3.31742841526883e-05,1.6597363381366525e-05,1.2396882429898115e-05,1.0077560242540049e-07,1.1004596131617515e-07,2.7543575217534596e-08,1.53655299017259e-08
3,4.398043306243774,3.162675306891485e-05,0.00012507418805083215,0.00012447066987977817,6.242711037053983e-05,5.4877036567367864e-05,1.5424200600384767e-06,1.5424218112605347e-06,3.8676592882224915e-07,2.9867800078196496e-07,3.2361613019458577e-06,2.2976067098238185e-05,2.784609298883134e-05,1.3929765842863872e-05,1.0404051924253199e-05,5.265173015181799e-08,7.737073331715515e-08,1.9324152445342157e-08,1.0767564003786533e-08,1.8700570336705848e-07,3.1746281204366735e-05,3.31742841526883e-05,1.6597363381366525e-05,1.2396882429898115e-05,1.0077079853051375e-07,1.1004094031478003e-07,2.7541074489219293e-08,1.5363667793768055e-08
4,4.427501288068381,4.767311380243422e-05,0.0002556784431550996,0.0002550749249840456,0.00012793995229575805,0.00011326472034592472,3.2329730853292975e-06,3.232994205091919e-06,8.089817906016899e-07,6.335344379180119e-07,5.117490768838282e-06,5.941574979934527e-05,6.428577568993843e-05,3.216514530436698e-05,2.6651954578572613e-05,1.8499308307553628e-07,2.0969376199444795e-07,5.235372309762489e-08,3.697727015939409e-08,3.121611527572215e-07,3.1746281204366735e-05,3.31742841526883e-05,1.6597363381366525e-05,1.2396882429898115e-05,1.0076291456378466e-07,1.1003269890334947e-07,2.7536982461726283e-08,1.5360627192437188e-08
5,4.456959269892989,7.120458896931852e-05,0.0002556784431550996,0.0002550749249840456,0.00012793995229575805,0.00011326472034592472,3.2237374711683468e-06,3.2237869942766786e-06,8.057579266917629e-07,6.310012337204764e-07,8.01796743218745e-06,5.941574979934527e-05,6.428577568993843e-05,3.216514530436698e-05,2.6651954578572613e-05,1.8468651417405378e-07,2.09358942300074e-07,5.220523368094236e-08,3.6860762504793e-08,5.162417307113417e-07,3.1746281204366735e-05,3.31742841526883e-05,1.6597363381366525e-05,1.2396882429898115e-05,1.0075012602589266e-07,1.1001932751012343e-07,2.7530377123642624e-08,1.535573632751418e-08
6,4.486417251717596,0.0001053818821040705,0.00032218660030210677,0.0003215830821310528,0.00016125315424367015,0.00014241420882411316,3.640611911712202e-06,3.6407026880554215e-06,9.070036183326214e-07,7.081199301454046e-07,1.2446805425000441e-05,6.607900158293489e-05,7.094902747352805e-05,3.549769175557494e-05,2.9567428635328684e-05,1.8852488391368735e-07,2.1315417492832762e-07,5.303858787979966e-08,3.7492745511246196e-08,8.458282799143508e-07,3.1746281204366735e-05,3.31742841526883e-05,1.6597363381366525e-05,1.2396882429898115e-05,1.0072964865130248e-07,1.0999790883440529e-07,2.7519885508151867e-08,1.5348013556066867e-08
7,4.5158752335422045,0.000154545301563892,0.00036019503612967684,0.00034762444349146327,0.00017557562221296786,0.00015344680330103277,3.7360958105946975e-06,3.6816274593603103e-06,9.166418903781434e-07,7.156574431424456e-07,1.9144511958984316e-05,8.865734210126374e-05,8.930860188539613e-05,4.67929036977266e-05,3.685921843641471e-05,2.3796496120125192e-07,2.4541979984612116e-07,6.510036965023535e-08,4.234609130040189e-08,1.373001301609585e-06,3.21844865103571e-05,3.31742841526883e-05,1.6816461878825794e-05,1.2396882429898115e-05,1.0071534586852665e-07,1.0996410136626214e-07,2.750775462094953e-08,1.533611265922154e-08
8,4.545333215366812,0.0002245879259284703,0.00041635729743853876,0.0004256481715727156,0.00021466271355995435,0.0001853005973692179,4.002386513571712e-06,4.233209728810623e-06,1.053824915351414e-06,8.078757603410852e-07,2.917629979435414e-05,9.106756459700271e-05,8.930860188539613e-05,4.67929036977266e-05,3.685921843641471e-05,2.371111965404615e-07,2.4411269408568766e-07,6.464628081758477e-08,4.2091307713680916e-08,2.2081287727500954e-06,3.21844865103571e-05,3.31742841526883e-05,1.6816461878825794e-05,1.2396882429898115e-05,1.0066458027097002e-07,1.0991168255430155e-07,2.748265754248758e-08,1.5318397405176966e-08
9,4.574791197191419,0.00032342016829846966,0.000511826771557189,0.0005079860849205898,0.000255866372513861,0.00022067411703920902,4.269569162125781e-06,4.451697125369809e-06,1.114486660301358e-06,8.608722207649704e-07,4.405779152143991e-05,0.00011964165505110036,0.00010238626926773465,5.333283553183965e-05,4.1889801872115886e-05,2.6917349964622987e-07,2.5418374564058354e-07,6.696632978305784e-08,4.3455847539555874e-08,3.518421285779758e-06,3.21844865103571e-05,3.31742841526883e-05,1.6816461878825794e-05,1.2396882429898115e-05,1.005877415432172e-07,1.0983224997766841e-07,2.744609202996376e-08,1.529341377637862e-08
10,4.604249179016027,0.0004615383334240252,0.000708388848559014,0.0007279635441168886,0.0003660645185290057,0.0003123317196244313,5.090230209123795e-06,5.90356022423409e-06,1.4741750978830174e-06,1.1632237280741101e-06,6.592183598516652e-05,0.00015266123663148278,0.00011755571189751568,6.0918694348716106e-05,4.486065290283503e-05,3.320450279283037e-07,2.652328382030315e-07,6.982075137864526e-08,4.4958099526079994e-08,5.5545238334178095e-06,3.21844865103571e-05,3.31742841526883e-05,1.6816461878825794e-05,1.2396882429898115e-05,1.0047515315993244e-07,1.0971563093538123e-07,2.7396085394888083e-08,1.526140457525371e-08
11,4.633707160840634,0.0006527079479613341,0.000870374186623375,0.0008407277673986835,0.00044051658177210684,0.00037091083230576084,5.539562629869438e-06,6.283707487031053e-06,1.676756202704552e-06,1.3317868094709243e-06,9.773672728264322e-05,0.00024369827903434005,0.00023860998350527907,0.00011992094865036607,9.333435463700911e-05,6.784571084593331e-07,1.0593714645163017e-06,2.638035617420995e-07,1.8214583297266156e-07,8.688148194110816e-06,3.902053587151566e-05,3.336161250186765e-05,1.6910112010233292e-05,1.246366317169123e-05,1.0358187237133761e-07,1.095526047475922e-07,2.7334573371977853e-08,1.522762697850773e-08
12,4.6631651426652425,0.0009147692188916114,0.001294193925767304,0.001254639296849499,0.0006427421591721327,0.000555122641966469,7.465345896356216e-06,1.0149392809358465e-05,2.629477340192931e-06,2.1665494063377766e-06,0.00014358746143962008,0.00044131564956048197,0.0003885356255843375,0.00019500688391120292,0.00015887644809040258,1.421663273303728e-06,2.0183202550398145e-06,4.964334137885664e-07,3.674400073514472e-07,1.3464651945263152e-05,4.884690823134807e-05,3.336161250186765e-05,1.6910112010233292e-05,1.246366317169123e-05,1.0808741195549637e-07,1.0933971394603756e-07,2.7278843878043467e-08,1.5214374443686548e-08
13,4.69262312448985,0.0012705665913486707,0.001820201449880704,0.0019518286800844875,0.0009874004162860406,0.0008462944515653504,1.0506591385107562e-05,1.6471059197155792e-05,4.124808474434037e-06,3.2421345387174564e-06,0.00020903269978946395,0.00048477564837392297,0.00041716180309346764,0.0002049063656510264,0.00016739795094845245,1.4862975698530863e-06,2.0211171660524693e-06,4.96575949945312e-07,3.7086284817051756e-07,2.0675547645288914e-05,4.884690823134807e-05,3.336161250186765e-05,1.6910112010233292e-05,1.246366317169123e-05,1.0762913345287221e-07,1.0910476114819207e-07,2.7281151188505908e-08,1.528080751176944e-08
14,4.722081106314457,0.0017489967477585687,0.0024506590613925694,0.0026314988631259985,0.001321543872242058,0.0011259760926875118,1.7974968885635104e-05,2.4691582531714013e-05,6.233204465054512e-06,4.949795777833919e-06,0.0003015505907966183,0.0006281517545365412,0.0005571594498145472,0.0002721104247161232,0.00022435942887904403,1.7192569214835405e-06,2.372337525871603e-06,5.768578355794014e-07,4.2827434831990233e-07,3.145717229423811e-05,6.069399278142984e-05,3.33962831222967e-05,1.6927444817557146e-05,1.2477158146536605e-05,1.1791714103041598e-07,1.0894668968300049e-07,2.7477853850235647e-08,1.5573475278773094e-08
15,4.751539088139065,0.002386159343950488,0.0028885100386634166,0.0030552268166353803,0.0015380417121814904,0.0013132480278291714,1.8866949972416427e-05,2.5668234748013836e-05,7.083736143403724e-06,5.959369811453445e-06,0.00043108624016313234,0.0008637767146562548,0.0007779492302397306,0.0003821796535934208,0.0003139670070988276,2.163332684591667e-06,3.2209910976495997e-06,7.729657944617393e-07,5.785140943255633e-07,4.742313489185448e-05,0.00012454172852914612,8.448118462934584e-05,4.424338408712036e-05,3.4323265563331874e-05,3.356632992423258e-07,3.093534529574474e-07,7.714551628635999e-08,5.0822927945474347e-08
16,4.780997069963672,0.003226582322270406,0.0036177903017342227,0.0038196530178997955,0.0019180501439492249,0.001643615158703331,2.622314613146045e-05,3.460433313994657e-05,1.0377138821400104e-05,9.116052796193997e-06,0.0006107120759252435,0.0011671519715013333,0.0011133110795307278,0.0005577665886807437,0.0004616531169593896,4.271618274475768e-06,7.619898308994537e-06,1.8795243108421355e-06,1.439405892084591e-06,7.08396311309235e-05,0.00020931173016208615,0.0001508638268227147,7.135401212469251e-05,5.574439053405378e-05,5.3198585860831e-07,4.733345162367126e-07,1.1376972833607608e-07,7.282329509636012e-08
17,4.81045505178828,0.0043244790279716745,0.00447985412588156,0.004644062251996245,0.002334773955869691,0.0020027981321608344,3.517568941880737e-05,4.440099185073148e-05,1.5175512307863534e-05,1.4110349595677204e-05,0.0008574092706640351,0.0014046237075838396,0.0013005136897688506,0.0006508401309895528,0.0005355944116916467,4.5960302870628405e-06,7.801733485728537e-06,1.9780213034513286e-06,1.5605585767315563e-06,0.00010485417299759022,0.0003025263506555176,0.00023235170145648242,0.00011214065175953913,8.766106663726791e-05,8.044054239426172e-07,8.02627673538499e-07,1.942075956066866e-07,1.2257866199905963e-07
18,4.839913033612888,0.005744978136825483,0.006348417138587271,0.0065777007918717675,0.0032773210982891808,0.0028092899651544225,4.372702330956888e-05,5.741393499857989e-05,1.9819897268775272e-05,1.910289390106784e-05,0.0011929734040096764,0.0020343352665899406,0.0018956205517195646,0.0009480925497326021,0.0007827529837325142,5.941649858368147e-06,9.636157977764939e-06,2.3533274804884214e-06,1.897939261371114e-06,0.00015378958481046038,0.0004561778308748465,0.0003707571404627574,0.00019404341534399962,0.00015355888335677803,1.5702920946212042e-06,1.571143794497328e-06,4.16881820483614e-07,2.63304013183846e-07
19,4.869371015437495,0.00756525047712363,0.007664607967903937,0.007964748576470632,0.0039747941617246495,0.003386807728932406,4.923662073359695e-05,6.50304864798991e-05,2.8798106592006852e-05,2.9743037758704918e-05,0.0016450403726086115,0.002545551913869586,0.0023638041918797926,0.0011763510887476858,0.0009592562424054585,6.311636013053019e-06,1.03006487174481e-05,2.656203894846718e-06,2.3074485784957035e-06,0.00022351607082512852,0.0005434138605718064,0.0004054552790827426,0.0002184133228637297,0.00016450731058007095,1.7786697917225898e-06,1.5941505839889704e-06,4.3753909449761394e-07,2.7196731081834866e-07
20,4.898828997262102,0.009875440455604009,0.009833865402079634,0.010383503104296981,0.005217219327180976,0.0044396394709851185,5.775493164386317e-05,7.716758683842997e-05,4.102167689246466e-05,4.410428229943409e-05,0.002248218983092118,0.0036026616551585776,0.003482095947336048,0.0017272705942021794,0.0014215522042089557,9.599626928633111e-06,1.5047338541723824e-05,3.690662707190099e-06,3.230402738241924e-06,0.00032191451257840796,0.001084093337112404,0.0009424593394835334,0.0004855751493848337,0.0003628813237118722,5.752975017909145e-06,6.610959420512248e-06,1.620728194371706e-06,9.031559594256442e-07
21,4.92828697908671,0.0127792955678215,0.01222485925784044,0.012859926404640567,0.006465308942035235,0.005527786214319295,7.38326380404801e-05,9.95929560574931e-05,6.539806027604213e-05,7.235984721333053e-05,0.0030453046640464164,0.004645708446875368,0.004499269612262356,0.002241311874540055,0.0018461760005364892,1.1329919614172699e-05,1.7360889926087937e-05,4.491402904828618e-06,4.321513273069545e-06,0.00045944360442448217,0.0013711336216840552,0.0011960132579691475,0.0006058602298758942,0.00046939030078076204,6.779664905650519e-06,7.716753136204382e-06,1.8479085595241314e-06,1.1367024900858514e-06
22,4.9577449609113176,0.016394377247673588,0.01598285658047206,0.01719246255596344,0.008636639071412815,0.007405532467536356,8.608777139590808e-05,0.00012434465401688985,9.018203931098417e-05,0.00010426828348777785,0.004088534504620858,0.005777280331306991,0.005491140658555239,0.002750304421987031,0.0022612205007592756,1.7075970937112362e-05,2.9476954077105013e-05,8.738664677479548e-06,8.651324060321638e-06,0.0006498216405779151,0.0018145214928810783,0.001560040456134858,0.0007824196793294513,0.0006166152868542551,9.122455024125675e-06,9.916591686955924e-06,2.3150877221092594e-06,1.4810318970292735e-06
23,4.987202942735926,0.020851732088327347,0.01965914869161595,0.021065305970069885,0.010612396931805318,0.009092749017793675,0.0001023724581748055,0.00014655402909803794,0.00014219606683640073,0.0001670397625343512,0.005440827861189262,0.007277356096713419,0.00695339638210283,0.003510206853630814,0.002872551022418138,2.0413172641777474e-05,3.443618869311676e-05,1.1855465592391082e-05,1.2575843770645924e-05,0.0009108303648855754,0.0023725106087079816,0.002054980403030985,0.0010416252535702165,0.000816270683294823,1.2288560688361262e-05,1.4065797548072298e-05,3.249608366197905e-06,2.0221744385422672e-06
24,5.016660924560533,0.02629490621408773,0.024714212762052858,0.026750145242126586,0.022486530704182578,0.01901030980247896,0.00012564735508090093,0.00016046304948135717,9.976187213982544e-05,0.00011908556213392077,0.007176939898533035,0.009439243115321275,0.008906094661561208,0.012838716808238162,0.010395157362178357,2.9120789734197456e-05,3.90325720940633e-05,6.207986008420489e-05,3.1517000026220464e-05,0.0012652429381534288,0.003034911987458596,0.002563228859902741,0.009688518953282717,0.0072702083676506645,1.5855675346916773e-05,1.6138627148332137e-05,0.00010637867527487675,5.651740425133527e-05
25,5.04611890638514,0.0328781990133129,0.030568796658619467,0.03256239607693186,0.03924318622332224,0.03294731406953979,0.0001544502564116265,0.00015489361287877821,0.00015896672316563992,9.6864543979752e-05,0.009384438836708685,0.012119573266869995,0.011401432212414842,0.02842423399147944,0.02275218727644837,3.995136739588267e-05,3.972730458549224e-05,0.00042208462883310726,0.00021901487131135465,0.0017418704790123556,0.003934438545189264,0.0034006670942447735,0.02434896343056811,0.01828217663011795,1.9568590870039823e-05,1.7560572505935137e-05,0.0005841919853003606,0.00031491363541650695
26,5.075576888209748,0.0407640767702472,0.03677073683414057,0.039021541039362576,0.05543946883063235,0.046319525285110054,0.00019096282974201967,0.00015273499680585058,0.0003637361283689982,0.00014790192640484466,0.012164402891413705,0.01503952062287452,0.014524480158549237,0.04354275910611337,0.034748115478484574,4.523496284783107e-05,4.3855898917600586e-05,0.0010904710036716907,0.0005808563778189745,0.0023767116197812048,0.004681022952057892,0.004392660089121474,0.038158832948887424,0.02880882589298567,2.228385501079606e-05,1.936042399008617e-05,0.0013894984986189854,0.0007629757092855431
27,5.1050348700343555,0.050119702423301105,0.043694760487289715,0.04734346879556051,0.07306293036089077,0.061165163527939076,0.0002654224667522892,0.0001741971557876472,0.0007577614834113368,0.00031793564525246646,0.01563172173941542,0.01847444202351484,0.01823114391188657,0.05863074898060131,0.046820991512501485,5.484075642081119e-05,4.877502612539884e-05,0.001984951724077558,0.001061773902788948,0.0032141770933574966,0.005683095936265239,0.005662972558305397,0.0528542062942401,0.040010990067269325,2.6319956955320274e-05,2.1833989930084004e-05,0.0026332871558130853,0.0014589293596460398
28,5.134492851858964,0.061112584222283446,0.051862573079474485,0.056947202370068645,0.09048685199440594,0.07593435894024476,0.00042498402003679844,0.00022221368731231597,0.0011673359253241082,0.0004797061167767995,0.01991488179630851,0.022487775573986925,0.022970640564753987,0.07552829361421912,0.06025046796272223,7.27597802543634e-05,5.428588252244799e-05,0.003264156443990149,0.001735753269033997,0.004308346778534816,0.007382505553803265,0.007594112047438039,0.06896442960352013,0.0522231999163995,4.0779181118523334e-05,2.8244244689348504e-05,0.004418797549008452,0.002436872971675407
29,5.163950833683571,0.0739054018197369,0.062046377060925924,0.06800138200444912,0.10913427533715415,0.09165497508177362,0.0005292301678688827,0.00028456435901966486,0.001643558798342398,0.0006555148237920845,0.025155116650410397,0.028150587365983738,0.028988976453605663,0.09209370368405141,0.07371601052170965,0.00010581411425002253,7.530596763573525e-05,0.0047152811894004484,0.0025109889251292068,0.005724200428632655,0.009469271595991592,0.009559797685610057,0.08213726908109473,0.06234314329891515,5.881989249340329e-05,3.4370750266069653e-05,0.006088899106356207,0.0033541231484064725
30,5.193408815508178,0.0886501304790911,0.07384957060263446,0.08142621603452088,0.12820511545527025,0.10785683522862712,0.0007221158811718723,0.00031032554973570473,0.0019659638146095324,0.0007205888715877587,0.03150481543527652,0.034640332294784706,0.03599483435119445,0.10899947750947588,0.08734097637025764,0.0001235831973187583,8.841825660800303e-05,0.006283453929281877,0.0033040547895078444,0.00753874638543649,0.012002549368604098,0.012493514711671745,0.09799528841467701,0.07462609133055832,7.26538998084562e-05,4.502633899032332e-05,0.008468789956903951,0.004676205591647503
31,5.222866797332786,0.10548164864631854,0.088966053536236,0.09681588877720669,0.14827949895294482,0.1250154842631285,0.000870804211505342,0.00037401884638013785,0.002275753040683512,0.0007616756893035178,0.039125104074743955,0.04226931541421381,0.04443864721566314,0.1262585471440383,0.10132895197649264,0.00016516487664372723,9.793400608652466e-05,0.007885885397639361,0.004062266365492067,0.00984195619014496,0.015485177356290371,0.015525894426145753,0.1112117928353446,0.08495030548863822,9.518263741493118e-05,5.722588786915564e-05,0.01059029104618303,0.005844333378315586
32,5.2523247791573935,0.12451107620801266,0.10584484111635206,0.11470854270412875,0.16978861437612858,0.1433775521297228,0.0010455127100894284,0.0005233167111043705,0.00257382900710963,0.0008205855344653457,0.04818254782728479,0.051573172273829765,0.053997977105321227,0.14383306394884224,0.11555082269852092,0.00016709860796509831,0.0001328958236507584,0.009481841295022409,0.00476569995489684,0.012737398734813485,0.02051302265588216,0.019709132404098016,0.12705970450394846,0.09704458077248662,0.0001557066520410645,7.74878797659173e-05,0.013433776090091509,0.0073288094116175425
33,5.281782760982001,0.14581914484879493,0.12247699540053804,0.13297677512484582,0.1900959593829572,0.16074658169483808,0.0013823712452016915,0.0006401676843459521,0.002579588912690585,0.0007649448039275227,0.05884496808745966,0.0614754508395041,0.06454442718618075,0.1605636278185713,0.129002851698531,0.00020171424049664829,0.00015366206827857918,0.010730548958973215,0.00518904073561046,0.01634245730746153,0.025381486950067922,0.02407099270382808,0.14086903221964234,0.10783324311845842,0.00020594303339369698,9.218273910761278e-05,0.01591263211871459,0.008618816014120364
34,5.311240742806609,0.1694499423976661,0.14569181520426083,0.1557604683239506,0.2131725436155225,0.18064477887996888,0.0015354372071318422,0.0007365449004938379,0.0025723589925511913,0.0007405586428872285,0.0712764205615475,0.07564503449905752,0.0778234128583521,0.1791684390161051,0.1444908930297318,0.0002496111598733433,0.00018812742007418278,0.012061436451367364,0.005662039837445709,0.02078800857091053,0.03150155029155809,0.02998513316711599,0.15589333669602634,0.11964615009838109,0.0002746415320641365,0.0001331933246704155,0.0187724081386194,0.010107167079401186
35,5.340698724631216,0.195405394713763,0.16738258155929664,0.17961980438516914,0.2357937931262529,0.20057790381594942,0.0018478355264749263,0.000902495527506598,0.002328685253717008,0.0006969224063659307,0.08563144312051041,0.09070396752326981,0.0922735293664011,0.19742349100604348,0.15987556636910472,0.00033374201027179876,0.00022483579833436338,0.012979123645729151,0.00585783427130063,0.02621744614771483,0.03848095171434851,0.03653552615159888,0.17027220308854032,0.13128353451981808,0.0003302302165657707,0.00015938651959017963,0.02129654771908933,0.011387232567053896
36,5.370156706455823,0.22364084731508976,0.19237197283232724,0.2048248209094128,0.25796142316150233,0.22095623085605545,0.0022840835204232597,0.00128017943091236,0.002036846043344565,0.0008780120788526045,0.10204874608697612,0.10687628234411738,0.10781255037726836,0.21572108211212473,0.17571702973957082,0.0003898926004754982,0.00027073155221187027,0.013446539814301326,0.0058258607666146255,0.03278494477955409,0.04738826668771774,0.04478445072763777,0.1863017782882844,0.1443999063540825,0.00046868208413895453,0.00021943150941246728,0.024133081239105295,0.012819869787666355
37,5.3996146882804315,0.254062081971124,0.21957427809635657,0.23308042397860723,0.28243837468640687,0.2442462618091192,0.0028429279674708637,0.0015325026439917313,0.0017979089931430858,0.001156721050754159,0.12064458068873118,0.12452190221553003,0.12524208277086246,0.23422682598725586,0.1925011505551771,0.0004354926905760903,0.0002782074311868703,0.013407065769397519,0.005545233035715078,0.04065288521120971,0.05662128169020961,0.053943568091262654,0.20155934564876998,0.1575527957990252,0.0006496293340464019,0.0002918701325317251,0.02650224350959529,0.014075637431302787
38,5.429072670105039,0.2865240502469294,0.24963209530878236,0.2625219679250517,0.3063858229188018,0.2676796301483671,0.0032490701979260433,0.0020329780895293817,0.0015235023916779689,0.0015798629151219283,0.14150607749318705,0.1458498657614602,0.1459160823655709,0.25423891711568314,0.21153903766631502,0.0005545780866620091,0.0003529893781512193,0.013264483959218486,0.005349066055183465,0.04998839549265198,0.07088925241828264,0.06558144145900073,0.21764882516017894,0.1721202849029048,0.0010026335048654563,0.000394177070733966,0.02878197161251586,0.015403500025835556
39,5.458530651929646,0.320831528179536,0.27946890025353033,0.29467849209685715,0.33171300093972744,0.2939208525163977,0.00380986685681452,0.0023225774090339497,0.0013575160589187755,0.0020745070639310126,0.16468489018211446,0.16773121762019205,0.16818087012130134,0.2747034199178344,0.23201339352651854,0.0006772614363829675,0.0003912328074600067,0.0127110538161768,0.005059194665998701,0.060959010805027546,0.0860765375265473,0.07910877504597301,0.23501160523112244,0.18844735103815538,0.0012945019584271297,0.000516325224686287,0.03101444018700637,0.01679850963748339
40,5.487988633754254,0.3567417979130306,0.311414085564357,0.32633736593280516,0.3558620041965359,0.32035549700002536,0.004289112256133395,0.002791569025015216,0.001332978386113518,0.0027597175841853412,0.1901915057030404,0.19179717172599958,0.19134451539624364,0.2949335960017211,0.25335778498117895,0.0007087620491614089,0.00038535807006257345,0.011541073711180239,0.0044965075261155976,0.0737275095751096,0.10145303667620392,0.09458525793507469,0.25332115885989814,0.2070453359202202,0.0015103888233478043,0.000676032682488363,0.03301097801589807,0.018373577910602443
41,5.517446615578862,0.3939693493991344,0.3457150509420813,0.36045014148366433,0.38142423363854855,0.34972935844021075,0.0047631829590456184,0.003058168019324171,0.0015032553932527695,0.003472768486077231,0.21799058520997,0.2180831641920323,0.21810860122091622,0.31705276197249366,0.27743112240698464,0.0007527094004442692,0.0005187166218782917,0.01044095685154849,0.004160164181247068,0.0884460457306861,0.11983470694240386,0.11148771486234203,0.2711401367106417,0.22599346815338553,0.0019012254348880011,0.0008005815787347481,0.03416521932807294,0.019583599593674738
42,5.546904597403469,0.43219247608051214,0.38070431028425733,0.39417720699679426,0.4059937894705427,0.3788144749349386,0.004977115652210717,0.0034461153555462513,0.002065347624910156,0.004352532624609865,0.24799767831088348,0.24690985968540674,0.24593578883043526,0.3390229367319792,0.3025420721867111,0.000846817154941076,0.0006255895908138785,0.008971824488989583,0.003664235982034142,0.10524976151168641,0.1383237315304979,0.1307061582176093,0.28992660209326093,0.2465472978526845,0.0022393319684464734,0.000987587595287258,0.034919927538970955,0.020665922814355874
43,5.576362579228077,0.47106152176511856,0.4146994863142223,0.43161813083582934,0.432960007617994,0.41095682719341603,0.005462715726762309,0.0034400816956458528,0.002724351007698417,0.004998626574486295,0.2800776049395203,0.2755917955928008,0.2746988917565432,0.3605994830348091,0.3276118333354138,0.0008914794119221355,0.0007395260968093756,0.007184065960648685,0.002980665043293496,0.1242501273946181,0.1582856166824398,0.1491012622545586,0.3068024656296407,0.2653611367202102,0.002252621294636281,0.001009731071878187,0.034200831751215695,0.020702894956153198
44,5.605820561052685,0.5102084308647019,0.4523647348789163,0.4689147185694662,0.45993467727278314,0.4432260431246898,0.005789905885795872,0.003544182600953647,0.003788495803890509,0.0059272722386368585,0.3140447258849538,0.3088126242024658,0.307500369075483,0.3847388566613242,0.35611574856912953,0.0009765473714550576,0.0008457391566823567,0.0056884904979805926,0.002500450315056541,0.14552830991759225,0.18377691269814608,0.17574846301741442,0.3291142751764102,0.2907909260585563,0.002699415830601588,0.0014760922453980908,0.0346281431105198,0.021977759633820315
45,5.635278542877292,0.549257169365326,0.4884682463417858,0.5048557435640063,0.4856750684834021,0.47409978816828885,0.005974479595914494,0.004053012600268965,0.005405512377761427,0.007227961849610305,0.3496652282221274,0.341491892338167,0.34152287806551007,0.40850391028968475,0.38399739515471076,0.000986159560576568,0.000992647542683441,0.004199520076207604,0.0019994799714514034,0.16912890888109755,0.20711261642915402,0.1997220869176293,0.3488713766024976,0.3129111881381079,0.0028812057751724045,0.0015616735320264947,0.0332444737850772,0.021559829554814967
46,5.664736524701899,0.5878345263931561,0.5272204623854724,0.5438191892523547,0.5138653076177753,0.5076914113348061,0.006060180766750476,0.0040497305472308185,0.006883883602351204,0.008127017285023389,0.38666144138086916,0.3756905831615963,0.3760645576390228,0.43248679749458496,0.41215293432886746,0.0011416160775197142,0.00127212964638828,0.0029688334404205817,0.0016295306002993262,0.195054427333889,0.23556445216813515,0.2265465321639671,0.3691853442155189,0.33602225213752185,0.003501089535375201,0.0018649862667615472,0.03137421074802543,0.020925897684022893
47,5.694194506526507,0.6255807809019177,0.5646979168649277,0.583256032989447,0.5425912995841593,0.541470161974937,0.00601325703259414,0.00367558092656247,0.008177816804389388,0.008634660404903873,0.42471808097861347,0.4104938814026674,0.41209918379022736,0.4571413939528054,0.441158060824214,0.0013465759438357323,0.0015111622212655392,0.0019831223973110984,0.0013375491712799932,0.22326083672520497,0.2653227577109334,0.25643761768890116,0.3913616026610526,0.3613996914508511,0.003915753931827024,0.0021879510883627256,0.029343997193500063,0.02022559583867469
48,5.723652488351115,0.6621597270012174,0.5992486651526284,0.6190486562846558,0.5689519418918608,0.5725808307810415,0.006536927152691819,0.004054949987026653,0.010231772036789788,0.009880311718271783,0.4634901996288677,0.446258614076912,0.4499071412291598,0.48265656368570936,0.47105892531929,0.0016138925070842166,0.0017605264028636646,0.0013574086922635443,0.0012389072064295976,0.2536545729626684,0.29775882207286397,0.2894407380587435,0.41380223453154485,0.3874416498861533,0.004237370708631596,0.002826673545674187,0.026825631466951536,0.019170390627009558
49,5.753110470175722,0.6972675939987937,0.6405668464980397,0.6590604349805551,0.5991284171596142,0.6075541542869367,0.005404682053454965,0.0036762176550413405,0.011213683169549687,0.009924043038719452,0.5026125159373801,0.4860170820853954,0.48788661218168655,0.5086676609317966,0.5013264798783955,0.0017655587010346745,0.0018583534743348373,0.0010214405309862033,0.0011793785613945736,0.2860912462163935,0.3326135407423324,0.3240626181195641,0.4368970267378245,0.4139732613571524,0.0048233175165319254,0.0031889956638464865,0.024088103953062177,0.01780069545928389
50,5.78256845200033,0.7306404697261475,0.6739295439894717,0.6928737217908914,0.625173874475474,0.6374996802471763,0.005074161276487827,0.0034431687432295243,0.012638381555878571,0.010459272173705231,0.5417097035594014,0.5233011659988555,0.5254998840783871,0.5340616521449192,0.530686529418509,0.0019658396332166424,0.0019090354474787905,0.0009890551436627444,0.0012448584137773238,0.3203762698005027,0.3692407612988125,0.359202578698117,0.46009098499619716,0.440374977952563,0.005371507141573555,0.0036023097500361713,0.021077374080468086,0.016113076778110844
51,5.812026433824937,0.7620599320621391,0.7070085018392621,0.7257700283272365,0.6510932493058229,0.6667602413096987,0.004770077536181874,0.002933643658375514,0.013630827326165973,0.010654876850751987,0.5804071589347829,0.5596079179728334,0.5634099614538102,0.5597569016962312,0.5600800735131595,0.0022138439790381696,0.002125978895783415,0.0014525316171508248,0.001671012303193439,0.35626751533992146,0.40329777331967503,0.39367189004131853,0.48261292957660146,0.46597281495937354,0.005136134586842417,0.003461741254483578,0.017367018420782775,0.013594732031197383
52,5.8414844156495445,0.7913567058178372,0.7369171922546691,0.7541234552072353,0.6744372206390978,0.6925553392484665,0.0046185628319684886,0.0029395886441852858,0.015032119928165399,0.011400467466432413,0.6183417344843493,0.5947428951795135,0.5994708515789252,0.584355020293449,0.5881330991198941,0.002516238942132868,0.002513226770298499,0.00236040221163166,0.0024409691507203514,0.3934799888493328,0.43992221738631243,0.4306333880867982,0.5064211602424019,0.4927880517272103,0.0050916431731932036,0.0035547692506220263,0.01420094168935288,0.011533006570142642
53,5.870942397474153,0.8184122812997847,0.7678112256508786,0.7840425035966386,0.6996131469177714,0.7205865743048285,0.004162343685660732,0.002530858402918954,0.015349547531446333,0.011053570787699873,0.6551719263542186,0.630612968225067,0.636158591159821,0.6094628349750697,0.6166200425221401,0.0026236424613441884,0.002587960702336792,0.003401824890045261,0.0031049801271894844,0.43169240318965957,0.474496546643993,0.46491895587446125,0.5285443415226738,0.5174344947632815,0.004638790774877278,0.003273588391541613,0.010791185775066546,0.009008943780203907
54,5.90040037929876,0.8431585477535894,0.7950794238991137,0.8095586025856683,0.7222928337265,0.745045338992051,0.0036216383180100874,0.002276168218576871,0.01571350667387436,0.010874915927249937,0.6905870420377651,0.6661596832924723,0.6710932135620225,0.6343941597148316,0.6442260189692296,0.0027084404769922247,0.0027349346812871704,0.004667952323028694,0.003920863429898924,0.47055540556721565,0.5113452731644486,0.5007018200186283,0.5519254248062297,0.543540042710764,0.00468180499476048,0.003301367765387009,0.008295117272457752,0.0072302686094798145
55,5.929858361123367,0.8655756010113563,0.8204643688317197,0.8336724639577797,0.7443464323070131,0.7684167904177541,0.003267859305130048,0.0022220828368616397,0.015915100244132646,0.010825770153719003,0.7243149403012157,0.6999478511764265,0.7048718125479619,0.6590416402312604,0.6713794841009739,0.0023862147868620215,0.002642607101347158,0.005749492191568251,0.0045034936652987275,0.5097011134972369,0.5497385163572308,0.5385132747989797,0.5756099332978237,0.5700320059787937,0.0047748299207377495,0.0033518349572655647,0.006008820342931258,0.005566032620134997
56,5.959316342947975,0.8856879729528684,0.8413380724138771,0.8517325929239342,0.7617857629241047,0.7867811969812837,0.003131914449334369,0.0023007480980633908,0.016678299626870154,0.01121889516371765,0.7561280281327101,0.7294849596406309,0.7352688905240308,0.6817203674077947,0.6960862733865634,0.002452164292833689,0.0026231050737247088,0.007107721548627146,0.0053510852552598335,0.5487535275368733,0.5846031202636967,0.5744621390204891,0.5982621336204634,0.5949246795674463,0.00463362628166584,0.0034823711126178935,0.004198439071224854,0.004184576635088207
57,5.988774324772583,0.9035595957436275,0.8629799599985668,0.8726017384548459,0.7829538278815855,0.8087579870800654,0.0029520937132470333,0.0022676762831881957,0.016123507022013844,0.010675341759549525,0.7858473092818522,0.7596420049728664,0.7642741002968191,0.7039509043692012,0.7200422127490752,0.0023614290202225506,0.0025982489255824202,0.00837127957832311,0.00611338713020229,0.587339331197941,0.6202624526496725,0.6104158817450361,0.6212516277810449,0.6201586836940398,0.004268116700625485,0.0032011910751748203,0.0027755553815513524,0.003005844423011601
58,6.0182323065971906,0.9192878534231144,0.8805263390608766,0.8898244356294792,0.801876139261668,0.8279549147512908,0.002807966032008201,0.0023228608927958532,0.015699184074664328,0.010334096518605916,0.8133443974955722,0.7839646114250373,0.7889426050858925,0.7241152825612545,0.7413149196886679,0.00258115116706717,0.0025861420085057877,0.00956534208416437,0.006951980451217786,0.6250985626761698,0.6527663048797021,0.6439208805257666,0.6431579039931249,0.644109300946595,0.003818070419759977,0.0031149807984598775,0.0019275833287601355,0.002350475285822541
59,6.047690288421798,0.9329970868237712,0.9009984720777942,0.9087101921362998,0.8244007998492119,0.8505701966196446,0.0022367700004054638,0.0018844544634713312,0.013807342809627912,0.00876343899043535,0.8385415255773477,0.8110807782598048,0.8154262637185711,0.7458195204037591,0.7645559208071201,0.002310933250566007,0.0022905199156898824,0.01011751441951944,0.007119339924517567,0.6616946515802398,0.6861439064650754,0.6763771760664129,0.6648331370046108,0.6677442557373174,0.0035605089698159866,0.0028349137017367717,0.0015687541791334705,0.001924246751563538
60,6.077148270246406,0.9448319067164273,0.9147538807083413,0.9219883056828289,0.8405233133460406,0.8662082410969919,0.001944893314138624,0.0015670754253443713,0.012701843228931921,0.007948503777275715,0.8614096902118362,0.8348256533911653,0.8405362933829662,0.7673613003122813,0.7870311268443841,0.0021389756191249627,0.0019545368364344024,0.010246506114151637,0.00710004918403813,0.696823355980269,0.7200139477911718,0.7104258242996235,0.6883188660253426,0.6929045829425953,0.003589636251107763,0.003307219859543345,0.002015903241764398,0.0022908429343005635
61,6.106606252071013,0.954950638008655,0.9270572867327891,0.9338590366406971,0.8564451921381739,0.8816350469272465,0.001657349114282435,0.001426260360947009,0.011755852134858333,0.00725451501628804,0.881965164708078,0.8553507996512879,0.8611866603161831,0.7864929364175884,0.8065633476612969,0.0020600486744671333,0.0019960551983950886,0.010689189696453874,0.007387829520130656,0.7302202072381403,0.749331582805991,0.7423649238667253,0.7106448135036938,0.7168203363742878,0.003079929995489392,0.0027054384270893015,0.0020808806253365454,0.0021636336329220614
62,6.13606423389562,0.9635191695603048,0.9398320089863266,0.9457434793308762,0.87442046799352,0.8978748009430629,0.001423262673820159,0.0012385905694132133,0.010222346317666338,0.006306491042830685,0.9002646819083068,0.8742803597946504,0.8797101370099335,0.8052708903071683,0.825752092199376,0.0018201843865757114,0.001850734380334217,0.010803802279104555,0.00740606822865139,0.7616661661658105,0.774600555980663,0.7672199381494768,0.72835350076122,0.7356637238703513,0.0027778745513319177,0.002395853055398332,0.0027298995445025004,0.0025863925452541876
63,6.1655222157202285,0.9707054252215543,0.9501079183449147,0.9549760812008224,0.8892372031488666,0.9114073881698449,0.0011159568155026472,0.001033346670640482,0.008937555112703218,0.005396762036758159,0.91639963421999,0.8940608278293523,0.899350137298132,0.8251900477816304,0.8458704044006372,0.0014737851866075788,0.0015227985718365225,0.010052088690474944,0.006748493173792258,0.7909913061565863,0.8016971698307066,0.7955428848048227,0.7494535413422393,0.7579715579228973,0.002582992610575991,0.002500700047536135,0.00346697059223622,0.003130320602875121
64,6.194980197544836,0.9766746076678248,0.9591970397393653,0.9633291494673027,0.903252069924272,0.92360187372227,0.0009484299108163043,0.0008513402896719567,0.007604775060949608,0.004606835571897308,0.9304896561470962,0.9098038728180549,0.9162769198435348,0.8433115053797046,0.8637132792547308,0.0013369988030603021,0.0013014026083621772,0.00923250904589198,0.006150683034019929,0.8180764580580422,0.8301041154945001,0.8251160613618441,0.7724673212156776,0.7821974554326162,0.0022205033612524455,0.00205061746470868,0.0036949701558146838,0.0031463959014562583
65,6.224438179369443,0.9815853027424235,0.9663260626505894,0.9708245431257074,0.9159257077224571,0.9347941711343148,0.000771251316707109,0.0006417260082453773,0.00630278369390861,0.0037401887772187032,0.9426759481367786,0.9218383631499895,0.9277739763081734,0.8569237645489496,0.8768887739742409,0.0012649641105797191,0.001274975234691311,0.008979861102010496,0.006015091328621609,0.8428528685260221,0.8522609533458579,0.849072445362419,0.7922636921599939,0.8023784364931587,0.001897164064992675,0.0019464947712642185,0.004099355539795767,0.0034011187979345768
66,6.253896161194051,0.9855864727720562,0.9742721469881771,0.9770997395908653,0.9281222708555465,0.9458149962482348,0.0005062674124170064,0.0004453383396064412,0.005090800683868539,0.002918343687773732,0.9531146722154851,0.93588282495223,0.9402831327051916,0.8724999063585652,0.8915733833199169,0.0009372490226605361,0.0009877071321458062,0.00794691573036584,0.005239815096423315,0.8653000299091325,0.8730356217967874,0.8706563705151035,0.8111271204999281,0.8216183977561329,0.0017736317169721567,0.001726579882544092,0.004354357771096531,0.0036018340717653323
67,6.283354143018658,0.9888153160847415,0.9799673100462581,0.9821219019989772,0.9399556110591714,0.9554462295917,0.00037449322577323723,0.0003550923501405508,0.004205004725285147,0.0023720214979294123,0.961970704350652,0.9471409018720105,0.9516706056627457,0.8881292803935668,0.9062919627329029,0.0008428205112234812,0.0007798932244247504,0.006912319828624458,0.004548528338614663,0.8854419282679438,0.890899651255521,0.8891350566279747,0.8293651256419184,0.8401723980116778,0.001687785404385653,0.0016768717591176213,0.0050304697281509025,0.004135080673038227
68,6.312812124843266,0.9913959289430132,0.9845249909937747,0.9859619113570917,0.9498443178722985,0.9633158104169733,0.00025844979767013703,0.00028976079081213265,0.003426399880489101,0.0019001573172642153,0.9694119711462714,0.9560232994292593,0.959982558897209,0.9009762001753913,0.9178147691591226,0.0006611559082999115,0.0006594965815783365,0.006133299387256637,0.004032461232304616,0.9033420218064432,0.9075547560795062,0.90563378174852,0.8460652428445696,0.8570736149845465,0.0015390565648882861,0.0017429416825060495,0.005425467612226337,0.004402859944932552
69,6.342270106667874,0.9934386763408893,0.9878745477368193,0.9891623843430764,0.959251996918008,0.9708133036308059,0.00018259227402990283,0.0002114231933092663,0.0027236895960384764,0.001435075445879364,0.9756045350053112,0.9651660382243178,0.9689748323710886,0.9152850223113669,0.9310214902019694,0.0005190948118826706,0.00042245668179025244,0.004861916355647713,0.0030898420689788224,0.919097301944942,0.9238112291562127,0.9237299686094005,0.8665598793102134,0.8772451108356892,0.001339614591038521,0.0015225613617291284,0.0050634925637569475,0.00407793486305075
70,6.371728088492481,0.9950401595765361,0.9908287285633929,0.9923974104378535,0.9694206800810649,0.9784840711084277,0.00013371172787003297,0.00013114736718942489,0.0019258242491071926,0.000984139596693663,0.9807085276189431,0.9716140670959464,0.9751186593567076,0.9267890383940801,0.9416113450217032,0.0004025269068706914,0.0003472770993666868,0.004153179993384611,0.0025809285009769983,0.9328318030036671,0.9358501939246965,0.9361410363386193,0.8809510668346746,0.8911302491791688,0.0011651512892397332,0.0013169205132131706,0.005000588287095752,0.003958004197696822
71,6.401186070317088,0.9962836603183978,0.99244250233656,0.9939032107861473,0.9750889593532286,0.9827863213546807,0.00012210494278397382,0.00011971336887187137,0.0016468578489139617,0.000838644967986307,0.9848749712005945,0.9769211304435572,0.9800138550121225,0.9358366667630452,0.9495942927777149,0.00028292815404351134,0.00025525183033361655,0.0034605992169037193,0.0021195926069776387,0.944689915679716,0.9453822538740948,0.9456407860100775,0.8929742429599675,0.9033363837196304,0.0009303486092890494,0.0011570212634128571,0.004948180225466805,0.0038497928369048383
72,6.430644052141696,0.9972399415248366,0.9937020630217646,0.9953212008802172,0.9808686495301034,0.9868376585611354,0.00011563651732145285,0.00010082999545942859,0.001298200279360168,0.0006661961853469397,0.9882434738836761,0.9809452205569857,0.9839329046342185,0.9444258453126598,0.9568595801076217,0.0002293761308958973,0.00020905801537837967,0.0028703705518279042,0.0017527173217561723,0.9548298276741756,0.9531486057553525,0.9532772813236668,0.9019849799895177,0.9121705109725036,0.0007220906927940401,0.0009161454742617418,0.004833719812300433,0.0037042530841876653
73,6.4601020339663044,0.9979682931811904,0.994635861146861,0.9964050677607204,0.9840137953613557,0.9891415360008599,0.00010180051273303445,7.330637869826604e-05,0.0010251060553142864,0.0005221166258172891,0.9909407425871365,0.9833719778068627,0.9863732076560104,0.9511455585429275,0.9622064024968996,0.00023298870532051713,0.00019829655626194944,0.002594948775212288,0.001634773168670075,0.963417366739505,0.9591772316938473,0.9614987500274046,0.9144899607918311,0.9232856519901269,0.0007467853235477629,0.0007375887839112055,0.0044351704682428,0.0035143712970632313
74,6.489560015790912,0.9985177233747389,0.9961738084786512,0.9977881254143997,0.9889146707022821,0.9927622853690481,5.9868640907706155e-05,3.964171616064212e-05,0.00063372497282355,0.00030870262034414454,0.993079824677795,0.9862638272301778,0.9889889330918067,0.9582921730377464,0.9682176792876379,0.0001928855726156973,0.00016273896416809584,0.0021585160300978904,0.001344396335326619,0.9706204625606708,0.9662609399857149,0.9683924618233998,0.9257204360461486,0.9335338624589389,0.0006197767055841815,0.0006749350481826537,0.0040370461010795855,0.0031955241295521892
75,6.519017997615519,0.9989282107923572,0.9975403929780075,0.9990841090050959,0.994590648242519,0.9969236239621015,3.321793657076341e-05,1.3339511302935337e-05,0.000260632722378682,0.00011199025871731572,0.9947599690900278,0.9897298771685245,0.9921404843448669,0.9682474573350918,0.9759223069878068,0.00014207786463915766,9.879408325904823e-05,0.0015791308345066127,0.0009560792373495453,0.9766043798834159,0.9748050731106133,0.9774623573842705,0.9437341446421482,0.9495857451211951,0.0005042974275870081,0.0005170487941901632,0.0031367433388791582,0.002539376764283
76,6.548475979440127,0.9992319515651784,0.9979287418580054,0.9992745563174849,0.9959150526641969,0.9976471194405003,2.9297894420205825e-05,1.2383513290590478e-05,0.00021609920609540233,9.467597677263936e-05,0.99606698746547,0.9911990680296385,0.9936870655104919,0.9737187692687652,0.9800879188813721,0.00012887556811145247,8.22000247422435e-05,0.0012973663152030571,0.0007993361527385879,0.9815278114068777,0.9781831984541292,0.9816971738373934,0.9523776200777627,0.9576034233065025,0.0004826353100301524,0.0003959640798848883,0.002791262229079802,0.0022249046416715364
77,6.577933961264734,0.9994545500753532,0.9982535992777523,0.9994551584671211,0.9973885858296744,0.998451778852523,2.7435346132545566e-05,1.0917855944655063e-05,0.0001605316072654315,7.18549093661228e-05,0.9970739949425241,0.9929773003141094,0.9949868767393835,0.9786023910558012,0.9840429791122509,0.00010225484916576256,6.533274557263091e-05,0.0010627632272617053,0.0006316064867416932,0.9855398596280752,0.982246254859718,0.984888290444056,0.9589025116189249,0.9633838102448715,0.00035750891998918697,0.0003239095569513421,0.0024227917180186273,0.0019331773270160075
78,6.6073919430893415,0.9996161188114727,0.9983839694839217,0.9994557296625197,0.997415951044646,0.9984622738153681,2.711792464557513e-05,1.0944169722886924e-05,0.0001611714253281319,7.220208997436728e-05,0.9978424166351549,0.9941840425768327,0.9961542321364485,0.9830413323866852,0.9875052146982795,8.6544671959152e-05,5.0451405491233413e-05,0.0008274395090249603,0.00048417291064920887,0.9887778854696733,0.9847879648383457,0.9873045887118576,0.9647548856308127,0.9689152091014961,0.00032727554707702444,0.00027346954582159504,0.0021573448918396397,0.0016788889152435085
79,6.63684992491395,0.9997322658967712,0.9985505112425171,0.9996467964020909,0.9983920692602274,0.9990319829761899,2.5633983948969817e-05,8.70918534511994e-06,0.00011065780206192337,5.4565808153293245e-05,0.998423157592963,0.9958723442583056,0.9971782295511781,0.9868378387985385,0.99051295422879,4.869159679189038e-05,3.866161794872226e-05,0.0006366917319071664,0.00036626329795999747,0.9913661603643489,0.9867321745134262,0.9895831368747341,0.9702385657130685,0.9738259819398558,0.0003385621013911163,0.00024907154705286163,0.0019091590003022215,0.001506113315247878
80,6.666307906738557,0.9998149601284047,0.9985816711386394,0.9999539195796632,0.9995247063929207,0.9997513854729729,2.582205058401902e-05,1.045444924935283e-07,8.90971451163366e-06,3.2007049361263856e-06,0.9988578491592172,0.9964735464808255,0.9979799367256464,0.9904581598425993,0.9930518109335403,4.501656214475847e-05,2.7696214709213215e-05,0.00044727775418942976,0.00026391350218701697,0.9934152285569665,0.9887604306722705,0.9919044743766028,0.9762617320068859,0.979202452357979,0.0003167015148241985,0.00020021651009276568,0.0015335842002951409,0.0012449542385740368
81,6.695765888563164,0.9998732721406272,0.9986163725312064,0.9999757321667747,0.9997798198885143,0.9998467067551903,2.5926527178411404e-05,5.867138369274257e-08,4.80779213227415e-06,2.327064598804033e-06,0.9991801013575888,0.9975342983250733,0.9988013353458901,0.9935324602526688,0.9954638725212499,2.53292576906095e-05,1.1108475929278881e-05,0.00025979177467510856,0.0001393124424176098,0.9950218677078154,0.9912101335899596,0.9944837794348189,0.9832571265164907,0.985187228715287,0.0002742522381707549,0.00013502707028106113,0.0010843214206810406,0.0008901566441781557
82,6.725223870387772,0.9999139967334331,0.9986728860608973,0.9999757321667747,0.9997798198885143,0.9998467067551903,2.5729306479600823e-05,5.198459046447216e-08,4.817062234561522e-06,2.3308868202725236e-06,0.9994167077528835,0.9979416598391143,0.9990948913707011,0.9948135896589076,0.9964648070856827,2.1891389404350386e-05,7.596363026601911e-06,0.0001989912300322211,0.0001009033620453315,0.9962695275605831,0.9933089099655902,0.996333392582712,0.9884187398408026,0.9897089978915407,0.00022106798809220805,8.786668317186499e-05,0.0007250635228182927,0.0006135003942066166
83,6.7546818522123795,0.9999421657303431,0.9986741608378843,0.9999780386045495,0.9997798198885143,0.9998467067551903,2.5800006603342504e-05,4.9034849156678063e-08,4.825414981208261e-06,2.33547129503784e-06,0.999588765005674,0.9982720860292271,0.9992789190798503,0.995653045849597,0.9970911632081253,1.7702685012249375e-05,5.5370953254438e-06,0.00015839619274519564,7.8372725913237e-05,0.9972291269779935,0.9939537162196129,0.9966645893673212,0.9893684812526957,0.9905203607811316,0.00020166564376425513,8.222594143630547e-05,0.0006730958146770608,0.0005796922971284606
84,6.784139834036987,0.9999614632690947,0.9986741608378843,0.9999780386045495,0.9997798198885143,0.9998467067551903,2.5849317745443322e-05,4.802272779829019e-08,4.832053126557844e-06,2.339527936584104e-06,0.9997126832932649,0.9985993982819064,0.9994346402164851,0.9967284430631121,0.9976803620167921,1.4567317513625692e-05,5.020646391388953e-06,0.00013343499936718713,7.188425361698186e-05,0.9979600971745062,0.9948190662303772,0.9974617333357422,0.9920091558464716,0.9929810946719764,0.00018263260041618618,6.732196511044531e-05,0.0005356912109802117,0.0004493603678592954
85,6.813597815861595,0.9999745565464627,0.9986769127712908,0.9999780386045495,0.9997798198885143,0.9998467067551903,2.588263052778473e-05,4.776011078137315e-08,4.836981174798067e-06,2.3427044482290073e-06,0.9998010754509126,0.9988562879380696,0.999722837153486,0.9981114039203304,0.9987160563707792,1.2569041025014904e-05,2.2946768363439e-06,6.987544043860515e-05,3.6557503819825116e-05,0.9985115714806486,0.995318421407557,0.9980512381946538,0.9938471182408319,0.994648968466501,0.00017867046824475433,5.6846600885667366e-05,0.0004318902023035843,0.00035731217789363427
86,6.843055797686202,0.9999833550886347,0.9986769127712908,0.9999780386045495,0.9997798198885143,0.9998467067551903,2.5905542689089152e-05,4.777625105588223e-08,4.840485386537187e-06,2.345031646133728e-06,0.9998635219331605,0.9989190169613967,0.999722837153486,0.9981114039203304,0.9987160563707792,1.2314567136376826e-05,2.308347812391786e-06,7.009036808822917e-05,3.669691463242279e-05,0.9989236375105373,0.9953928608600532,0.9980828305753665,0.9940824446775531,0.9948118444290767,0.00018127712819734256,5.7363976573020685e-05,0.00043087286608937904,0.00035836304051937924
87,6.872513779510809,0.9999892109255906,0.9986769127712908,0.9999780386045495,0.9997798198885143,0.9998467067551903,2.592087760632088e-05,4.7872806810299344e-08,4.842903415257015e-06,2.346666317682066e-06,0.9999072155637553,0.9989190169613967,0.999722837153486,0.9981114039203304,0.9987160563707792,1.2399013972393664e-05,2.3225510033331616e-06,7.024539001600566e-05,3.6799097638583136e-05,0.9992285844370107,0.9954391537855156,0.9980833213779063,0.9940830270286269,0.9948124029120963,0.0001784769834500401,5.7921371204562026e-05,0.0004337955423366654,0.00036085306092066636
88,6.9019717613354175,0.9999930708885336,0.9986769127712908,0.9999780386045495,0.9997798198885143,0.9998467067551903,2.593102335012642e-05,4.7973955614634263e-08,4.844534797858376e-06,2.347781338629943e-06,0.9999374947497774,0.998980954643376,0.9997327348236357,0.9982250560765294,0.9988021329394313,1.2083889715839602e-05,2.3260744140621898e-06,6.907757562955806e-05,3.614198807239668e-05,0.9994520947791098,0.996302610699513,0.9989422906292166,0.9963777797497803,0.996873988859387,0.0001468801412843539,2.757211321707597e-05,0.0002481068897923614,0.00020420786119785224
89,6.931429743160026,0.9999955908459164,0.9986769127712908,0.9999780386045495,0.9997798198885143,0.9998467067551903,2.5937663025040475e-05,4.805606722985654e-08,4.845615914907349e-06,2.348525351571937e-06,0.9999582766936613,0.9989899543343138,0.9997327348236357,0.9982250560765294,0.9988021329394313,1.2120731833022186e-05,2.3350169218432776e-06,6.914918312757372e-05,3.6189610012449315e-05,0.9996143455992373,0.9964278745629909,0.9989900619873705,0.9966858032808065,0.9971485447858089,0.00014674403655334602,2.7572507031571923e-05,0.00023988054977930367,0.00019774445514815983
90,6.960887724984633,0.9999972202138206,0.9986769127712908,0.9999780386045495,0.9997798198885143,0.9998467067551903,2.5941962903342e-05,4.811592018708651e-08,4.8463217102924354e-06,2.349013180329471e-06,0.9999724035017878,0.9989899543343138,0.9997327348236357,0.9982250560765294,0.9988021329394313,1.2148290008080247e-05,2.3415888619958226e-06,6.919835244447982e-05,3.622247482112255e-05,0.9997309975730716,0.9964278745629909,0.9989900619873705,0.9966858032808065,0.9971485447858089,0.0001475010605082331,2.773176254568474e-05,0.00024057739794610715,0.00019833334389509613
91,6.99034570680924,0.99999826363829,0.9986769127712908,0.9999780386045495,0.9997798198885143,0.9998467067551903,2.594471927426191e-05,4.815703804266118e-08,4.846776480665219e-06,2.349328367915503e-06,0.9999819143189116,0.9992059584732915,0.9997745509873275,0.9985056989330319,0.9990699910230044,7.509102610861627e-06,2.1728916005877142e-06,6.136579024756313e-05,2.9079719233574344e-05,0.9998140616408528,0.9969055288692936,0.9993899042498424,0.9976368448335323,0.9981609692280499,0.00012541896669772905,1.2023060974997012e-05,0.0001509958567461385,9.664543355559562e-05
92,7.019803688633848,0.9999989254261172,0.9986769127712908,0.9999780386045495,0.9997798198885143,0.9998467067551903,2.5946468620063542e-05,4.81842453680581e-08,4.8470660454574055e-06,2.3495294028793645e-06,0.9999882560455845,0.9992931209353517,0.9997774732225053,0.998787604195667,0.9991053564716017,7.125041295011375e-06,2.174776592576523e-06,5.344411762900754e-05,2.896708495263345e-05,0.9998726417545833,0.9973116399723261,0.9997682643483331,0.9990338489283187,0.9992338702995213,0.00011480357158633343,2.8334376211814877e-06,4.8420159786710766e-05,3.007824380404367e-05
93,7.049261670458455,0.9999993411379898,0.998745994984222,0.9999999999999838,0.9999999909614233,0.9999999991575222,2.5470423762537042e-05,4.3409912717657714e-13,4.2236997217409024e-13,4.329917868152189e-13,0.9999924441076812,0.9993443825794924,0.9998125415424434,0.9990686960765085,0.9993311064308169,6.868880411817196e-06,2.054110914114375e-06,4.555716425737834e-05,2.3881601871929402e-05,0.9999135586935207,0.9974135539957146,0.9998532150447342,0.9994174627969596,0.999549493059347,0.00011399379483565121,2.136677841454712e-06,3.384083579891436e-05,2.0224984180600435e-05
94,7.078719652283063,0.9999995997698218,0.998745994984222,0.9999999999999838,0.9999999909614233,0.9999999991575222,2.5471072139851212e-05,1.6018418263753148e-13,1.5313034654765864e-13,1.5951261694868728e-13,0.9999951833762012,0.9993443825794924,0.9999449911140127,0.9996393591788866,0.999752755092004,6.872438344495617e-06,3.0209103920352257e-07,1.3002092246143589e-05,6.11053503634612e-06,0.9999418642678091,0.9974135539957146,0.9998532150447342,0.9994174627969596,0.999549493059347,0.00011413612417857695,2.1408951702576384e-06,3.3869721562958686e-05,2.0246395559844122e-05
95,7.108177634107671,0.9999997591327925,0.998745994984222,0.9999999999999838,0.9999999909614233,0.9999999991575222,2.5471471721613144e-05,5.801700387850386e-14,5.384399148811285e-14,5.761395249374818e-14,0.9999969578598477,0.9993443825794924,0.9999449911140127,0.9996393591788866,0.999752755092004,6.874751164029563e-06,3.0227231869259926e-07,1.3003358203374084e-05,6.111398555189848e-06,0.9999612577909783,0.9974135539957146,0.9998532150447342,0.9994174627969596,0.999549493059347,0.00011423456597499978,2.1447097205218478e-06,3.389043765584957e-05,2.0261990588829688e-05
96,7.137635615932278,0.9999998563870784,0.998745994984222,0.9999999999999838,0.9999999909614233,0.9999999991575222,2.5471715598945613e-05,2.0624666600935545e-14,1.8209731702560223e-14,2.0385481180760482e-14,0.999998096339558,0.9994670291119173,0.9999999999999818,0.9999999911684327,0.999999997758384,5.372488110716176e-06,3.623923009154539e-12,3.5905035893441937e-12,3.615420309856451e-12,0.9999744178356313,0.9976083472096928,0.999999999999978,0.9999999924035301,0.9999999971869435,0.00011051732179602529,6.544471326520376e-10,6.540586195932831e-10,6.543032485666847e-10
97,7.167093597756885,0.9999999151692968,0.998745994984222,0.9999999999999838,0.9999999909614233,0.9999999991575222,2.547186301191036e-05,7.19624547336364e-15,5.843923846298019e-15,7.056103553529219e-15,0.9999988197661802,0.9994670291119173,0.9999999999999818,0.9999999911684327,0.999999997758384,5.373257010403503e-06,1.3929518265357215e-12,1.3723103624080937e-12,1.3876923907571116e-12,0.9999832623484957,0.9976083472096928,0.999999999999978,0.9999999924035301,0.9999999971869435,0.00011055925350561117,2.8014897713956877e-10,2.798948378472413e-10,2.8005485289405425e-10
98,7.196551579581493,0.9999999503576613,0.998745994984222,0.9999999999999838,0.9999999909614233,0.9999999991575222,2.5471951259949765e-05,2.4643601873214765e-15,1.748142883027818e-15,2.383507945500853e-15,0.9999992750472307,0.9994670291119173,0.9999999999999818,0.9999999911684327,0.999999997758384,5.373741446099804e-06,5.25556491348329e-13,5.129567012600393e-13,5.22338169868042e-13,0.9999891495157912,0.9976083472096928,0.999999999999978,0.9999999924035301,0.9999999971869435,0.00011058725120981954,1.1773300708475892e-10,1.1756831091442426e-10,1.1767200444879202e-10
99,7.226009561406101,0.9999999712202444,0.998745994984222,0.9999999999999838,0.9999999909614233,0.9999999991575222,2.5472003581881478e-05,8.282734020074072e-16,4.891915362383979e-16,7.825730022938795e-16,0.9999995588264291,0.9994670291119173,0.9999999999999818,0.9999999911684327,0.999999997758384,5.374043607280163e-06,1.9463410364789588e-13,1.8704673349172378e-13,1.926880200054763e-13,0.9999930306149586,0.9976083472096928,0.999999999999978,0.9999999924035301,0.9999999971869435,0.00011060574653244615,4.857232754683779e-11,4.8466596513532046e-11,4.853316024266689e-11
