,t,true_cdf_0.3,Standard_beran_cdf_0.3,Standard_beran_mise_0.3,True_proba_cdf_0.3,True_proba_mise_0.3,NN_cdf_0.3,NN_mise_0.3,Linear_cdf_0.3,Linear_mise_0.3,Linear_MAR_cdf_0.3,Linear_MAR_mise_0.3,NN_MAR_cdf_0.3,NN_MAR_mise_0.3,Standard_Beran_delta_obs_only_cdf_0.3,Standard_Beran_delta_obs_only_mise_0.3,true_cdf_0.5,Standard_beran_cdf_0.5,Standard_beran_mise_0.5,True_proba_cdf_0.5,True_proba_mise_0.5,NN_cdf_0.5,NN_mise_0.5,Linear_cdf_0.5,Linear_mise_0.5,Linear_MAR_cdf_0.5,Linear_MAR_mise_0.5,NN_MAR_cdf_0.5,NN_MAR_mise_0.5,Standard_Beran_delta_obs_only_cdf_0.5,Standard_Beran_delta_obs_only_mise_0.5,true_cdf_0.7,Standard_beran_cdf_0.7,Standard_beran_mise_0.7,True_proba_cdf_0.7,True_proba_mise_0.7,NN_cdf_0.7,NN_mise_0.7,Linear_cdf_0.7,Linear_mise_0.7,Linear_MAR_cdf_0.7,Linear_MAR_mise_0.7,NN_MAR_cdf_0.7,NN_MAR_mise_0.7,Standard_Beran_delta_obs_only_cdf_0.7,Standard_Beran_delta_obs_only_mise_0.7
0,-0.37022446685448407,4.717856467904307e-05,0.0,2.2258169651746506e-09,0.0,2.2258169651746506e-09,0.0,2.2258169651746506e-09,0.0,2.2258169651746506e-09,0.0,2.2258169651746506e-09,0.0,2.2258169651746506e-09,0.0,2.2258169651746506e-09,1.3613181657451083e-05,0.0,1.853187148387626e-10,0.0,1.853187148387626e-10,0.0,1.853187148387626e-10,0.0,1.853187148387626e-10,0.0,1.853187148387626e-10,0.0,1.853187148387626e-10,0.0,1.853187148387626e-10,3.4104089640085088e-06,0.0,1.163088930178959e-11,0.0,1.163088930178959e-11,0.0,1.163088930178959e-11,0.0,1.163088930178959e-11,0.0,1.163088930178959e-11,0.0,1.163088930178959e-11,0.0,1.163088930178959e-11
1,-0.34639488767581833,6.532498198239426e-05,0.00012425779574878337,1.4243307477754117e-07,4.9399508661041035e-05,2.2216423804079547e-08,3.50613606413086e-05,1.1979577866855753e-08,0.00010962949057264914,1.1013051631039105e-07,7.400359431389836e-05,4.9364106054384967e-08,3.4144381626943775e-05,1.1464779008703703e-08,0.00021906167754998096,4.5552713870314746e-07,1.92690637174913e-05,6.146245438967135e-05,3.5778981912837094e-08,1.632418586864359e-05,2.406983704010842e-09,1.9031835402538722e-05,3.2599531063773506e-09,6.438792161530537e-05,3.934795138745153e-08,4.3460815133278266e-05,1.7584822905004135e-08,1.853404649856394e-05,3.0921381668104916e-09,0.0001154810838162379,1.2927967928583829e-07,4.940238588616149e-06,0.0,2.4405957312452085e-11,0.0,2.4405957312452085e-11,0.0,2.4405957312452085e-11,6.538870012218201e-06,3.87367011758706e-10,4.413217359078292e-06,1.7556613850261332e-10,0.0,2.4405957312452085e-11,0.0,2.4405957312452085e-11
2,-0.3225653084971526,8.991053724084756e-05,0.00012425779574878337,1.4013973240612823e-07,4.9399508661041035e-05,2.3603946540164312e-08,3.50613606413086e-05,1.4072123263826545e-08,0.00010962949057264914,1.0855646394946885e-07,7.400359431389836e-05,4.954181857566567e-08,3.4144381626943775e-05,1.3602413282131512e-08,0.00021906167754998096,4.4857218418225595e-07,2.7110893410313882e-05,6.146245438967135e-05,3.51787294381404e-08,1.632418586864359e-05,2.514664458055735e-09,1.9031835402538722e-05,3.3251680073969325e-09,6.438792161530537e-05,3.8701816881244124e-08,4.3460815133278266e-05,1.726690200878796e-08,1.853404649856394e-05,3.165160219445967e-09,0.0001154810838162379,1.278322170267359e-07,7.113096430929128e-06,0.0,5.059614083569669e-11,0.0,5.059614083569669e-11,0.0,5.059614083569669e-11,6.538870012218201e-06,3.8514112531012363e-10,4.413217359078292e-06,1.8257773412884786e-10,0.0,5.059614083569669e-11,0.0,5.059614083569669e-11
3,-0.29873572931848685,0.00012301072300019547,0.00012425779574878337,1.3896155342955756e-07,4.9399508661041035e-05,2.7381413980055347e-08,3.50613606413086e-05,1.8798781429513918e-08,0.00010962949057264914,1.0834668421024709e-07,7.400359431389836e-05,5.169048640445974e-08,3.4144381626943775e-05,1.838977579924468e-08,0.00021906167754998096,4.411179530090315e-07,3.791517138270649e-05,6.146245438967135e-05,3.455317423343199e-08,1.632418586864359e-05,2.864482053934682e-09,1.9031835402538722e-05,3.616477206843834e-09,6.438792161530537e-05,3.801304655432596e-08,4.3460815133278266e-05,1.7030336233049153e-08,1.853404649856394e-05,3.4672259182731015e-09,0.0001154810838162379,1.2603939724600292e-07,1.0179863855389437e-05,0.0,1.0362962811426429e-10,0.0,1.0362962811426429e-10,0.0,1.0362962811426429e-10,6.538870012218201e-06,3.980682254961889e-10,4.413217359078292e-06,2.0854259893964734e-10,0.0,1.0362962811426429e-10,0.0,1.0362962811426429e-10
4,-0.2749061501398211,0.0001672942418926703,0.00014256216902247543,1.38038202244954e-07,4.9399508661041035e-05,3.5861971227327445e-08,3.50613606413086e-05,2.854922597421586e-08,0.00010962949057264914,1.1149285037376699e-07,0.00010489023847403134,5.71974651040416e-08,3.9332733876329405e-05,2.675466153713073e-08,0.00021906167754998096,4.345720345336404e-07,5.270746007471318e-05,7.60054032441837e-05,3.4657279443490844e-08,1.632418586864359e-05,3.722054040420257e-09,1.9031835402538722e-05,4.393944526165102e-09,6.438792161530537e-05,3.744867323124964e-08,6.380272321750979e-05,1.9078674139800872e-08,2.2656172030299793e-05,3.994805767164953e-09,0.0001154810838162379,1.2396345431199915e-07,1.4481083789351192e-05,0.0,2.0970178771420988e-10,0.0,2.0970178771420988e-10,0.0,2.0970178771420988e-10,6.538870012218201e-06,4.4789014901185913e-10,4.413217359078292e-06,2.766503215840457e-10,0.0,2.0970178771420988e-10,0.0,2.0970178771420988e-10
5,-0.2510765709611554,0.00022616709724690765,0.00014256216902247543,1.4441631083990982e-07,4.9399508661041035e-05,5.320958347803262e-08,3.50613606413086e-05,4.7585093653747743e-08,0.00010962949057264914,1.217486405983313e-07,0.00010489023847403134,6.801128193518429e-08,3.9332733876329405e-05,4.5287593339403926e-08,0.00021906167754998096,4.319426541281758e-07,7.283247824529434e-05,7.60054032441837e-05,3.412455274061153e-08,1.632418586864359e-05,5.591498505791254e-09,1.9031835402538722e-05,6.154405999397687e-09,6.438792161530537e-05,3.738355058612547e-08,6.380272321750979e-05,1.9037105751454766e-08,2.2656172030299793e-05,5.609387559417549e-09,0.0001154810838162379,1.2184183003150254e-07,2.0475732513633558e-05,0.0,4.1925562196987054e-10,0.0,4.1925562196987054e-10,0.0,4.1925562196987054e-10,6.538870012218201e-06,5.790475257135357e-10,4.413217359078292e-06,4.3329278021654744e-10,0.0,4.1925562196987054e-10,0.0,4.1925562196987054e-10
6,-0.22724699178248964,0.0003039437697811995,0.00014256216902247543,1.6347054787994552e-07,4.9399508661041035e-05,8.67555839727778e-08,3.50613606413086e-05,8.336144103505079e-08,0.00010962949057264914,1.4592566593330556e-07,0.00010489023847403134,9.292551378722186e-08,3.9332733876329405e-05,8.03995143259631e-08,0.00021906167754998096,4.390971367206557e-07,0.0001000405942544171,9.786104339517542e-05,3.5095963301525965e-08,3.817982601963532e-05,9.810536038544415e-09,2.244524469886544e-05,9.255870481192064e-09,8.726740964135616e-05,3.924030768237619e-08,8.662813223523358e-05,2.0911810576677925e-08,2.9372485804124436e-05,8.187355321816688e-09,0.0001154810838162379,1.2026133519226535e-07,2.877800742682877e-05,4.033183927586448e-05,1.4773406364763269e-08,4.033183927586448e-05,1.4773406364763269e-08,5.703964476977408e-06,8.252283548431667e-10,4.47690532158207e-05,1.3294482707761617e-08,4.255304486789901e-05,1.3120219327584136e-08,1.1223145918737299e-05,1.4418042013876987e-09,0.0,8.281737114586119e-10
7,-0.2034174126038239,0.0004060482742773077,0.00014256216902247543,2.0685145447885783e-07,4.9399508661041035e-05,1.491611451191771e-07,3.50613606413086e-05,1.4869498117934335e-07,0.00010962949057264914,1.9603172216191627e-07,0.00010489023847403134,1.4399936799025558e-07,3.9332733876329405e-05,1.4486080157489617e-07,0.00021906167754998096,4.668561544947744e-07,0.00013659350305460493,9.786104339517542e-05,3.659141629084727e-08,3.817982601963532e-05,1.566903321949033e-08,2.244524469886544e-05,1.626465709419246e-08,8.726740964135616e-05,4.1510216928629387e-08,8.662813223523358e-05,2.3228454720379165e-08,2.9372485804124436e-05,1.4689720310102198e-08,0.0001154810838162379,1.2046866072045322e-07,4.0203942778604996e-05,4.033183927586448e-05,1.463993169188149e-08,4.033183927586448e-05,1.463993169188149e-08,5.703964476977408e-06,1.4830653996043557e-09,4.47690532158207e-05,1.3059609395639958e-08,4.255304486789901e-05,1.2935985951707177e-08,1.1223145918737299e-05,1.9735176254523446e-09,0.0,1.616357014945345e-09
8,-0.17958783342515816,0.000539247508784703,0.0003971308899675785,6.682870252667187e-07,0.0003350557852191627,7.698300786938598e-07,5.308890804976985e-05,2.4907466766647346e-07,0.00019956852418456794,2.7663076643641656e-07,0.0002447028415012875,2.8665788762737217e-07,0.00010958334501942613,2.3388184573575478e-07,0.0005485142777802987,1.264488303774069e-06,0.0001853920283893224,0.0003717109057197021,6.911511942442841e-07,0.0004149054404168906,1.3071932477497336e-06,4.623028122801021e-05,2.6624653815631335e-08,0.00018402451055381518,1.064489696130261e-07,0.00023703675407934499,2.009446398914019e-07,0.00010494919566501615,5.663122309213879e-08,0.0004364620990590651,1.0361839451279547e-06,5.582993834746562e-05,0.00026648144799457096,5.010647242213034e-07,0.00027766776680213654,5.516626309538987e-07,2.067865431722993e-05,3.3757714902666326e-09,0.00012466026633103366,6.806652866698203e-08,0.00016674950961159674,1.5348660018064688e-07,7.362480333846788e-05,3.509530408384679e-08,0.00029455971847554,8.378807576555028e-07
9,-0.15575825424649242,0.0007119186820632027,0.0008563838258905498,3.3425072381393682e-06,0.0009059290894232186,3.879014078424243e-06,0.0001263731109501731,4.475185059979947e-07,0.00041192277940620413,1.0379427886449032e-06,0.0004173005936610297,7.255785904661106e-07,0.0002080640139638823,4.029176588893649e-07,0.0005485142777802987,1.291103430105502e-06,0.00025012905324318376,0.0007885235505783794,1.7876025800908816e-06,0.0009247724748592479,2.7390098244720824e-06,9.84138092149145e-05,6.036150133053898e-08,0.00034193082528682917,3.9258938701669486e-07,0.0004037648807722838,3.629507055729027e-07,0.00019964961303271523,8.82057112108229e-08,0.0004364620990590651,1.0078677687048683e-06,7.706555678715988e-05,0.00027237202664445184,4.920081132679977e-07,0.00027766776680213654,5.426918554833075e-07,2.98113588302229e-05,4.746070492129323e-09,0.00017837323052555254,9.31905990509379e-08,0.00021037405652579722,1.653842633795494e-07,9.444296034822885e-05,3.374903840096541e-08,0.00029455971847554,8.281925601040354e-07
10,-0.13192867506782668,0.0009343516903065559,0.0012170201029910622,8.162327508554685e-06,0.001301663710265155,9.57717096677434e-06,0.0002268094310456381,8.882981498047254e-07,0.0005846135096909677,2.308462509778385e-06,0.0005504608201068351,1.4912315561414438e-06,0.00030491223533810616,8.191657615203552e-07,0.0005485142777802987,1.4132729396714086e-06,0.00033547051127795334,0.0007994491122519487,1.77197082812045e-06,0.0009247724748592479,2.631142882423022e-06,0.00011088295794516866,1.0263949728706342e-07,0.00037971170412809396,5.236659319603295e-07,0.0004328842912976305,4.220587368677523e-07,0.00021365341993878628,1.147716364898888e-07,0.0004836351458249677,9.739496967219833e-07,0.0001057431970373575,0.000273114631982696,4.814771266577885e-07,0.0002784103721403808,5.318571302108971e-07,2.9840850283258115e-05,8.272526977489982e-09,0.00017837323052555254,8.820247605714961e-08,0.0002107360073686948,1.584854864398028e-07,0.00010867393527148605,3.5518066760666234e-08,0.0004350884684299006,9.843039055491968e-07
11,-0.10809909588916095,0.0012190860746353195,0.001639305769398014,8.990670524242807e-06,0.0017965577135474974,1.0691635881878656e-05,0.00034710609952787186,1.2237039363141043e-06,0.0007784234683900993,2.491782107823223e-06,0.0007339665851849753,1.7936016447830683e-06,0.0004909512713971665,1.170500296510481e-06,0.0005485142777802987,1.7140689655038226e-06,0.00044726712883713367,0.0007994491122519487,1.680726835400657e-06,0.0009247724748592479,2.511877433621951e-06,0.00011088295794516866,1.6535423860173173e-07,0.00037971170412809396,5.262723842231449e-07,0.0004330430354161918,4.126989914557863e-07,0.00021365341993878628,1.5450759773279556e-07,0.0004836351458249677,9.5331957045116e-07,0.00014422746183052765,0.000273114631982696,4.7007583205196087e-07,0.0002784103721403808,5.200482302720611e-07,2.9840850283258115e-05,1.5595657635976377e-08,0.00017837323052555254,8.409328781242742e-08,0.0002107360073686948,1.5188538284813308e-07,0.00010867393527148605,3.6773530784853726e-08,0.0004350884684299006,9.604357229205697e-07
12,-0.08426951671049521,0.0015812805988939613,0.001639305769398014,8.81745285278838e-06,0.0017965577135474974,1.0404506624224291e-05,0.00034710609952787186,1.986541554211257e-06,0.0007784234683900993,2.942178147281288e-06,0.0007339665851849753,2.276201763566138e-06,0.0004909512713971665,1.82913804722343e-06,0.0005485142777802987,2.3310087047931003e-06,0.0005927991475742718,0.0007994491122519487,1.599398893859949e-06,0.0009247724748592479,2.39407236817091e-06,0.00011088295794516866,2.8444314200169066e-07,0.00037971170412809396,5.671149073699541e-07,0.0004330430354161918,4.380186819940034e-07,0.00021365341993878628,2.4368371553179555e-07,0.0004836351458249677,9.639137170694549e-07,0.00019554717955899502,0.000273114631982696,4.5948063909762994e-07,0.0002784103721403808,5.089094855376188e-07,2.9840850283258115e-05,2.9969948296749383e-08,0.00017837323052555254,8.322229881805656e-08,0.0002107360073686948,1.4769269670876332e-07,0.00010867393527148605,4.305643810710646e-08,0.0004350884684299006,9.332156268345037e-07
13,-0.06043993753182947,0.0020391115298357032,0.0021741255065717557,9.653137906252063e-06,0.0023313774507212393,1.1096202069723262e-05,0.0003897302013763482,3.170574781044563e-06,0.0010587264955999932,3.529492564919082e-06,0.000985549990688328,2.8685929057780666e-06,0.000629445670003892,2.6641161250534084e-06,0.0005485142777802987,3.4862825986015744e-06,0.0007810555380598426,0.0012389314759549408,2.8019602214902115e-06,0.00136425483856224,3.549447848025243e-06,0.00014627539061502494,4.5857054713111645e-07,0.0006185398733783542,8.800983376496525e-07,0.0006486195805791017,6.615873279115998e-07,0.00032356992880131494,3.709919896585148e-07,0.0004901046961789168,1.0307682220610845e-06,0.00026355308183899384,0.0003227087336857837,4.52009745210869e-07,0.00032800447384346844,5.007183084755303e-07,2.9840850283258115e-05,5.713276791347227e-08,0.00025869077339900625,1.1235616639465556e-07,0.0002831632887014268,1.6453188397771616e-07,0.00012015257955599878,5.476415616861881e-08,0.0004350884684299006,9.05259986613461e-07
14,-0.03661035835316373,0.0026141933853200323,0.0026573027467730937,1.3894595422848582e-05,0.002937380847507931,1.7592897521292062e-05,0.10048999473034596,0.09948237721320399,0.0013566051505087494,5.472344102606939e-06,0.0011816585936221702,4.611218429250355e-06,0.0008075526001580568,4.642853291920243e-06,0.0012664797488225132,6.932375611607815e-06,0.0010230481938629777,0.0014638922726901704,2.7501294327950956e-06,0.0016339943760615093,3.5014294859047584e-06,0.10019067377808369,0.09979614358527533,0.0007269608894077573,9.130252956412184e-07,0.0007450107643264148,7.194534243599053e-07,0.0004036415633880908,5.578504412261685e-07,0.0008143931384648973,1.6182491290536403e-06,0.0003531040403487652,0.0003227087336857837,4.494342287325869e-07,0.00032800447384346844,4.971943147829696e-07,2.9840850283258115e-05,1.070104507860386e-07,0.00025869077339900625,1.2124638932741644e-07,0.00028899293314884613,1.6526193803299567e-07,0.00012015257955599878,8.846683519908734e-08,0.0004350884684299006,8.825570442083599e-07
15,-0.012780779174497992,0.0033320132719130294,0.0034457498757649472,1.2354436124549717e-05,0.003635119040081214,1.578061478584685e-05,0.10068566032475938,0.09934137148972048,0.0016446811782269255,6.690883982672594e-06,0.0015838313515934566,5.312869698010817e-06,0.001021879783555113,6.5960156829082895e-06,0.0012664797488225132,9.382472300617167e-06,0.0013321602392432595,0.001949433051013305,2.3979262345971168e-06,0.0021114223521370157,3.0428677151215e-06,0.10031449145792122,0.09973469996485447,0.0009419358718745552,9.683675573843694e-07,0.0010131708237721472,5.891717404834286e-07,0.0005442011946315661,7.593679667168365e-07,0.0008143931384648973,1.8427949675588952e-06,0.00047028448835899415,0.000453629516601517,4.798534738562306e-07,0.0004525151578194775,5.319906920143937e-07,7.924534538246153e-05,1.6539611594898477e-07,0.000390996317651493,1.6412797624594342e-07,0.0004287386310552588,1.7929636417546313e-07,0.00017089806006299614,1.270057255368668e-07,0.0004350884684299006,8.770743575794182e-07
16,0.011048800004167747,0.0042223670219227235,0.003775208057121493,1.3223666755518705e-05,0.003734937114213954,1.5762945055582164e-05,0.10069188572513735,0.09916875668716243,0.0017035783730550702,1.035575758650319e-05,0.0018475431798606,8.515342032975148e-06,0.0010790964446724671,1.1104644010109476e-05,0.0017500981574797626,1.1951247279896967e-05,0.0017245258685260046,0.0027251651972409973,7.162329405959178e-06,0.0032161195426162804,1.0798475617234701e-05,0.10042182976561762,0.09965692246003792,0.0017142492438660395,3.3531008775449046e-06,0.0014109186913165207,1.5703848190828834e-06,0.0008407846124248497,1.3615215727448072e-06,0.0016189089896030406,2.9033921760468316e-06,0.000622655150045213,0.001338346032384663,4.032136824456974e-06,0.0015180565057444472,5.434018305568757e-06,0.00017120905303238398,2.3612487074629702e-07,0.0006673654080395552,1.0750863685130085e-06,0.0008601019500796947,1.0836034070657927e-06,0.0004597085633471387,3.4273957721874293e-07,0.0013734184330539746,4.18747663752774e-06
17,0.034878379182833485,0.0053197822551773735,0.0052037935010840084,2.379335754793415e-05,0.005429858576306712,3.335870613880842e-05,0.10104298815373883,0.09895586266028046,0.00242667042257706,1.5294910374344285e-05,0.0025909452960318434,1.2059874491987795e-05,0.0015726462223603966,1.598828152973766e-05,0.003323305567301582,1.776172822266777e-05,0.0022194370544165857,0.00333690844012523,9.389040111113459e-06,0.0037746472255965947,1.328559393779624e-05,0.1005554253253866,0.09955909985084092,0.0020660699510021917,4.020708975191608e-06,0.001790932226878883,2.315496758325232e-06,0.001064434242671808,2.0813851064622713e-06,0.002313253435289764,5.143103374490215e-06,0.0008195384306279324,0.0013467025671803578,3.813825152280371e-06,0.0015180944351235737,5.120221700002113e-06,0.00017635767954109481,4.468050566901339e-07,0.0007247663765855838,1.1228613125303914e-06,0.0009167027892091784,1.038990342421981e-06,0.00047528139954459145,4.3060730876382116e-07,0.0014727920030690011,4.285536387594221e-06
18,0.058707958361499224,0.006663910361729024,0.007078292808139997,4.9013473971082224e-05,0.006836890811639329,3.84372694914664e-05,0.1052409958423988,0.09868697845628603,0.012542978183262044,8.27522770525971e-05,0.014356879717436077,8.276191579824708e-05,0.008625896375013209,1.45917365276873e-05,0.0061134541308418885,4.3635328454809586e-05,0.002839770030236566,0.004837857106215348,1.4951390993640015e-05,0.004491642032166854,1.3971928785761241e-05,0.10398980735952865,0.09944118748434663,0.016138643237485227,0.0003088911837899225,0.014454712159440964,0.0001490575308052476,0.00771989844520331,2.9287061461604563e-05,0.004298558178714029,1.4147400964646566e-05,0.001072338742515205,0.00228625266071526,8.307020848383645e-06,0.001917796590007881,5.317961518488043e-06,0.10250542553044559,0.09979164465920762,0.012326395614315278,0.0001445370122513343,0.012900978686520648,0.0001486010528182862,0.005721700696679788,2.3060455371050535e-05,0.0028420748847110323,1.1402864264256413e-05
19,0.08253753754016496,0.008299866392245992,0.008149025205992722,5.073910558081016e-05,0.008142227371464961,4.206397661235217e-05,0.10941906887489809,0.09839646126125468,0.021916557044234796,0.0003217373489213678,0.025518107530929347,0.000332447018735564,0.015193844976644399,6.903693388226302e-05,0.007534881163684693,4.492505759414784e-05,0.003612421708039931,0.005730611838568244,1.327433864723205e-05,0.005245372692050998,1.374568777308772e-05,0.10710397547995523,0.09931807363738639,0.024351665672478696,0.0005949594062938414,0.02498011753868402,0.00048526938036468157,0.013582378768008751,0.00010408824874126531,0.005525624197059753,1.3937636944550762e-05,0.0013948966242038317,0.0031022526695903773,9.188706768866686e-06,0.0023450796994982427,5.32019764990281e-06,0.10503952689029299,0.09975640172579159,0.022117203830261056,0.000538185049405552,0.02327359533956038,0.0005055920180714532,0.010629355250712392,8.915370297977974e-05,0.004012708097355067,1.5637010535189782e-05
20,0.1063671167188307,0.010278493149618035,0.010272742373176547,5.8209373500790264e-05,0.010173548684252898,4.6459446406449265e-05,0.11554772252442395,0.09811526659249202,0.03671293535259853,0.000950904521628333,0.03831860456150081,0.0008507850065172757,0.0242004456825609,0.00024289299992197457,0.010325439958348259,5.3058853954115875e-05,0.004568743212303121,0.0069452329196228344,1.9144034879842583e-05,0.00641830094086635,1.4048254800437939e-05,0.11121532775079268,0.09919391805015429,0.037733465130479114,0.0013254848401073275,0.037102465691880616,0.001095963658954645,0.020769076063985682,0.00027081580837993535,0.007213940984937384,2.8122586658235628e-05,0.001803873729008596,0.0037048525148545173,1.3568830338347467e-05,0.002981823091923086,5.985450137748898e-06,0.10774958993449493,0.09971203850898784,0.030896593518529657,0.0010226543540209812,0.03502979525133624,0.0011387882355592676,0.016686254011880352,0.00022789692948954073,0.0048500798210848965,2.4202468000202007e-05
21,0.1301966958974965,0.012656523621137056,0.012697945266473942,4.322964637374007e-05,0.012481857646022854,4.709781290653207e-05,0.1206908515321337,0.09773535112589729,0.048819134994848336,0.0015643848501190774,0.051240332300517465,0.0015379668836074246,0.033234543138882314,0.00047792369502223746,0.013733535548990306,3.649820621819189e-05,0.005744954592911475,0.007711873283995474,1.7673902489252108e-05,0.007686547919241249,1.4561064178541703e-05,0.11486140827301741,0.09903264821473777,0.047904831451679876,0.0019908478346136503,0.050106343610388404,0.0020032078330544504,0.028130041540065133,0.0005122037842083614,0.008430634037711483,2.4746754510251085e-05,0.0023191636160704845,0.003912525524721844,1.2231176929055124e-05,0.003713085182030007,6.537647796703913e-06,0.11056751962936151,0.0996660050155482,0.04291935126811982,0.0018441443748285456,0.04789320407028151,0.0020987873384529557,0.023520311522521875,0.00045748658539595513,0.00520933696419521,2.1738517868263447e-05
22,0.15402627507616218,0.015496614515524403,0.01608403919077641,4.5646975236956014e-05,0.016280319627019712,5.1693159441583384e-05,0.1273037890247462,0.09732680848190019,0.06606769195085911,0.002769542634212672,0.06870847025784797,0.0029476029852818506,0.045757057474034,0.0010196963878210603,0.018461814538765265,7.002195739847089e-05,0.00718252167247944,0.009862421130954835,2.640847751251339e-05,0.009235019334246974,1.5014106959264329e-05,0.11880761879252408,0.09885075083908865,0.056752804443853236,0.002751486004704188,0.06231190478528812,0.003102399221211925,0.03569910400208896,0.0008336625799551974,0.011459648339023687,4.367328735106848e-05,0.0029643207851535558,0.004378263907590984,1.4493703379820473e-05,0.004378396768523274,5.94339715220119e-06,0.11274951914816307,0.0995908392301052,0.049780428894768955,0.0024222888375335008,0.057537322626708784,0.003022578109316888,0.028506544765151288,0.0006711708940318544,0.006319215822296576,3.2246902514355706e-05
23,0.17785585425482786,0.018867223317359752,0.019278698808357964,8.76038287856235e-05,0.019767700639372866,6.460961780309472e-05,0.1348622653345059,0.09689270559648784,0.07894213748391116,0.003908591922976512,0.08286984767824186,0.004227611388909596,0.05677149456870132,0.0015605479322236338,0.022555030366019226,0.00012461923139796562,0.008928473057165263,0.011805127334100728,3.53620837900316e-05,0.011512461187280398,1.8899690369356334e-05,0.12432774004103893,0.09869182215304195,0.06939790781267272,0.004010796309302211,0.07631009901717631,0.004618255886316574,0.04461258474261799,0.001305665975345655,0.014081903210781954,6.959856777047393e-05,0.003766997605326436,0.006219535955153677,2.3859052786868704e-05,0.005528632654192711,7.44494314978405e-06,0.11647441150084528,0.09956456773665837,0.06106389856018614,0.0036861186046555166,0.07003720727479695,0.004451537983521235,0.035480891033825714,0.0010377203025973998,0.008873101092277768,5.530187228752412e-05
24,0.20168543343349365,0.02284230217586284,0.025215558213092536,7.767980923582433e-05,0.025282336110690994,5.745598778859625e-05,0.14349542442321503,0.09643780023076969,0.09727143188104329,0.005895404589015224,0.10184264625770792,0.0064282352656698846,0.07100774903537464,0.002497653898178298,0.029957339867871968,0.00016653876556645714,0.011035632803320334,0.014989023017337311,5.358928800012385e-05,0.014582435709420171,2.3783620273266973e-05,0.13029770167342533,0.09853066950653291,0.08474948392307255,0.00593303346131154,0.09225445807922558,0.006703953690963044,0.05526608069314155,0.001996841479739316,0.01844124409196902,0.00011140182116768057,0.004759375773067839,0.007373511729743432,3.522377736092802e-05,0.007079402862305328,1.0567933494328012e-05,0.12035128102435352,0.09952447933316855,0.0739990386299284,0.005239678974796986,0.08266317833915585,0.006152646446158695,0.043295822771862114,0.0015253057582969329,0.010558871128696768,8.45197478204177e-05
25,0.22551501261215945,0.02750078430825263,0.02882676883103963,0.0001249319089001793,0.029691868176653036,7.578405053518096e-05,0.15146554165800855,0.09591948098925111,0.10771302712956725,0.007034396764998549,0.11385606433450846,0.007634182216758515,0.08129588896944315,0.0031119800503034084,0.035396642114822366,0.0002548780676271996,0.01356274231445417,0.01646266408691366,5.651590770702433e-05,0.017505844360888912,2.8588060571744487e-05,0.13593288021997477,0.09829738017089837,0.09462339060972179,0.007183912676723253,0.10379402026574427,0.008264693247225886,0.06396276254232108,0.0025926135027572903,0.020601044689551762,0.0001199351328396264,0.005978575809387886,0.008066347635509586,3.474252196764393e-05,0.008207790705740903,1.0241983585750701e-05,0.12352081932251044,0.0994209977861143,0.08066822385549292,0.006239528817634841,0.09278112030890953,0.007702223043507213,0.04907323528663522,0.0018925768629695493,0.011663868493199137,8.642462848747602e-05
26,0.24934459179082513,0.032925842572971875,0.03448565316380932,0.00011629609322702987,0.03547700111048343,7.596119633813423e-05,0.16074588618135804,0.09515624456061357,0.1218832708909621,0.008640221084801353,0.1284744223985612,0.009226519740491903,0.09379487739003989,0.003901661156173857,0.04239971105005552,0.00030190835865157343,0.01657444398714189,0.020268730531309943,3.9001203204823954e-05,0.021142938517520905,2.8367639073576842e-05,0.14259464711270975,0.09802489685297837,0.10775056199851529,0.008940674234923876,0.11809922774203722,0.010396279000328343,0.073901466210961,0.0033270855772386866,0.025456441430698595,0.00013080975084906816,0.007467025015452426,0.010794531469012969,4.406778977829431e-05,0.01020421988595368,1.3001931908057744e-05,0.1284595782159162,0.09939025007061898,0.09281935799993174,0.008169079177879453,0.10733253302546204,0.01017962289114976,0.05749489350830843,0.002568816220577575,0.014689720602470225,0.00010858129015871399
27,0.2731741709694908,0.039203905537905606,0.04084742429153208,0.00013942868836190554,0.042256402686987604,9.869865140944873e-05,0.17071241580553634,0.09446961163402409,0.13594393313312683,0.010269365966391263,0.14334166471549223,0.010988509110344841,0.10623187637735398,0.004744790452949897,0.049226144571661044,0.0003931878276159201,0.02014109917296626,0.023633878118162775,3.93873537049835e-05,0.02495792929481242,2.9742376056856246e-05,0.1495954830900265,0.09775734045390548,0.12113351442197613,0.01096964910971567,0.13193721382558915,0.012621789621501766,0.08355825452075909,0.004068867547648673,0.029441439821150474,0.0001630028976855082,0.00927276143325057,0.012781121175940746,5.065599919385723e-05,0.012825816662774358,1.6966445519218207e-05,0.13393937809810974,0.09939804349213881,0.10525119823506887,0.010348836822266425,0.12104651141065595,0.012732394683468517,0.06593472652927647,0.0032658883804952826,0.01719113223595804,0.0001410795474303581
28,0.2970037501481566,0.046423423727777385,0.049217325479928,0.00020320372374053145,0.05126020968169344,0.0001239491107276352,0.18333758209509515,0.09387465294859955,0.15032245710688183,0.01211533753227388,0.16074704633638018,0.013246027935011454,0.12215532775757784,0.005959446480429249,0.058828204492444844,0.00045856710369440983,0.024338414401118034,0.02988990410863853,4.714173435841149e-05,0.03056478413206053,4.895321201672046e-05,0.15818941860736174,0.09753594776600447,0.13324390186829435,0.012950172134878573,0.14657246816102312,0.015095173114131824,0.09552414165213012,0.005128076673076654,0.03714516124359642,0.0002121529455044021,0.011449648913094022,0.016596586717416283,9.355957968350349e-05,0.01608365261245027,2.5033133748699062e-05,0.13976827941878067,0.09935845457285004,0.11603386849519275,0.012358953624111626,0.13442153718436028,0.015381511545872723,0.07535415018569278,0.004156682075270804,0.021930215890036964,0.00020639656259554686
29,0.3208333293268224,0.05467338767365489,0.05707489074603876,0.00018707220824512136,0.05763244185994372,9.615750732056232e-05,0.19160432501857808,0.0924992143568129,0.16192789385420667,0.01281863922034596,0.17266692921804613,0.014079652856774354,0.1334114892277547,0.006449129880818576,0.06882167294530592,0.0005199284608472075,0.02924685270103824,0.034727326792582947,4.911055464199548e-05,0.034718180653531786,4.821100046273722e-05,0.16469123970751415,0.09698814254161361,0.14218630579179278,0.014241081343267233,0.1576576937888295,0.016673798209116374,0.10469217451630933,0.005768509156740112,0.043570867698194314,0.00026256352821405805,0.014057476606268214,0.0194792175309494,8.676777362496688e-05,0.01897533931218125,3.226267847313436e-05,0.14557135143700223,0.0993050296066599,0.12578105659956976,0.0143984904055168,0.14652141670378924,0.017883773916028307,0.08379338691411307,0.004973769628105867,0.025115087485076792,0.00021685605183128565
30,0.3446629085054881,0.06404160968206894,0.06432388895870587,0.0002740120589971449,0.0648262992676578,9.067651340753226e-05,0.20066835720778325,0.09101475043242858,0.17264598387607535,0.013300066142653657,0.18550087597626685,0.01490541165854962,0.1444449423420057,0.006742674460293241,0.07670318831354478,0.0005603487725874526,0.034950811407926004,0.03939776538067399,5.8595359641457196e-05,0.04061156475390576,4.400143904396775e-05,0.1724375296426864,0.09623574584182748,0.15325837795329553,0.015544538054994329,0.17117963689797241,0.01872380339745623,0.1161459293875694,0.0066561531048524355,0.05004273940065427,0.0003116193779573436,0.017161915322986363,0.02198506240464291,8.105231159389364e-05,0.022731598052837566,4.1647311002255574e-05,0.1507778918530598,0.09898345768034329,0.1361986435301464,0.016125752394838416,0.15992250376623138,0.020662956564712447,0.09277470914840201,0.0058494907353647445,0.028987317378398235,0.00024330893314351024
31,0.36849248768415377,0.07461279254982026,0.07577191318264861,0.0005399386849083745,0.07496021987980425,0.00012435695862085468,0.2121388632694538,0.08934999659969002,0.1908344213000872,0.01466976793181897,0.20017834710819402,0.01601321681521638,0.158555206308574,0.007385392639849364,0.09075010329565011,0.0011574760506276236,0.04153755408104046,0.04585146087818163,8.25675745346282e-05,0.047050379902260756,5.295646004705176e-05,0.18148528451234458,0.09538680381309746,0.16289366021579577,0.016675126829252256,0.18488651079917065,0.020815412466009715,0.12817950502042508,0.0075410426530010235,0.05834821853557239,0.0003998901766463708,0.020834303463436208,0.027483719876442714,0.00015307309017993165,0.02803978201737637,7.169242734915761e-05,0.15882448450254244,0.09880815965688208,0.148502694101813,0.01854270432637627,0.17403989120123212,0.023888772220476,0.10428741308526593,0.007071807809027539,0.0358338427582216,0.000368257636985899
32,0.39232206686281956,0.0864664203178167,0.08490269337938292,0.0006782625567897013,0.08702676094216288,0.00016744649683084258,0.22561969515536293,0.08732123919446172,0.20334631498482486,0.014915775375131973,0.21553328809130287,0.01691773382805544,0.174659117062002,0.008185095931274521,0.10122419466068036,0.0013043563827310075,0.04909589207625376,0.05044747420820424,6.576987782578737e-05,0.05462479677931418,6.375695550434256e-05,0.19091116778255496,0.09439233885752511,0.17278198404754466,0.01775037311187755,0.19739641536378055,0.022335550220132196,0.13988319189938916,0.008270893170808568,0.06432747522344572,0.0003509621471544879,0.025151236862874737,0.03010109654793951,0.0001473042123534745,0.03235095553549694,7.487193193286404e-05,0.16534743652498163,0.09846877454253446,0.15745757041856367,0.020308716794399224,0.18469927893743718,0.026040062654673058,0.11265823000030854,0.007763930979371736,0.03956456502063127,0.0003969231356181845
33,0.41615164604148536,0.09967451802803007,0.0976117133970561,0.0005909871896817079,0.0980757536069838,0.00018552271662748064,0.23762265211936637,0.08506062850336485,0.22137680022881093,0.016052559042493426,0.2296900923206456,0.0171712248842961,0.18963310969708685,0.00853656745661055,0.11696724071996685,0.0013487481836789912,0.05771462074289974,0.05854054820786968,0.00010270936736606047,0.0628948516217189,5.8461541196876655e-05,0.20040612538287964,0.09311880378968687,0.18446050155457444,0.018937799779116395,0.2110052368379584,0.02381936614268055,0.15235252149184458,0.009006095723953358,0.07506882703296708,0.00047823686518328536,0.030193940070034484,0.034282539649866814,0.00012984008319608255,0.038093098190819276,8.069575142734023e-05,0.1719937607399174,0.09782715680830259,0.16834559397673643,0.022030103968947855,0.1972716871543208,0.02844345909969881,0.1228711352254495,0.008698500098045339,0.04566576138157365,0.0004166328607963355
34,0.43998122522015104,0.1142993386896049,0.11236524325917792,0.0006615812393154013,0.1107890625651889,0.00018546951846555901,0.2517782427710736,0.08277162901959904,0.23405726645234468,0.015835259349366537,0.24434496989653343,0.017158987226599164,0.20483611680247762,0.008586924494043397,0.1328942134139865,0.0013137264323195886,0.06748072589684606,0.0685982339382662,7.993945253300687e-05,0.0722425427931341,6.626873240955641e-05,0.21078910142064045,0.09171835498640955,0.19447403073541653,0.019596631564400623,0.22410742574720835,0.024882938919364588,0.16548702432058193,0.00967944642920496,0.08706518133372448,0.0005266803977828892,0.036047401420909043,0.03980755721421242,8.016218600747809e-05,0.044761399415191236,9.32098180714858e-05,0.18023958844777177,0.09725217657875214,0.1788133898368655,0.023819000782029136,0.21023014419988742,0.030874436260044304,0.1342939403599812,0.009798822167007658,0.053287776852849175,0.000433091655818262
35,0.4638108043988167,0.13039104559557585,0.1326318944651846,0.001454459383315902,0.12845256863641155,0.000431273089996055,0.26856277567097714,0.08063129406040659,0.2516862692357376,0.01650747311605499,0.26163890268602225,0.017599219394349632,0.2225039514057255,0.008961752869752893,0.154568801843828,0.0022016565434744436,0.078477387775716,0.0808351940360485,0.0001422160324061206,0.08463639724958691,7.131656060395026e-05,0.22392325936894775,0.09055669588704367,0.2091209748143577,0.02086517309051094,0.24031368040517184,0.026629977531935873,0.1806296101533495,0.010510353787658447,0.1023852432419969,0.0008268054337700183,0.04279926081682922,0.048454429037481275,8.504153565746549e-05,0.05408586168415395,0.00014866351122039652,0.19170345725366209,0.09711129153802489,0.19274656220988173,0.02649697363482618,0.22607390021445956,0.034388124690206814,0.14855130054160834,0.011307476424517356,0.0647858595398159,0.0006031930223585653
36,0.4876403835774825,0.14798546607655066,0.14820864435579328,0.0017870215059687723,0.14640886209976886,0.0005000923588693679,0.28416900589652533,0.07780185510521982,0.2666790474245012,0.015841021240316146,0.2781208627444021,0.01734907905117848,0.24119429944540088,0.009256543280060345,0.1716304928379409,0.003033109034112053,0.09078182161720127,0.09227918800002739,0.0002185239539350258,0.0978269571092413,0.00011743288044536617,0.23674249725379104,0.0890504462779065,0.22306685476327542,0.02174602922708526,0.2563257629962473,0.0279174743069112,0.19620093594379656,0.011245586013322864,0.11586784398237646,0.0009657423000213756,0.05053844730916576,0.05662225095908537,0.0001660509787963781,0.06436167652064628,0.00025167051556658954,0.2034470478155765,0.09689860872447612,0.20637698640676566,0.028993912946899215,0.24196012320837368,0.037526972382060014,0.1624989311978114,0.012711847496919412,0.07485002168123739,0.0007977174247528444
37,0.5114699627561483,0.1671019980862008,0.16780214467825383,0.0021665350996079484,0.1653379916303262,0.000584226314514297,0.3019524743310939,0.07472674972424694,0.2822917439710154,0.015256846988492431,0.29466281335834843,0.01669731295451585,0.25990891233115065,0.00928587292323003,0.19079757603330033,0.0031026924554570117,0.10446300573312406,0.1082271895163029,0.0002673480773447454,0.11228348768217429,0.00011882312849459861,0.25019127826378823,0.08669325992209724,0.23649708927663826,0.021749210116241494,0.2718904252103913,0.02839971513377474,0.2127584466945791,0.011836542126585994,0.1328087037438977,0.0012833259414270766,0.05935357326548757,0.06859648958407899,0.00034918580298206556,0.07468525210644553,0.0003065600468881636,0.21394903174899899,0.09565101171985588,0.21957010864105167,0.030135002855189996,0.2546249815513182,0.039094802406696334,0.17568327479458712,0.013714466483004983,0.08934054521204507,0.0013403236492877013
38,0.535299541934814,0.18774175312456914,0.1863492010840644,0.002110788149025476,0.18574285770321808,0.00043500710811196844,0.3217500189050433,0.07151092298831283,0.2966200390573778,0.013821964652983307,0.31302538319959305,0.016060933084630694,0.2807088897158257,0.009250296985596207,0.20864954557020923,0.0027691385120909864,0.11957935882870752,0.12327899188239104,0.00028546124458691483,0.12947537277634896,0.00016136148810421859,0.2670456362145663,0.08458799416625006,0.2533995882250934,0.022262587571596448,0.2876665483654058,0.02869618927208114,0.23069737513673716,0.01245497500834324,0.1484447455030188,0.0013023129753591696,0.06933110275891195,0.08034550676181258,0.000543624789640551,0.08644384739279307,0.0003939519881395569,0.22654295383445855,0.09466190801057436,0.23259257878517997,0.03172337179724115,0.26982316317542476,0.041286576659673314,0.19096335813270277,0.015119929974819327,0.10280178639041208,0.0017961638107311863
39,0.5591291211134797,0.2098860174890153,0.20501708494598575,0.0021288109928062912,0.2021228117114564,0.0004933278537277524,0.3390854000144957,0.06798815443615179,0.3078216616528215,0.01194037311585447,0.3284152543147945,0.014478825354972602,0.2985780579420042,0.00843483606539553,0.22972699304231287,0.00251932227096503,0.13617643765386106,0.137868276763841,0.0002706330203121977,0.14335422730942288,0.0001448876569180967,0.2805675778361616,0.08207741631486153,0.2660059153129669,0.021340311889242944,0.302492790573317,0.028188388908415647,0.24616615474884282,0.012213523773088788,0.1661361724440237,0.0013617701193031563,0.0805533234823107,0.09189819569106757,0.0006113036438302005,0.09726372334591855,0.00037634555240018293,0.23800653494555624,0.09292176586041484,0.24472742234107545,0.03192903998985273,0.2821821321711625,0.04193043047050159,0.2046538976921748,0.015621817028488832,0.11732531456408016,0.002085962916658058
40,0.5829587002921455,0.23349510844111765,0.22306887294529948,0.0018992220709000821,0.2218958681348206,0.0005622030841705261,0.3558188272691541,0.06418365526750637,0.320250608881285,0.009970153461645795,0.34387495705264437,0.012645547347345045,0.31715928555042605,0.0076051439538510094,0.24998383171594626,0.0020973963094819102,0.1542847331949227,0.15359270172300504,0.0003168538656105766,0.15826331153281245,0.00017165826013991963,0.2943670837502933,0.07897035794116718,0.2772242711078347,0.019983888498033394,0.31686901554088465,0.026970169437185065,0.2619199514869285,0.011755182780995875,0.18488670255453193,0.0014664951236080456,0.09309616343293903,0.10575424786862894,0.0007653169459228699,0.10866026221758944,0.0004344010497613843,0.24906599358518977,0.09114790850233524,0.25457163157268586,0.0314705731018052,0.2942098326179024,0.04200412599487858,0.21728179905430145,0.015764161849141266,0.1337505001785116,0.002502409046889574
41,0.6067882794708113,0.2585076925379225,0.2515269804225132,0.002105168792384066,0.24689621657236027,0.0006852045291246346,0.3793365249482521,0.061097030780482765,0.34032752754743095,0.009784815354128784,0.36304345759212053,0.011533257816653934,0.3403618272010443,0.007367033204971908,0.2790756772991386,0.002337793792682139,0.17391764789880232,0.17811885453101944,0.00038833963306431654,0.18027769364735574,0.00019793280238898357,0.3162911054922472,0.07661770578569958,0.293430396706116,0.020194278170990315,0.33434717384595447,0.02644801219291378,0.28329834162801315,0.012159518796811587,0.21082179596098788,0.001860851697574969,0.10702690524259056,0.12355590217043369,0.0009722761477442994,0.12312791931449718,0.0004826763707416005,0.26402417003362916,0.08956149968515682,0.26758984779470646,0.03221945223052235,0.3100491523246605,0.043016386554694634,0.2342972663327015,0.016521488822268844,0.15524481988764044,0.003228304733394312
42,0.6306178586494771,0.28484062027043877,0.27222843870208446,0.0018391774004426335,0.26821185711612616,0.0008163269048477404,0.39757047229043,0.056687700911783566,0.355352272202304,0.008254948174589648,0.3775263697097378,0.009116092402312325,0.3585621064743327,0.005952788771320249,0.3007214025519465,0.001773513926402799,0.1950697373452806,0.19420405844821426,0.00031255651082299655,0.19462045891721041,0.00015094646368106192,0.3298705353899568,0.07266290103589179,0.3031517837217642,0.018502967879790024,0.3478189499048783,0.024058097461129718,0.2992131605267788,0.011050803945526943,0.2285350179195061,0.0015403047902646091,0.1224018616834015,0.13629651172323562,0.0007591700642451682,0.13705605860083248,0.0004060860182577993,0.2756089607707074,0.08654063821099886,0.27952026424477594,0.031296912147901805,0.324736495017885,0.042388733902311335,0.2494034229399947,0.01644371520385452,0.1705378955035013,0.0030860527338723008
43,0.6544474378281426,0.3123893146867032,0.29477586566510466,0.002124428789418466,0.2911446743574522,0.001383050579432382,0.4193405193964034,0.05331107153288116,0.3713263573570008,0.007340104183436452,0.3940848715526738,0.007520029614323649,0.3795125512349223,0.005364808710162795,0.32174147270717157,0.0018747092989942677,0.21771529697123915,0.21375283384378263,0.0005901244675907801,0.21338222992415412,0.0003642165405047859,0.3473240929483431,0.0696011443525856,0.3161894703364874,0.017827206179180717,0.36426939592743074,0.022422489804411652,0.3179963449882144,0.01044391472538846,0.24971811278942604,0.0016569366980932082,0.13926408487369935,0.15321451607900563,0.0009251733838668052,0.15343353929695094,0.00046321168187204884,0.2919430127356737,0.08450401077979984,0.2924534873126823,0.03140810752734366,0.34030206390032636,0.0421048716724161,0.26709187545165686,0.016809623318899396,0.18942782140015887,0.003561554163167288
44,0.6782770170068084,0.34102873247993204,0.3241084960533732,0.0028283900761399377,0.3200860257034311,0.0014032865258526543,0.44180806375876447,0.04948703268430609,0.39004761519777487,0.006482945931584263,0.41386236864268283,0.005955459897143522,0.40346060310343573,0.004659176954650894,0.35249401532426433,0.002639491950258414,0.2418073677110797,0.2369770314217187,0.0005996315460999515,0.23680345677380982,0.00032735336210534864,0.36729720562453616,0.06591402951648494,0.33306164194221977,0.017110185461561414,0.38106720970042196,0.020283987922370923,0.3391397414805624,0.009899535407315706,0.27445804868032353,0.0017865980021596881,0.1576411883716619,0.17018128690589554,0.0006783867294365217,0.17157677777414454,0.0004620445976473354,0.30793535432928765,0.08145957876581808,0.30598870283268925,0.030657641401157003,0.3567633900739172,0.040901786046528575,0.2852235822803209,0.016692970396494596,0.20754754440286632,0.0031701787257507738
45,0.7021065961854742,0.37061489492053423,0.3594834430558643,0.0031663067958505216,0.35601489971314687,0.0014111534850797026,0.47251477367295747,0.046168214285125686,0.41243630973294765,0.006799685893265693,0.43919910522572947,0.0052642735331826064,0.4353982399275906,0.0054510900458714755,0.3918536166548655,0.003854329682545754,0.2672772237721914,0.26596745363102053,0.0006359657117817547,0.26508738403513665,0.00042599415313775477,0.3915430167636943,0.06298954962507164,0.3539542405484656,0.01722029073912507,0.40266758593975016,0.019210435150441702,0.3648768339587065,0.010068372194367146,0.3078985305105948,0.0024703292461189666,0.17754336506902973,0.19405515581653496,0.0010206235058214407,0.19714262422932632,0.0007028635355882992,0.32940057546254337,0.07999130176526957,0.32158073170841683,0.030360383167745246,0.3753171181057971,0.04071203616714422,0.30817138377868625,0.01748752548170133,0.2338777342535881,0.004311914894673777
46,0.7259361753641398,0.400986963986615,0.38788367655243017,0.0030486030575673714,0.38299017412754904,0.0015412343601442743,0.49582616048253314,0.04240159746327764,0.42751420938238766,0.006669692196604663,0.4580024834333658,0.0037502728065370943,0.45978258668006705,0.004704790529794697,0.4204461138943326,0.0035877561960616826,0.2940343914646947,0.29291145252458256,0.0007012285339758585,0.29010658475059,0.0004549451202639276,0.41265935914712715,0.05888898039271332,0.3678906178867315,0.01619472100407231,0.4201672737112932,0.016867264850873465,0.3873339569657816,0.009224075359717861,0.336687211034525,0.0026444739237771607,0.19896168408368353,0.2134166722956155,0.0013018636423770733,0.21836198836740578,0.000696052238091674,0.3472097084394009,0.07659801013322902,0.3377423962848244,0.02897683342188944,0.391956372344595,0.038860565342686976,0.326786232042684,0.016781999345038785,0.2576427556200923,0.00503024396039231
47,0.7497657545428056,0.43196981718495925,0.4157473302762222,0.0028638891733168787,0.41120913761026606,0.0017197124174371092,0.5190216624802081,0.03839027664462148,0.4456554034485364,0.006284337297643649,0.4786151189850839,0.0026855365410821076,0.48506129557854705,0.004054309319763738,0.45143842061511796,0.003578339414940524,0.32196723053374693,0.3204580847074973,0.0006475599126704821,0.32005794725274794,0.00031798485708443917,0.4398664461560358,0.05475654026404878,0.3861382306487594,0.015041162238979324,0.4415814241582236,0.015269319583066552,0.41457997465315294,0.008936644258373441,0.36699034571523226,0.002804700829257056,0.22186674635244374,0.24208639042596433,0.0013291525274668889,0.2465400629323856,0.0009554415481118275,0.3735425772822959,0.07386426848607534,0.3545413942913102,0.028405522895616514,0.4129087061641809,0.03838673746943456,0.3520905265118245,0.01750360366477568,0.28790287918528734,0.005850056881791547
48,0.7735953337214714,0.4633770539743118,0.4412113413097679,0.003586958462490552,0.4405015209920993,0.00268910026363208,0.543201752549171,0.03512181909834459,0.4636685627118107,0.006928526186811441,0.49771040006758094,0.0017875175222959228,0.5103514968862781,0.0039394534289154065,0.47872624361843324,0.00448649609327109,0.3509440894998407,0.3467294363779193,0.0006781006779840775,0.34931873587879375,0.0005735329043708163,0.46398186504520045,0.050774531960180246,0.4057817418150623,0.014586773989894372,0.4606339953387971,0.012895109044551309,0.43872440185913153,0.008239193240550802,0.39595269180433046,0.0029660596935576653,0.2462077711881001,0.26939406070123517,0.0016546310010151055,0.27187861498912136,0.0011732192043350856,0.3946211648315356,0.07069913292177368,0.36960528552610156,0.026953476765578337,0.43046990971824667,0.03595126666910507,0.37420227531724254,0.017134529573975713,0.3180725319781591,0.006669526961583967
49,0.7974249129001372,0.4950143484931711,0.47041939155324497,0.0032939923570571615,0.4704965411328036,0.0026719998673923337,0.5710026104449406,0.031241189935798254,0.47923966695488424,0.007476588679543027,0.5173302307006548,0.0012587312942704356,0.5357724183929958,0.003322316631326342,0.504722733471594,0.003605459284784633,0.3808150249822918,0.37567776927540447,0.0005745748057391709,0.3781794594851509,0.0007753201550837036,0.49040024949046385,0.04686622935749913,0.42267237214264836,0.014026031823361332,0.47976627783471726,0.01077399733994478,0.4633395264179683,0.007448132580373715,0.42184925420872404,0.002411187401112266,0.27191217474894647,0.2883461744649009,0.0015154692901364036,0.2944739380092677,0.00117170904086773,0.414588438722799,0.06701364815642366,0.38330153951553736,0.0250519188157362,0.4478434036939743,0.03304605477559818,0.3954114222454874,0.016129226968485583,0.34092985841532586,0.006322875587639586
50,0.821254492078803,0.5266830484404432,0.4969362045853333,0.003803731471589212,0.4992454974118917,0.0026926365535336677,0.59561636640751,0.027617440570675604,0.4980345355836075,0.00801892624673659,0.5372723361352374,0.0010294702349754807,0.5616374675857386,0.002845453009766869,0.5318455245680336,0.003342105962173863,0.41141405288701044,0.4028094208679378,0.0007416761178872635,0.40478953777394705,0.0007102513543094878,0.5130000382649836,0.04326183620681573,0.4370475376972215,0.014277396652339508,0.49785394346231915,0.008614316492996574,0.4873541791907394,0.006392665938558374,0.4498853784170372,0.002282256765595485,0.2988856864677814,0.3139554537731037,0.0012844831746873903,0.31720927405938265,0.0009546843627917077,0.4338305216349684,0.0631644445196263,0.40029239481756596,0.02365273023550462,0.46488714198690423,0.02953263252853671,0.4155399266511375,0.014488620960754466,0.36886723671655497,0.0063753666839713825
51,0.8450840712574685,0.5581839092765237,0.5264884526469681,0.0029594702691322834,0.5256646534707672,0.0028799489040033234,0.6196608665111168,0.023928502142121798,0.5137132820235377,0.00949010396899201,0.5541906719913587,0.0010632646347915231,0.5850066738084424,0.002296369585630672,0.562362319150864,0.002643007065163852,0.4425618777857535,0.4347212108824601,0.0006590513794433294,0.4361778181672367,0.000643047029559542,0.5397003867179044,0.039312184598430104,0.45864991838204805,0.014023716069553938,0.5172395429605907,0.006892592769192196,0.5142019423619746,0.0056912774595131626,0.4825984327985068,0.0023631042804404035,0.3270130315232095,0.34705376001549143,0.0017856325175545896,0.3502885123946217,0.0015169597641857165,0.46180458525836326,0.06049580735069351,0.41757402658560405,0.023136651451336816,0.4858153046729135,0.027461690805098922,0.4432963144986436,0.014560085014206376,0.40391748375768766,0.007874988302099418
52,0.8689136504361343,0.5893208469992746,0.5592159694739985,0.002914454483348574,0.5570508737169082,0.0028034959853413767,0.6448000126849193,0.021252224927543185,0.5291735695945381,0.012317648185102314,0.5734849753343043,0.0014334605021518252,0.6110288272097967,0.001986781880172901,0.5920056711466978,0.0023846018868294177,0.47406902691811886,0.46332539698670755,0.0008954829704850914,0.46328988324298265,0.000953082434056033,0.5617833934401503,0.03609257645142615,0.47378640769138813,0.015173711787953214,0.5358143534013229,0.005173173037387889,0.5376819426520099,0.00480369928630782,0.511700450546218,0.002229038390752807,0.3561591871439119,0.3735115982608298,0.002184091818167865,0.3747861259282964,0.0018801726558376724,0.4843034055443409,0.0574610283180341,0.4309504411114412,0.02221829917167579,0.5023064999195678,0.024172840907712136,0.4648653323497,0.01327303405556567,0.42997216596869203,0.007625617483121931
53,0.8927432296148001,0.6199045919354507,0.5826471576973562,0.0034529848705599194,0.5822803780688852,0.0026051774175625125,0.666354397351089,0.01811036682986418,0.5424260437475406,0.015054643686513863,0.5906949637430224,0.0019524211994461943,0.6335768263285221,0.0014579229790780861,0.6160426045630445,0.002455862180008324,0.5057392980705213,0.48672922143901926,0.0011454848723361668,0.4889436058126179,0.001075194248104904,0.5844337652174506,0.031924439845549234,0.4884114641502138,0.01630448282988839,0.5523220363376506,0.003547260920159452,0.5601143871024097,0.0036201965143192066,0.5344993217467462,0.0016345572836189673,0.38617119882919115,0.39336585150572523,0.001910128623013876,0.3959021113396006,0.0017486921689454757,0.5032509412735843,0.05286839470913148,0.4442116178861104,0.02017365777911765,0.5169623977182501,0.02007746218484766,0.48471642748612054,0.01128195960724319,0.45063497073817527,0.006320116428384559
54,0.9165728087934657,0.6497561303191872,0.6176968580236011,0.002634771338741107,0.6153313934890586,0.0022625347578800947,0.6947814653739159,0.015754675393632754,0.5632548154953299,0.017046320232400512,0.6129756627586183,0.0023423474875521517,0.6606883816667868,0.00123358279511912,0.6520423975623776,0.0021018258920849292,0.5373734170635567,0.5203137716856233,0.0007625639435909387,0.5201957255517751,0.0008402274444177004,0.6119773843196098,0.02829726395295275,0.5106363941652898,0.015407995944195316,0.5714760671939163,0.0028893342630399695,0.5880711865819811,0.002979001492470172,0.5699879310455047,0.0015934157534735114,0.41688052048884205,0.42654664429184636,0.0014843752954848926,0.42959066384914635,0.0018398602966937735,0.5330467300801074,0.04930628376191083,0.461100281943569,0.021223694917071177,0.5384427580177372,0.017907663274382913,0.5144472689523129,0.010958576498907278,0.4867956439397047,0.006430207742993546
55,0.9404023879721315,0.6787098296620152,0.6457905722083728,0.0028969491083533716,0.642682900791332,0.002512680816093718,0.7153362322546364,0.013468704721626926,0.5820212474504091,0.019203614850589294,0.6335780027998948,0.002933719915784802,0.6836403547103436,0.0012962207206241034,0.6791714559193185,0.002081274094383299,0.5687727914579187,0.5500026030944409,0.0007324570296764236,0.5478589829977514,0.0010237985292097847,0.6368081553988141,0.025034740124411748,0.5246949940164762,0.01804443813604533,0.5899581744066512,0.002330481033377877,0.6120959239231866,0.0022721691485190413,0.597889756077497,0.00122633269858593,0.4481058211637388,0.4544572526192144,0.0011768796971659934,0.4573730160010844,0.0019864904381757136,0.5594341749731827,0.04516060383392626,0.4791533341684563,0.020326016413235164,0.5558374383148357,0.015209156527553974,0.538696499687047,0.009673841722206538,0.5149963759180078,0.00579142392015254
56,0.9642319671507973,0.7066161575381598,0.6850457263054276,0.0029081628154376668,0.6840854208143747,0.0021711307193634944,0.7485290284781607,0.01134335553714264,0.6131786738694102,0.017964403920242497,0.658161242257876,0.003488530389617938,0.7149883778451198,0.0017509473403522313,0.7145492423554965,0.0028156093437075092,0.5997432428786638,0.5806075976063856,0.0008847973329429075,0.5790194167591813,0.0010798921511376816,0.6624968662767527,0.021586954266008627,0.5432356700793076,0.01943060271588209,0.6092053889971918,0.0018568413461939027,0.6377450842052335,0.0018874372532684176,0.6296816342009753,0.0014165390926608418,0.4796561814983501,0.48741684102937227,0.0010583604237780987,0.4883869625272729,0.0024856707513971313,0.5877567748709736,0.040832185379657306,0.49626600710196833,0.019696907528244247,0.5752070819330236,0.012691914214983665,0.5644818447005387,0.008816687863457257,0.5484115704465147,0.005594631193495744
57,0.9880615463294631,0.733343920662054,0.7171461738865601,0.0023382108935799057,0.7148078538736088,0.001610439402651914,0.7714257418397038,0.008999574314569474,0.6454754805285374,0.014036940201493675,0.6801799016727833,0.003767209797349844,0.7394825541796461,0.001176346037430416,0.7450133794297401,0.002346916713451573,0.6300986012945013,0.6110275995083823,0.0006206519419468678,0.6072430961623814,0.0009435222580781106,0.6862868564201747,0.018589896658004926,0.5603646284516639,0.021743522987082313,0.6272201854046231,0.001619112347191374,0.6603226404420692,0.0011477979276023728,0.6592571650230425,0.0010989993870589084,0.5113345865413634,0.513650261805026,0.00138330970095686,0.5095439496072499,0.0027045997698260716,0.6066388933694468,0.036697369498263736,0.5098900817142215,0.020263807828783675,0.5891941907574252,0.010178182444519955,0.5828946379426551,0.006967888174992211,0.5746603964737378,0.005208037708969397
58,1.0118911255081289,0.758781971083045,0.7383483195720054,0.0020592335839122178,0.7370431067034366,0.0018224027804714608,0.7930285212278265,0.00721759104164002,0.6661299249341838,0.01422177601113637,0.6962530653735404,0.004656801183583359,0.7614665193634145,0.0011441934521515893,0.7669162188870586,0.0018834943327141322,0.6596640506202298,0.6432378209886151,0.0004959602599063726,0.6398154148704411,0.0007700843336762965,0.713165487318545,0.015840303181350907,0.5744907457621572,0.026009820826105107,0.6471721740585359,0.0019038181967482803,0.6877175884225009,0.0009842172344104924,0.6891411954337376,0.001093122641759528,0.5429416086569928,0.5546096386393902,0.001496224165200901,0.5497997428303092,0.0019742842792496414,0.6366889046831253,0.03369272382418637,0.5358563866296983,0.01887819526232883,0.6124037945327042,0.00873272701583772,0.6161687858354071,0.006836551825866644,0.6126366312766839,0.0060032723073577985
59,1.0357207046867944,0.7828403479020802,0.7616691713026372,0.001856751767306845,0.7610234813137653,0.002064554040724419,0.8150324630828765,0.005924827030533151,0.6828963331436416,0.015180670474322566,0.7122627935207712,0.005773133618309928,0.781235655712736,0.001279969742405271,0.7885746923685167,0.001550697811871036,0.6882791257983609,0.6714512835341093,0.0005337295655526062,0.670290860948614,0.0009437400602818515,0.7387167287120351,0.013297380708886659,0.5998147957711464,0.024474143136194317,0.6648881156250945,0.002519059932000585,0.7115486339345543,0.0007433742251361275,0.715387576931415,0.0010029223989622932,0.5742791660460348,0.5831831558781694,0.0014421063106489559,0.5790148656708058,0.0017235418839841293,0.65959536402921,0.02986439472811809,0.55036711329418,0.019974214163757532,0.6320471571847822,0.006977805008909202,0.6408167211551874,0.005736180892454006,0.639439371211664,0.005397042938702596
60,1.0595502838654602,0.8054508450084739,0.7867843325901782,0.001550105212949194,0.7891044889740614,0.001828725656189865,0.8380995642892145,0.0051414980966698835,0.7021849954065713,0.01576900201863911,0.7319619901204034,0.006255901225667956,0.8035363231049342,0.0010780122022165223,0.8106899132368619,0.0011753840612845374,0.7158002764599226,0.6993324876597392,0.0007494712490066439,0.7003394503539219,0.00144626395961057,0.7672631917421129,0.0112844894439622,0.6220452712457064,0.026514505037699743,0.68471860825763,0.003158906799639173,0.7367327161156286,0.000873436013570914,0.740625173427777,0.0011599657848481275,0.6051542390653919,0.6139195801666295,0.002711054519466724,0.6106847408302861,0.002644448911305411,0.6909709584457188,0.026777815179943293,0.5683135565722015,0.02255013703928516,0.6517232708591877,0.006352241171181654,0.6688566404008116,0.0059195794317563055,0.6698943932872767,0.006236189235755132
61,1.083379863044126,0.8265670168387682,0.8062024538549994,0.0017723550121319035,0.8053727817216505,0.0020068461348671436,0.8467300540434941,0.004476222082150815,0.7142587706529968,0.018578756804554758,0.7459849117628334,0.007405336337718829,0.8174901956800774,0.0010244337263844965,0.8290880546566592,0.001250706693089272,0.7421029305423991,0.7240744031082513,0.000988960812568214,0.7228110017910525,0.001551285838257612,0.7840055964591766,0.009814560014514839,0.6345461506765391,0.030649897154561494,0.7007571068066759,0.00402068990477448,0.7567092877395127,0.0006456507489188717,0.7639498873538668,0.0009672190971406816,0.6353824283835402,0.6441358679261947,0.0034580586204909216,0.6431102486230621,0.0030895338281839682,0.7177205465511657,0.024763558799005807,0.5857409885118604,0.025035204706170933,0.6706286870631714,0.006045121521630462,0.6945742380515478,0.00566449435796063,0.6983700917579931,0.006569152250128609
62,1.1072094422227916,0.8461636540533901,0.8190157294349966,0.0020466043189803986,0.818363241806274,0.0023064517773672888,0.8564232476343472,0.004135184980973804,0.7216815725057427,0.022202457069790016,0.7575915226056915,0.008907139625027077,0.8306649613045511,0.0011613464898472031,0.8419992732669412,0.0011224764082145102,0.7670830118663471,0.7459777822544879,0.0011634193253916908,0.7435961365207957,0.0016751605790036243,0.8020333223976209,0.008107555703653064,0.6465394030561974,0.03459143850518777,0.7161026410966072,0.004919569705704616,0.775893488469897,0.0005009583623771496,0.7846691643748501,0.0007422628786225475,0.6647912459134054,0.6745473515904246,0.0029849189561771635,0.6732293701426068,0.003084990501024123,0.7408551579456797,0.022322201911859085,0.6024308166680282,0.027715967246271102,0.6900921548195968,0.005069613501140703,0.7195510342646337,0.005096702536413916,0.7258230035363086,0.0059594426873380854
63,1.1310390214014574,0.8642357784296117,0.8495980552045739,0.0016252514345469118,0.8484064558524922,0.0021051240851959747,0.8801880461261001,0.0037226530997130462,0.7518850826963064,0.02026348390916611,0.7821220648057815,0.007957482997348412,0.855237788496726,0.001064105212303383,0.8709671000391929,0.0012010141854571538,0.7906578875517007,0.7759102744552943,0.0008284669591422662,0.7719706175152854,0.0012674696084996602,0.8232759866286434,0.006892842948101904,0.6649295862871257,0.037326519203913784,0.737790307049114,0.0048294939797553045,0.8001430343857698,0.00042826621607231576,0.8130482766617142,0.0008529409080197716,0.6932230410366214,0.7051272003683597,0.003194473921680382,0.700643704885771,0.0031895640169104103,0.7602442510688536,0.020414837654213685,0.6166405702364062,0.03148033921479856,0.7085596398725099,0.0044357137945711615,0.7435448017431456,0.004688283776609384,0.7556401416717274,0.006234570084120665
64,1.1548686005801232,0.8807972204867581,0.8714286865690914,0.0011975943610353906,0.8687156143562792,0.0015579228900400059,0.8990395589960041,0.002828287012235575,0.7672202834222531,0.02044588087156169,0.7988962793733101,0.007700176622723364,0.872970672362617,0.0009799689785170357,0.8894128817153687,0.0010870760067459924,0.8127667431692918,0.7984455465165701,0.0009613489638116699,0.7933315218799775,0.001377905579414806,0.8418732111571916,0.005903979395873676,0.6759313415704725,0.04198513438177617,0.7537636515275458,0.005752785800303076,0.8191602892879981,0.00044428259915426364,0.8334692884039733,0.0009035133474011402,0.7205374802312197,0.7278846348835599,0.002851804680367927,0.7256284810638848,0.0025906959385750047,0.7819881102130114,0.016603785777260564,0.6388202328265182,0.02918134062765786,0.7256997579111324,0.004122312835972905,0.7664857762730259,0.003648763222675316,0.7778638848902139,0.005407452565590502
65,1.178698179758789,0.8958788539140908,0.879926802139187,0.0016070529701403568,0.8761191898499809,0.001766984857019815,0.9048284158676184,0.0023339029755651023,0.7730502976883863,0.023155253983201153,0.8103021826828579,0.008416397112227015,0.8826233478417491,0.0011107456546545146,0.8977819901033459,0.0011579893956397483,0.8333704045904327,0.8188473353371378,0.0011070169140850205,0.813611631512068,0.0016868707044758117,0.8612427448360144,0.004567769008813853,0.6890103925750444,0.045124416518320234,0.7697813542425113,0.0064177768773943265,0.8372938163513479,0.0005013541966766693,0.8510759182971807,0.0009448901536833514,0.746613516982691,0.7586739613611087,0.002780525470648336,0.755767668344582,0.002298376711381612,0.8095933780056257,0.013764134193371452,0.6662971486253866,0.024749652133709145,0.7438613099984636,0.00433693756389432,0.7917248047829613,0.0033638420100957447,0.8036582928329572,0.005421767592377277
66,1.2025277589374548,0.9095265675172651,0.9012779964845239,0.0005253958885631423,0.8983958147200519,0.000521318108981872,0.9234699134356357,0.0013694802943232626,0.7932521702860986,0.01988544935613248,0.8288829643815294,0.00707977351821822,0.9003678261625389,0.00044029905126571103,0.9158431611726279,0.00048468410943510647,0.8524506446381315,0.8425571834947139,0.0008288744006571165,0.8360006719750721,0.0014681910717062366,0.8803973395797542,0.0037390623795007807,0.7050178170889622,0.04708140309671033,0.787613778742939,0.006964997237867708,0.856125421652181,0.00042625253886393607,0.8705809563642395,0.0008335829948267346,0.7713508097847721,0.7857433713290475,0.003059731142944355,0.7812045170032601,0.0027322608430855,0.83194635406782,0.012286151095983919,0.6828637639034179,0.027095648682501854,0.762438462472139,0.005077829250550818,0.8132761207839684,0.003254997509296834,0.8266696721712552,0.005157374305472761
67,1.2263573381161204,0.9217990581193526,0.9152521446875808,0.00045611972805128614,0.9106024642119813,0.0006700654722455459,0.9341446046960016,0.0011988424157544063,0.8115091988574628,0.017181666514485442,0.8433435388372429,0.006777386672626939,0.9130479917172423,0.0004921425263535269,0.9273315955957214,0.0005006105078667765,0.8700090290356145,0.8606793613069739,0.0008000625411335836,0.8551686292552937,0.0015814625634759632,0.8949196479481799,0.003374524869865421,0.7236378581936358,0.04777438093906019,0.8046682428714664,0.006820388437572678,0.8724565532579295,0.0004594637237795623,0.8863768174565851,0.0007328477285755187,0.7946705680209303,0.8075973418586189,0.003047428620828429,0.8066664469960573,0.002516418618415288,0.8502592632383237,0.011333945580510643,0.7016210679885592,0.027644049743758902,0.7803419985840966,0.004959290111685273,0.8326649974325843,0.0030767326693586167,0.8460234925324908,0.004770861606907593
68,1.2501869172947861,0.9327655268436846,0.92508587230401,0.0005018061212838034,0.9211289994505801,0.0007702324041183021,0.941932186073989,0.0009357944379039564,0.8595902487775149,0.012392216609894703,0.8556721506711474,0.006505648319508091,0.9226208188891342,0.0005397767231584071,0.9366439685712434,0.00043726218142900436,0.88606536916756,0.8764976728031183,0.000797230252702837,0.8724858772497484,0.0016367536557323422,0.907786600717557,0.0026354673980711458,0.7477355024434077,0.04650337865634468,0.8191065484570043,0.006550647514125321,0.8858072705378852,0.00039478577132661394,0.8998352986663791,0.0005979698746078021,0.8165158274412981,0.8258024831728521,0.0027351656298034138,0.8285652738898864,0.0019182930194366506,0.8642249231423659,0.009334863581372204,0.7157850287889838,0.02814333539044083,0.7960588002670363,0.0039219848615624055,0.8505282308547247,0.002449855683409949,0.8631492702127584,0.00424614190381943
69,1.274016496473452,0.9425033568482105,0.9330728387490671,0.0005973938256022615,0.9309981904559932,0.000856788703040518,0.9504761241495444,0.0009169047667619545,0.8672308833289464,0.01212385774087471,0.8643825233193825,0.006833398402711017,0.9311324274816094,0.000695636504309691,0.9442240662860637,0.00038196650850864033,0.900655858416773,0.887301779503613,0.0008041363489398491,0.8856238548370928,0.001336305073508508,0.9190917804806371,0.0018752074562736955,0.7724437251476333,0.03198108643871046,0.8291482776800916,0.007517971352407354,0.8976384489974005,0.0003300897077505216,0.9090465150912657,0.0004607271039183326,0.8368511777442165,0.8392244270403888,0.002424995209497352,0.8428874690426895,0.0016713402910301662,0.8771379610545835,0.007767000412409764,0.7240589460174254,0.03209917872514253,0.8078518552308525,0.0049804534201090475,0.8643619993332908,0.0018858772402742246,0.8743663284314056,0.003661581217855698
70,1.2978460756521175,0.9510958433992046,0.9403167230205659,0.0004743310971215306,0.93965282616228,0.0008179431448084397,0.9602747981375405,0.0006678227074431511,0.8798019941085216,0.011254408407786399,0.8749191228837587,0.006371614843279668,0.9390207725651096,0.0006777468268176406,0.9500217480869472,0.00028667166254522133,0.913830974146656,0.8994636014120208,0.0007850050340211668,0.897254912192429,0.0011965021551656372,0.9275665525801079,0.001423305233399514,0.7824898985357215,0.03142427303964486,0.8403105190232679,0.007626031246802853,0.908598037017109,0.0003123962296745694,0.9189014006444788,0.00040647934839222117,0.8556619834814143,0.8547397241573167,0.0026528237154674955,0.8583517666456032,0.0016635195111574957,0.8892353576416878,0.00669890381714187,0.7403715590275317,0.030628612096306757,0.8210836277295277,0.0045055635264928725,0.8768633796277701,0.0015560904204063742,0.8852952868822831,0.003239026532503354
71,1.3216756548307833,0.9586300377902194,0.9459560248735144,0.0005226784251349789,0.9454000387515634,0.0008750550793322992,0.9647238819309598,0.0006070241259244411,0.8930444956156627,0.009770693110946936,0.8811651250758127,0.0067261885185163,0.9442918053874308,0.0007380762870725338,0.9543449445380231,0.00030347051283436484,0.9256532288259806,0.9108461811962139,0.0005828646580048333,0.9057076090490819,0.0011842198086812368,0.9343399050267573,0.0011344147447025588,0.7900531399925854,0.032997091910920116,0.8505504613514662,0.008071105130051884,0.9179015871171732,0.0002449205793618901,0.9274821381509689,0.00020787605074648312,0.8729531553415585,0.8819512757101581,0.00107601272559429,0.8853841077927068,0.0007779194631730069,0.9093710875539756,0.004396594016343463,0.7587622738778308,0.029687762503287557,0.8373700998907962,0.004754068541628751,0.8962608429121177,0.0010097398012957502,0.9060311859457842,0.0017442030033950802
72,1.345505234009449,0.9651947557071496,0.9573498401270708,0.0003595744964749423,0.9561042727225058,0.0005889073823566378,0.9720225063154032,0.00039544202829755253,0.9054380425592153,0.008723331052495812,0.8943543124854527,0.005694424781129683,0.9532078582094703,0.0005350159687343712,0.9639222249577643,0.0002295897592173713,0.93619485159966,0.9254024174078411,0.0006266168767393787,0.9197106263727935,0.0011950375827571896,0.9457813168544777,0.0009947495952838386,0.8102278083808624,0.03223715235439806,0.8658608255289197,0.0072716204059069004,0.9299884447459345,0.00028949367415854267,0.9387177225719723,0.00037132099968577753,0.8887475412428418,0.8981931077431187,0.001491533961425109,0.901848429992083,0.0011658893993567211,0.9231465896528566,0.0038216978858965495,0.7724301300871776,0.03164814569994282,0.8517783336849775,0.005189528673976796,0.9111808409186422,0.0011493084579155062,0.9186315815825219,0.0019164701076206248
73,1.369334813188115,0.9708787888963694,0.9614964428198458,0.00045959140546301594,0.9625273808965419,0.000785825278859352,0.9775677161930112,0.0004546324784675793,0.914204628395891,0.008726891282281216,0.9027084670823411,0.0055838053185255695,0.9598178293336084,0.0006654690815877561,0.9677666147766443,0.0002658717138975746,0.9455354762310904,0.9325522185142235,0.000555331449127704,0.9280242502143926,0.0010518799593623547,0.9520033894897584,0.0008733110592165789,0.814508938977404,0.034098880108060274,0.8738235613994956,0.007607727001736864,0.9367568093595807,0.0003361393123340977,0.9440946904132101,0.000333862175155346,0.9030840152223918,0.906115833959162,0.001367020060975444,0.9103227801475532,0.0010038138378125378,0.929560630057968,0.0030465029652441177,0.7765993105639024,0.03505429998585477,0.8589542432817732,0.0060988189393281055,0.9188653567421673,0.0008624851020888003,0.9236844182172913,0.0015060617321515086
74,1.3931643923667807,0.9757693470604869,0.9703568243334472,0.0004351824716710264,0.9734204187569734,0.0005202388884918361,0.9838689121699267,0.00029314008313040827,0.9229875559367562,0.0076797247819497,0.914933280356102,0.004692583297634676,0.9692876268678445,0.00043763415504365614,0.9743404532325854,0.0002862206273879851,0.9537599033416384,0.9465808316799211,0.0002226679731198169,0.945319432006744,0.00034496248273710814,0.9599968975608639,0.0006201827945895029,0.8329611306337334,0.03150112843458333,0.8907383003738693,0.005112442172444837,0.9487438752788714,0.00014812912286971228,0.9560811087174583,0.0001148639340943385,0.9160153467219441,0.9177103911160568,0.0007912495687654898,0.9219638224792268,0.000709185230964635,0.9376314730528967,0.002429279002603038,0.785619702632596,0.036370678598875036,0.8695084400022065,0.006039387934480348,0.9312987328271992,0.0006421562208606365,0.9336863438889266,0.00105283744868459
75,1.4169939715454463,0.9799507453677169,0.976929668346641,0.00031878617438027405,0.9787827327576057,0.00041036815234891163,0.9880838278316635,0.00017616725594840613,0.9318481935299692,0.0062219497514724095,0.9239628542387519,0.004074319012825715,0.9743704476558326,0.00034462532067495815,0.9785112934509034,0.00021236754943500198,0.9609559948983581,0.9546244821370994,0.0002411121674076144,0.9525026856911136,0.00046027560622216346,0.9657311682271059,0.000588066783723113,0.8459740463572258,0.032413936488069284,0.9000318602783093,0.004830412774066861,0.955418858742153,0.0001902783498615181,0.9626746745170479,0.00012592888353106456,0.9276059336317991,0.9284131502092532,0.0005913689874682746,0.9309087024285747,0.0005358317822417527,0.9444968257170532,0.0018394755512778041,0.7968830183862216,0.03555637566438703,0.879288042497612,0.005597986156121451,0.9391521148845967,0.00048466478176948893,0.9432174830078814,0.0008276051120013502
76,1.440823550724112,0.9835033423048295,0.9798498987632207,0.0002491080892890388,0.9815420073209525,0.0003096995255076832,0.9897038589711755,0.0001370671896061204,0.937243660052023,0.0057403460544871235,0.9310127156933262,0.003626092430808349,0.9784581766812404,0.00027706211000593287,0.9817364864424645,0.00017239220567177868,0.9672127476363583,0.9616747622489795,0.00016569981876839575,0.9592464122849667,0.00040980172013927433,0.970295423654858,0.0005498363304343942,0.8536007137146926,0.032231538015827996,0.9105143056587133,0.004214546121446526,0.9618932815601081,0.00019222258846489213,0.9685505447626441,0.00010955864844191548,0.9379294796638847,0.9400172085841814,0.0005882312411228561,0.9413685161277892,0.0004232644341850878,0.9536470689989903,0.001434182489089895,0.8136314451208747,0.030416427201966266,0.8895349696532449,0.005814963534907012,0.9489318113190706,0.00036586981916271217,0.9514658180283678,0.0007058437688251271
77,1.4646531299027779,0.9865027232085382,0.983935135528567,0.00014263205291279845,0.985646795039292,0.0001613971727859016,0.9920862754182277,7.518208226620677e-05,0.9474306252088555,0.004194016755646911,0.937924919867104,0.0030683854102892837,0.9829492730991614,0.00012828264150075954,0.9849144678705926,9.988655548645116e-05,0.9726185802244874,0.9694399311437121,0.00017773215699895198,0.9671708460779238,0.000356063368489731,0.9758930837765252,0.0004877613342454846,0.867281420303938,0.029385132803695545,0.9210938281035421,0.003476431344558806,0.9682606726374736,0.00018224570666199713,0.9734578931033985,0.00012184850696891309,0.9470666907395984,0.9511288852284627,0.0009330673344878793,0.9525741574972797,0.0006144763711529654,0.9652573474691539,0.0013754626214921937,0.8244929350779866,0.030157136256851846,0.9024118852917387,0.005592155005918939,0.9581192566608943,0.00042761610358724113,0.9586601772250474,0.0008321431803257239
78,1.4884827090814434,0.9890191169369861,0.9842408245147579,0.00016052030887824686,0.9862568291366582,0.00013746491646651602,0.9924828967663295,4.5643322154866257e-05,0.9490984662962594,0.004055041093693505,0.9409764914172951,0.003004956498982822,0.9835949839772052,0.00012022810211387202,0.9854285578753748,0.00011148409413651352,0.9772598571229393,0.9716101371864709,0.00020165554312709762,0.970795314229904,0.00026240559045528146,0.9793324368756258,0.0003504137506511955,0.8772781505154892,0.023294553635886957,0.9260662921638074,0.0035086337627792605,0.9725755419748567,0.00012991002397278194,0.9757297261462673,0.00013120357654757188,0.955103056680662,0.9564263302938496,0.0009720372048810388,0.9631115373657609,0.0004590924695832597,0.9719460047478797,0.0012592160666795578,0.8764584266596339,0.015331649147669208,0.9102375560573019,0.005133662959864295,0.9652838236994932,0.00041931555799194634,0.9629750667766703,0.000814243137092429
79,1.5123122882601092,0.9911170269363572,0.9872536575641684,0.00016599784556882053,0.989523838970792,0.00011606019359696078,0.9939545191243638,3.996629046642238e-05,0.9583223914562119,0.00350102727583435,0.947734881446104,0.0024218836852015367,0.9865679607855127,0.00010733197927193464,0.9879123525981065,0.00011551212462617485,0.9812196607920698,0.9772864577193918,0.0002087393773632763,0.9788336603560213,0.00016989260764927746,0.9845825915474856,0.00020038952505923782,0.9247611811605306,0.010274436400793324,0.9486689546153464,0.0015123308401658003,0.978455482544352,9.627072501035492e-05,0.9802118717227337,0.00013431924376434593,0.962126774238764,0.9596779181273197,0.0007472102978436596,0.966234131892769,0.00036017368233670605,0.9752362206416407,0.0009388833583734117,0.8782990222613254,0.01594392590026168,0.9133264152740349,0.005511877697839751,0.96902666226253,0.00031225975744259124,0.9661367143174797,0.000567854350021105
80,1.536141867438775,0.9928550534543891,0.9884886098042781,0.00013921516139802452,0.9903720177189687,0.00010036045228141595,0.9947368751432929,2.986458652025141e-05,0.9615505536036079,0.003263508612665035,0.9510612042057509,0.002367827561416785,0.9881413927687144,9.619574537096559e-05,0.989263637447906,9.489124212299128e-05,0.9845768136458922,0.9801760483587841,0.00020812979657731657,0.9816129347750018,0.0001577752289119903,0.9860386158162366,0.0002024691854921908,0.9283288716948983,0.01034578977818396,0.952488938632045,0.0015203037187151928,0.9812348546615691,9.520167697739599e-05,0.9826823439151665,0.00013461192923234708,0.968226856078443,0.969397916744995,0.0006896331842300909,0.9734286429994645,0.00040167305979659645,0.9783446294643164,0.0009118714743888392,0.8907689780166871,0.014290242387706046,0.9248860087837137,0.003990261966920747,0.9753879814210615,0.0003582395532329527,0.9733187235153242,0.0006192370763563424
81,1.5599714466174408,0.9942858807956837,0.9884886098042781,0.00015375768219622307,0.9903747612170054,0.00010936816056145808,0.9947889740259754,2.5265131957928935e-05,0.9617771596147076,0.0032925331487329407,0.95121100072334,0.0024720206262028584,0.9882248447560096,0.00010719003255694386,0.9892851450238999,0.000106024357099106,0.9874051422404064,0.981265941227328,0.000193902486276327,0.9822575004165296,0.00017077395531185324,0.9864706663596039,0.00019007444058529848,0.9296142336878084,0.010464401739483802,0.954269419296131,0.0015576673298836252,0.9824666113891605,9.757022588731507e-05,0.9837581252193324,0.00011805704460291346,0.9734914584090312,0.9760435376950103,0.0006054739625439415,0.9781486760300246,0.00040336988504818024,0.9796946823963901,0.0007462941589792773,0.9076252005960288,0.013541967918806857,0.9473270850569545,0.0014517482364121773,0.9795663335037086,0.0003276382582107316,0.9783267826010883,0.000536073289121726
82,1.5838010257961066,0.995456402170159,0.9904657997754065,0.00014664056385748825,0.9927906923604553,0.00010929809022316897,0.9967987738593974,2.5607401767383706e-05,0.9677858408268442,0.0030153368209765935,0.959094472184703,0.0021300604196815556,0.9911942418729799,0.00010346307472203624,0.991481612243698,9.756855691758406e-05,0.9897729688672114,0.9849744630093283,0.0001439930260873637,0.9875261740094532,0.00010529251070073433,0.9912703215838187,6.953743009400666e-05,0.9612323454504255,0.0034325801340154742,0.9612803714027729,0.001291693590119742,0.9873793371689924,7.366581155064203e-05,0.9874041060938537,7.980626026243145e-05,0.9780064481646144,0.9819735273454004,0.0003278907308002785,0.9865009918062089,0.0003132947775978659,0.9876607600963154,0.00039047589763062705,0.9601349475558619,0.003787188363585981,0.9614627201822445,0.0011232550420111555,0.9857153072461505,0.0002623123909948084,0.9838090339705049,0.0002781757668558568
83,1.6076306049747722,0.9964079546665026,0.9904657997754065,0.00015704365634475618,0.9927906923604553,0.00011527666802436885,0.9967987738593974,2.3958179656849646e-05,0.9678888119407858,0.003064360520876836,0.9591770671370439,0.0021976954711135726,0.9911942418729799,0.00011247986541652847,0.991481612243698,0.00010603845162481245,0.9917428100936316,0.9854207153085234,0.0001600520035062339,0.9879123478996021,0.00010760689046308394,0.9915038390327341,6.7764352321423e-05,0.9619590090655146,0.0035024139518488075,0.9620101861106816,0.0013688991401809838,0.9877712351854322,8.254067975274242e-05,0.9877423597622359,9.107162964846142e-05,0.981854219492622,0.98562333568645,0.00016783856100496285,0.9903624368045374,0.0001710468845443929,0.991006363629749,0.0001854929362879282,0.9694365279565403,0.0016236868304561904,0.9643814482755234,0.001031117299589521,0.9882403697365737,0.0001545542884889583,0.9869491599821126,0.00012943064383488296
84,1.6314601841534382,0.9971766379616882,0.9924222067671391,7.977885508700654e-05,0.9943185280372141,6.478678602310885e-05,0.9975015562896393,1.1755082847362937e-05,0.970833008598316,0.0024918753861428674,0.9621013315271606,0.0020409366877742635,0.9924020973631901,7.452220158675288e-05,0.9928185152612056,6.3298360055048e-05,0.9933712578551476,0.9879167048317244,0.00010960306232954413,0.990160068164446,7.359037849021339e-05,0.9935395549904282,3.14824508143639e-05,0.9681380488821949,0.0025235305801102207,0.9669057911112686,0.0011579254506926865,0.9901608431101551,5.840759162906624e-05,0.9899319787930689,5.943613214414423e-05,0.9851127592651762,0.9892719688775792,7.645680336839546e-05,0.9940943745194198,0.00013406192297039015,0.9959965089569245,0.0001357518317218571,0.9804979502421279,0.0005910504670546328,0.97203256211822,0.0006727546545777375,0.9927946052618847,0.00011112305156880353,0.9904535814511467,6.433148828915633e-05
85,1.6552897633321038,0.9977936923129972,0.9933158981679837,7.762073407608191e-05,0.9948466977803552,6.351169955410693e-05,0.9977015448106646,9.587389723326654e-06,0.9730425926865969,0.0022233929537797876,0.9664195829827416,0.0018741607889987927,0.9930628857388253,7.176122652367907e-05,0.9935214333144227,5.951742770123941e-05,0.9947090163793537,0.9899229568844954,8.372711162752562e-05,0.9912844085737357,6.439933007623248e-05,0.9943729948799443,3.0126450432792152e-05,0.970441835473976,0.0023295586531749475,0.96981805222279,0.001007166308920749,0.99132837186934,4.9702863688997904e-05,0.9914949062505602,4.694586347223531e-05,0.9878549526909738,0.9907196981193895,3.8742881097357865e-05,0.9954630978839125,8.644253486733338e-05,0.9969087885089983,9.060954305692725e-05,0.9828654884003486,0.00047411151688596246,0.9744600104451833,0.0006094891442471949,0.9939992659753536,6.751385662345076e-05,0.9915087634538265,3.667568772617349e-05
86,1.6791193425107693,0.9982859139276468,0.9940299259521568,6.599913956798547e-05,0.9952624703729487,5.82548056858286e-05,0.9979912564288002,7.002837427728305e-06,0.9749104666797017,0.0019144788346684483,0.9685698559546869,0.0017479234907760437,0.9937061845644548,6.0174283152342925e-05,0.994397063456711,4.597204298822822e-05,0.9958010673486598,0.9912560240992112,6.378568021942935e-05,0.9923037910578858,5.031685412335862e-05,0.9950498455461274,2.5667196820924518e-05,0.9723403268298292,0.0021362671817875866,0.9721097611536132,0.0008634792232965146,0.9922917081300117,3.924340377795446e-05,0.9926473916100736,3.517566750882518e-05,0.990148113079684,0.99139339503194,2.7928130721694334e-05,0.9956811954949023,5.791744779533455e-05,0.9970842944434086,5.646830597327171e-05,0.9839206598109227,0.00044354709546170394,0.9759827679447477,0.0005721746068734305,0.9944743277222757,4.4807510165377594e-05,0.992284161917218,2.3790772085605513e-05
87,1.7029489216894353,0.9986760887376439,0.9953900227621915,4.5759265039954644e-05,0.9955811928659859,5.954018564319916e-05,0.9984543185473989,6.279997476925029e-06,0.9760019449652365,0.001723386294910477,0.9714442233688472,0.001633153336062736,0.9946192332713668,5.1232797376435306e-05,0.9953506968003684,3.6194738583953646e-05,0.9966869360877936,0.9931895159098362,4.032582131970664e-05,0.9938973135103097,4.3429979795507e-05,0.9968337887067303,8.498660032660575e-06,0.9853457283724951,0.0006864473326471475,0.975073801902175,0.000740664330400031,0.9938665186343396,2.529489810592156e-05,0.9943213841849896,2.079769987213231e-05,0.992053714483265,0.9924280935871685,2.9081475053277743e-05,0.9963624843532333,4.6984714660713965e-05,0.9980766354727525,4.083078871242308e-05,0.9890796000090081,0.0002798870410853438,0.9783411628550155,0.0005388163881206423,0.995631110809043,3.3421892585578024e-05,0.9934683651560812,2.19206190854252e-05
88,1.726778500868101,0.9989834287182412,0.9962718446929927,4.3637566318295457e-05,0.9964920003644288,5.760974502041329e-05,0.9989924064151259,6.002760657797281e-06,0.9852214184806586,0.0009128602607398718,0.9773576393933148,0.0015127407193861993,0.9959581038521257,4.720861160176912e-05,0.9964570894004673,3.4719540683365895e-05,0.9974010329586265,0.9951390484471249,3.740176976207452e-05,0.9953099488860685,4.5662429095959906e-05,0.9975410139592578,9.434657304808535e-06,0.993446651289578,0.00019218042574330974,0.9837196367902946,0.0005045072416349803,0.9956546462821713,2.556038773469885e-05,0.9962350553386411,1.960420003350311e-05,0.9936273022957195,0.9950140322115612,2.4737579108760292e-05,0.9970492330008097,4.18677701233779e-05,0.9985653958596259,2.8550377331636906e-05,0.994466087909035,0.00012578893451108825,0.984379701685401,0.00038404995784016896,0.996782714783159,2.7520539678871142e-05,0.9956674999567057,2.002439935877883e-05
89,1.7506080800467665,0.9992239980026618,0.9966675750279705,4.3776267939607536e-05,0.9964920003644288,5.8866340873543654e-05,0.9990164658043843,6.087866448297235e-06,0.9852214184806586,0.0009195395682305676,0.9786932338605544,0.0014746194873579966,0.9963262108709824,4.671586786606128e-05,0.9968160539904847,3.4288052144522317e-05,0.9979730463145752,0.9957767309480239,3.259619711367098e-05,0.9954449565170966,4.7904772473202124e-05,0.9977591754060583,8.720395383151981e-06,0.993446651289578,0.00019703154328112215,0.9854171314008694,0.0004170015705101639,0.9960689048455299,2.3416585758305752e-05,0.9968001891227269,1.6835104379162446e-05,0.9949185548360259,0.9954125454695621,2.1889488048444252e-05,0.9970492330008097,3.469794981482531e-05,0.9985659772191354,1.7466095751470353e-05,0.994466087909035,0.0001252900995260035,0.9859899832604742,0.00029843588340205664,0.9970234204223679,1.941579274455711e-05,0.9962025987164653,1.5096332684441121e-05
90,1.7744376592254325,0.9994111190234201,0.9983283600544048,2.0003155395974844e-05,0.9979159786673211,4.132374891957086e-05,0.9998380388132361,4.183433410964653e-07,0.9893645384656586,0.0007580401102158949,0.9857188918003427,0.0012057960701158245,0.997926194505261,2.412027946490838e-05,0.998430299270359,1.3954080689145234e-05,0.9984283660700847,0.9977856578647492,1.2004478516532766e-05,0.9974071280532076,2.862634619027752e-05,0.9989753115153412,2.8463708105630518e-06,0.997219563418391,7.087138762813431e-05,0.993475215209547,0.00012420087230415657,0.9978166225268076,8.4063698995698e-06,0.9984316899583865,4.904135943535397e-06,0.9959714683037965,0.996783908406029,2.2459671255046572e-05,0.9978347506939234,3.335975776020589e-05,0.9990210988867894,1.3233447846172942e-05,0.9968732772149848,8.880081310286045e-05,0.992988091268835,0.00012613535868979893,0.9979949152012397,1.6610047510415068e-05,0.997440027832534,1.5119807137890655e-05
91,1.798267238404098,0.9995557516468977,0.9999656369915403,1.7863334290707907e-07,0.9999999999999893,1.973565992246312e-07,0.9999999999999991,1.9735659923339068e-07,0.9999977892726706,1.9544123930030444e-07,0.9980446602302333,1.883576980231141e-05,0.9998339486181275,3.255511075677279e-07,0.999864410008804,2.6073179578808854e-07,0.9987885199551285,0.9989624299611448,4.580717606276301e-06,0.9994424357705354,1.693039604499366e-06,0.9993971117049847,1.8249636029611382e-06,0.9999969887915183,1.4604784857213492e-06,0.9955593880348508,8.951048004070199e-05,0.999037802268346,3.823445266190976e-06,0.9991631380931343,2.9838627044424e-06,0.9968246380732813,0.9979376631497487,1.581694892652627e-05,0.9996635227273458,9.078218674100774e-06,0.9995813348923595,9.176901603481464e-06,0.9999999998586869,1.0082922468215202e-05,0.9954775227767675,8.579091120319526e-05,0.9990278337003986,9.775832612082087e-06,0.9982654400070524,1.177075681143969e-05
92,1.8220968175827637,0.9996668406921079,0.9999656369915403,9.990657570878819e-08,0.9999999999999893,1.1099512442805262e-07,0.9999999999999991,1.109951244346217e-07,0.9999977892726706,1.0957093967782413e-07,0.9980446602302333,1.918384198368222e-05,0.9998339486181275,2.7608261170489194e-07,0.999864410008804,2.0449544631317832e-07,0.9990716076545013,0.9989624299611448,4.5623926848103275e-06,0.9994424357705354,1.402947202501508e-06,0.9993971117049847,1.5605325718492003e-06,0.9999969887915183,8.564118059429142e-07,0.9955593880348508,9.141887373880351e-05,0.999037802268346,3.762446398640976e-06,0.9991631380931343,2.8519017763158428e-06,0.9975116108421959,0.9979376631497487,1.475964467445213e-05,0.9996635227273458,5.649677356467076e-06,0.9995813348923595,5.861281894991374e-06,0.9999999998586869,6.1920798973937846e-06,0.9954775227767675,8.811370583901201e-05,0.9990278337003986,7.220693396469464e-06,0.9982654400070524,1.026310500886921e-05
93,1.8459263967614297,0.9997516292967707,1.0000000000000018,6.168800622350232e-08,0.9999999999999893,6.16880062172925e-08,0.9999999999999991,6.168800622218978e-08,0.9999977892726706,6.063871043634124e-08,0.9992732827604577,4.981290392824722e-06,0.9999999999999911,6.168800621813078e-08,1.0000000000000004,6.16880062226475e-08,0.9992927211136342,0.9995917289104528,1.5895732056123778e-06,0.9997543254606753,7.56282386617456e-07,0.9996927141921776,1.0098155720789424e-06,0.9999969887915183,4.960745193083101e-07,0.9978878279699487,4.209830065377528e-05,0.999572755426246,1.7212605481371312e-06,0.9996274888410313,1.360950503308669e-06,0.998061284432885,0.9985936136856559,1.2834098302199937e-05,0.9999999999999855,3.7586180501177773e-06,0.9999999999999958,3.7586180501570805e-06,0.9999999998586869,3.7586175022426932e-06,0.9980678439857454,3.35981683232517e-05,0.9997528030558154,3.411192214384704e-06,0.9988485733475054,8.597140539746418e-06
94,1.8697559759400952,0.9998159373001931,1.0000000000000018,3.387907746086608e-08,0.9999999999999893,3.38790774562641e-08,0.9999999999999991,3.3879077459893366e-08,0.9999977892726706,3.3114116595260555e-08,0.9992732827604577,5.046948933517488e-06,0.9999999999999911,3.3879077456885327e-08,1.0000000000000004,3.387907746023258e-08,0.9994643421986183,0.9995917289104528,1.5163949174060236e-06,0.9997543254606753,6.272941056833913e-07,0.9996927141921776,9.019748766384834e-07,0.9999969887915183,2.8379395012397927e-07,0.9978878279699487,4.260997302179857e-05,0.999572755426246,1.6545947598217881e-06,0.9996274888410313,1.275497898932713e-06,0.9984983348170599,0.9985936136856559,1.2559801931645378e-05,0.9999999999999855,2.254998321611089e-06,0.9999999999999958,2.254998321641532e-06,0.9999999998586869,2.254997897245128e-06,0.9980678439857454,3.378344765136368e-05,0.9997528030558154,2.1236475247106754e-06,0.9988485733475054,8.099983732871045e-06
95,1.8935855551187613,0.9998644051605114,1.0000000000000018,1.838596049642266e-08,0.9999999999999893,1.838596049303249e-08,0.9999999999999991,1.838596049570609e-08,0.9999977892726706,1.7835298077793577e-08,0.9992732827604577,5.101900675867303e-06,0.9999999999999911,1.8385960493490137e-08,1.0000000000000004,1.8385960495955986e-08,0.9995967115351451,0.9995917289104528,1.5001923696028238e-06,0.9997543254606753,5.680459629312345e-07,0.9996927141921776,8.590376193535134e-07,0.9999969887915183,1.6030343916573333e-07,0.9978878279699487,4.304485894799893e-05,0.999572755426246,1.6434152270507047e-06,0.9996274888410313,1.2498283145597387e-06,0.998843652983523,0.9985936136856559,1.2613243519322387e-05,0.9999999999999855,1.3371384224818022e-06,0.9999999999999958,1.3371384225052445e-06,0.9999999998586869,1.3371380957017156e-06,0.9980678439857454,3.420000489655043e-05,0.9997528030558154,1.3765108166134934e-06,0.9988485733475054,7.977340914644218e-06
96,1.9174151342974268,0.9999007049371094,1.0000000000000018,9.859509514819226e-09,0.9999999999999893,9.859509512336629e-09,0.9999999999999991,9.859509514294488e-09,0.9999977892726706,9.46934491266968e-09,0.9992732827604577,5.146133571776303e-06,0.9999999999999911,9.859509512671758e-09,1.0000000000000004,9.859509514477482e-09,0.9996981646592377,0.9995917289104528,1.5114961116733715e-06,0.9997543254606753,5.463578490282891e-07,0.9996927141921776,8.498508167873416e-07,0.9999969887915183,8.937741922932117e-08,0.9978878279699487,4.340189483718642e-05,0.999572755426246,1.6585688076166609e-06,0.9996274888410313,1.2538761432812862e-06,0.9991147774005621,0.9985936136856559,1.2822335486579433e-05,0.9999999999999855,7.836190505299149e-07,0.9999999999999958,7.836190505478608e-07,0.9999999998586869,7.836188003687725e-07,0.9980678439857454,3.46941948705775e-05,0.9997528030558154,9.570336994254783e-07,0.9988485733475054,8.048181302526394e-06
97,1.9412447134760924,0.9999277205820493,1.0000000000000018,5.224314259562279e-09,0.9999999999999893,5.224314257755134e-09,0.9999999999999991,5.224314259180307e-09,0.9999977892726706,4.9535981066874675e-09,0.9992732827604577,5.180763846351492e-06,0.9999999999999911,5.224314257999082e-09,1.0000000000000004,5.224314259313516e-09,0.9997754335614043,0.9995917289104528,1.5339149418351725e-06,0.9997543254606753,5.436493653265475e-07,0.9996927141921776,8.566636032414029e-07,0.9999969887915183,4.91682771869103e-08,0.9978878279699487,4.368763077749514e-05,0.999572755426246,1.6839197583683378e-06,0.9996274888410313,1.2707687122884107e-06,0.9993263108838711,0.9985936136856559,1.308756905311713e-05,0.9999999999999855,4.538570251709355e-07,0.9999999999999958,4.53857025184593e-07,0.9999999998586869,4.53856834788519e-07,0.9980678439857454,3.518186422919592e-05,0.9997528030558154,7.318525353937447e-07,0.9988485733475054,8.205549858315457e-06
98,1.9650742926547584,0.9999477002382174,1.0000000000000018,2.7352650827040685e-09,0.9999999999999893,2.735265081396458e-09,0.9999999999999991,2.7352650824276814e-09,0.9999977892726706,2.552888073745335e-09,0.9992732827604577,5.207313918329789e-06,0.9999999999999911,2.7352650815729735e-09,1.0000000000000004,2.7352650825240682e-09,0.9998339132891857,0.9995917289104528,1.5588208163561834e-06,0.9997543254606753,5.495380358571539e-07,0.9996927141921776,8.697582941920186e-07,0.9999969887915183,2.6675176657074178e-08,0.9978878279699487,4.3911823978350415e-05,0.999572755426246,1.7110447612723089e-06,0.9996274888410313,1.2914921247980239e-06,0.9994903135450864,0.9985936136856559,1.3354794506747464e-05,0.9999999999999855,2.597802823075612e-07,0.9999999999999958,2.5978028231789393e-07,0.9999999998586869,2.5978013827180306e-07,0.9980678439857454,3.5621544942769556e-05,0.9997528030558154,6.18857705906697e-07,0.9988485733475054,8.389147185854053e-06
99,1.9889038718334242,0.9999623834804287,1.0000000000000018,1.4150025447994602e-09,0.9999999999999893,1.4150025438589641e-09,0.9999999999999991,1.41500254460067e-09,0.9999977892726706,1.2975468255732642e-09,0.9992732827604577,5.227334786286459e-06,0.9999999999999911,1.4150025439859225e-09,1.0000000000000004,1.415002544669996e-09,0.9998778945045381,0.9995917289104528,1.582058290292141e-06,0.9997543254606753,5.584731220113207e-07,0.9996927141921776,8.841128572820412e-07,0.9999969887915183,1.4265006387357842e-08,0.9978878279699487,4.408494072069342e-05,0.999572755426246,1.7359511889980394e-06,0.9996274888410313,1.31158406831848e-06,0.9996166660784354,0.9985936136856559,1.359736006721653e-05,0.9999999999999855,1.4694489541100353e-07,0.9999999999999958,1.4694489541877474e-07,0.9999999998586869,1.46944787082091e-07,0.9980678439857454,3.5996975170322137e-05,0.9997528030558154,5.684902392741094e-07,0.9988485733475054,8.56728314797018e-06
