,t,true_cdf_0.3,Standard_beran_cdf_0.3,True_proba_cdf_0.3,LogisticRegression_cdf_0.3,NN_BCE_cdf_0.3,NN_MSEloss_cdf_0.3,RandomForest_cdf_0.3,KNN_cdf_0.3,Standard_beran_mise_0.3,True_proba_mise_0.3,LogisticRegression_mise_0.3,NN_BCE_mise_0.3,NN_MSEloss_mise_0.3,RandomForest_mise_0.3,KNN_mise_0.3,true_cdf_0.5,Standard_beran_cdf_0.5,True_proba_cdf_0.5,LogisticRegression_cdf_0.5,NN_BCE_cdf_0.5,NN_MSEloss_cdf_0.5,RandomForest_cdf_0.5,KNN_cdf_0.5,Standard_beran_mise_0.5,True_proba_mise_0.5,LogisticRegression_mise_0.5,NN_BCE_mise_0.5,NN_MSEloss_mise_0.5,RandomForest_mise_0.5,KNN_mise_0.5,true_cdf_0.7,Standard_beran_cdf_0.7,True_proba_cdf_0.7,LogisticRegression_cdf_0.7,NN_BCE_cdf_0.7,NN_MSEloss_cdf_0.7,RandomForest_cdf_0.7,KNN_cdf_0.7,Standard_beran_mise_0.7,True_proba_mise_0.7,LogisticRegression_mise_0.7,NN_BCE_mise_0.7,NN_MSEloss_mise_0.7,RandomForest_mise_0.7,KNN_mise_0.7
0,-0.7538584258361234,6.491790210502028e-07,0.0,0.0,0.0,0.0,0.0,0.0,0.0,4.2143340137175666e-13,4.2143340137175666e-13,4.2143340137175666e-13,4.2143340137175666e-13,4.2143340137175666e-13,4.2143340137175666e-13,4.2143340137175666e-13,4.397363295756107e-08,0.0,0.0,0.0,0.0,0.0,0.0,0.0,1.9336803954860983e-15,1.9336803954860983e-15,1.9336803954860983e-15,1.9336803954860983e-15,1.9336803954860983e-15,1.9336803954860983e-15,1.9336803954860983e-15,1.5960314476035349e-09,0.0,0.0,0.0,0.0,0.0,0.0,0.0,2.5473163817398618e-18,2.5473163817398618e-18,2.5473163817398618e-18,2.5473163817398618e-18,2.5473163817398618e-18,2.5473163817398618e-18,2.5473163817398618e-18
1,-0.7204590387088944,1.1299556473811982e-06,1.9194761232624868e-07,1.9194761232624868e-07,4.805845683788501e-08,2.543387799973651e-08,2.5361955516967072e-08,1.7411203435085953e-07,1.5261103150576716e-08,3.6928187396544864e-10,3.6928187396544864e-10,2.4264344652015113e-11,7.688142957943298e-12,7.651771871765813e-12,3.040333270700341e-10,3.5713237193945467e-12,8.086326011179619e-08,1.3685667071633435e-07,1.3685667071633435e-07,3.4258099216633034e-08,2.0861099985236553e-08,2.0802107159945126e-08,1.2413690364627694e-07,1.2517182264581983e-08,1.8728188870934584e-10,1.8728188870934584e-10,1.1737172043024884e-11,4.355019999668838e-12,4.330451237371228e-12,1.5408617110627092e-10,1.5713130249525317e-12,3.1223018166485447e-09,0.0,0.0,0.0,0.0,0.0,0.0,0.0,9.748768634246113e-18,9.748768634246113e-18,9.748768634246113e-18,9.748768634246113e-18,9.748768634246113e-18,9.748768634246113e-18,9.748768634246113e-18
2,-0.6870596515816654,1.943427298410722e-06,2.970312464162228e-06,2.555103512533641e-06,1.1281017355204703e-06,2.3885897782071286e-06,3.384108734149871e-06,3.0988238050048244e-06,2.8435914080276683e-06,5.787443401176788e-08,5.614027161748692e-08,1.1679302329348529e-08,5.5778948794884195e-08,9.885864141340017e-08,7.463542676692473e-08,7.992534476250392e-08,1.469230982916985e-07,4.912894295045378e-07,2.0390149834019765e-07,3.494774456789251e-08,8.790592760909988e-08,1.8502434431545421e-07,2.7621594078861553e-07,1.4600276228415865e-08,1.0696534816158826e-09,2.288533370302029e-10,1.1752246861465434e-11,4.5941793617907904e-11,2.7398392608338665e-10,3.8532046524332006e-10,1.627487484242894e-12,6.034786781715371e-09,0.0,0.0,0.0,0.0,0.0,0.0,0.0,3.6418651500764674e-17,3.6418651500764674e-17,3.6418651500764674e-17,3.6418651500764674e-17,3.6418651500764674e-17,3.6418651500764674e-17,3.6418651500764674e-17
3,-0.6536602644544365,3.3028798436634496e-06,2.970312464162228e-06,2.555103512533641e-06,1.1281017355204703e-06,2.3885897782071286e-06,3.384108734149871e-06,3.0988238050048244e-06,2.8435914080276683e-06,5.787349011965805e-08,5.6140456639109306e-08,1.1683367233398363e-08,5.577958655154648e-08,9.885657244859015e-08,7.463413346467609e-08,7.992474541291867e-08,2.6376356439909777e-07,4.912894295045378e-07,2.0390149834019765e-07,3.494774456789251e-08,8.790592760909988e-08,1.8502434431545421e-07,2.7621594078861553e-07,1.4600276228415865e-08,1.0695866614641188e-09,2.288536739592002e-10,1.1792065061028576e-11,4.5969236499879044e-11,2.7398867424338807e-10,3.8530390366604737e-10,1.6720604991758166e-12,1.152410523071852e-08,0.0,0.0,0.0,0.0,0.0,0.0,0.0,1.3280500136870103e-16,1.3280500136870103e-16,1.3280500136870103e-16,1.3280500136870103e-16,1.3280500136870103e-16,1.3280500136870103e-16,1.3280500136870103e-16
4,-0.6202608773272075,5.5468043295150485e-06,4.816757634000301e-06,5.017815815500504e-06,1.734322199557714e-06,4.85125076299392e-06,5.846819877384146e-06,5.330209352953208e-06,4.573927157715241e-06,9.195313174097705e-08,1.1677104624875055e-07,1.536646984377243e-08,1.1640839640704986e-07,1.5948338449912487e-07,1.2440614495234e-07,1.0985326422595296e-07,4.678770013303548e-07,1.2698296274606168e-06,1.0861581990995073e-06,2.5081258171857357e-07,9.701440950727557e-07,1.067280626243261e-06,1.0749939422526222e-06,6.330004030476566e-07,7.130055317815974e-09,8.011863058666493e-09,4.777014189184132e-10,7.828698972008294e-09,8.056998375167945e-09,6.765055979082793e-09,3.825423936051292e-09,2.174280592542968e-08,8.630487950754829e-08,7.169205012091951e-10,1.7482575259686327e-10,7.169053742095421e-10,7.169201593604236e-10,6.488132745396946e-10,5.018448905214079e-10,7.448204199724779e-11,5.581323933407349e-15,7.707876424024918e-16,5.5811076963789866e-15,5.581319046706168e-15,4.654122219479314e-15,2.9694095188167772e-15
5,-0.5868614901999785,9.20506781716818e-06,8.41904689161892e-06,8.92693371810822e-06,2.8942519217338147e-06,8.801445570156108e-06,9.797013603504068e-06,8.922691930365533e-06,7.884287914867782e-06,1.3633084839975313e-07,1.7627561737217616e-07,2.0642494699741434e-08,1.767720505843409e-07,2.1983970967742002e-07,1.7252743014946838e-07,1.6784508320014257e-07,8.200632977160354e-07,2.4152629952167715e-06,2.012095900295563e-06,5.018705022701409e-07,1.867436079018525e-06,1.964572500238826e-06,1.984172265744322e-06,9.178165525730142e-07,1.0270878892995296e-08,1.0323275620726065e-08,6.461725730167147e-10,9.679593424858666e-09,9.90782399489032e-09,8.749664212339193e-09,4.20213139176671e-09,4.05314506687287e-08,2.3977074386950513e-07,1.5418278486316605e-07,3.120552147420908e-08,1.9445309989762904e-09,1.944545784127172e-09,1.3693821932053707e-07,1.6067086309967671e-09,3.0998524379805957e-10,2.355119992882626e-10,9.628459598496456e-12,2.1695349070341013e-14,2.1695559865082302e-14,1.857427737795155e-10,1.6238275821677948e-14
6,-0.5534621030727495,1.509573233824752e-05,1.5002870637232124e-05,1.6068871265182772e-05,4.843423501450961e-06,1.5935627324746693e-05,1.6359392136664676e-05,1.469893603330814e-05,1.2177776163254094e-05,2.3299696428793464e-07,3.179740740557681e-07,3.4059506661699316e-08,3.1921726880451307e-07,3.1846612070160827e-07,2.4902376256146524e-07,2.2135695782071115e-07,1.4202631142028904e-06,4.238624678064451e-06,3.5205292116195163e-06,8.359608538395791e-07,3.4936226622611756e-06,3.6714180258965333e-06,3.456269280988733e-06,1.8463433333234969e-06,1.7927767551129784e-08,1.6568354161433462e-08,9.768591046959862e-10,1.6632924599970655e-08,1.745392883689902e-08,1.427945170355462e-08,6.422690665779227e-09,7.465213697194203e-08,2.909316834266207e-07,2.053437244202816e-07,3.829088899498512e-08,5.310547055609183e-08,5.310548534124271e-08,1.77766759125364e-07,2.7190451048930697e-08,3.361395904731913e-10,2.6167218660319685e-10,1.0131226687331169e-11,2.6192271611409116e-11,2.61922718211949e-11,2.024009598209316e-10,6.5615177738687005e-12
7,-0.5200627159455204,2.446436397437995e-05,2.0335377692774226e-05,2.1378501514756265e-05,6.877616214287663e-06,2.1086550141475314e-05,2.154429646220082e-05,1.9367153403164374e-05,1.6484988897735153e-05,2.909087606524128e-07,3.7631610429915486e-07,4.444374187475292e-08,3.748545382113441e-07,3.757251250856839e-07,2.954271852160354e-07,2.703929585712365e-07,2.4305432490834873e-06,6.937372594250635e-06,5.866743532504115e-06,1.5136286209743721e-06,6.00688809218789e-06,5.853414312858907e-06,5.618653821416952e-06,3.4303205179988304e-06,2.9006128618838042e-08,2.5701549744085697e-08,1.9668993854669442e-09,2.6595574212201505e-08,2.6054740669429243e-08,2.249586639828226e-08,1.314532284886559e-08,1.3585371107039342e-07,5.442768080244909e-07,4.5868884901815175e-07,7.913708205330439e-08,2.1332554863989773e-07,2.133265659308048e-07,3.931707576585564e-07,7.0395693097558e-08,5.335913705006216e-10,4.59134442866282e-10,1.851171777043481e-11,1.2421119564999943e-10,1.2421085520687623e-10,3.436250272005764e-10,2.522626308617957e-11
8,-0.4866633288182915,3.9181069695753986e-05,3.080526828838247e-05,3.335611333848385e-05,1.025951493039452e-05,3.302431644505057e-05,3.34887487828321e-05,3.049608755424209e-05,2.7342962005797332e-05,4.77243553203047e-07,6.459395590498343e-07,7.133287814698796e-08,6.436249323818521e-07,6.443745115537226e-07,5.363551456492467e-07,4.985130618997668e-07,4.110160485469215e-06,1.1822071986715853e-05,1.0633024925122992e-05,2.6637465486164412e-06,1.074396553297644e-05,1.0599307830987026e-05,9.925120871220872e-06,7.551301574193381e-06,6.677455735132012e-08,6.413526651092465e-08,4.1415571804177185e-09,6.456761726166137e-08,6.415450159556521e-08,5.410804394948565e-08,4.371671892808393e-08,2.4427884361305894e-07,1.9817343075286596e-06,1.8130596788296316e-06,3.913351586688263e-07,1.5609271204132247e-06,1.563783278924158e-06,1.6033090054076049e-06,8.983537510406037e-07,6.488531870442133e-09,6.344905591583584e-09,4.04179472568008e-10,5.985143437274599e-09,5.9949790542000385e-09,5.079558548315084e-09,3.2098800546879813e-09
9,-0.4532639416910625,6.201431382993678e-05,5.861691722655483e-05,6.393423761800972e-05,1.977679348685574e-05,6.35917015819011e-05,6.507137137001444e-05,5.837574638574122e-05,5.424550771532493e-05,1.0009038635946774e-06,1.3995686437589618e-06,1.3906776182899916e-07,1.3772104135882846e-06,1.4232536038753513e-06,1.1277948280659465e-06,1.2057647773391615e-06,6.868205749382869e-06,2.1416820159721086e-05,1.956058023502899e-05,4.870528932291818e-06,1.8899700124999896e-05,1.967086335873586e-05,1.7445762141440446e-05,1.4246301966496655e-05,1.2659454301084982e-07,1.4309535544884209e-07,8.240604452384169e-09,1.1981185306109774e-07,1.4568015315006837e-07,9.886575264762341e-08,1.3632204950514084e-07,4.340017941367324e-07,4.518682845439503e-06,3.661939229648381e-06,8.263359987911723e-07,4.068503453656214e-06,3.470998882109444e-06,3.834784211756858e-06,1.8362540504615166e-06,2.2318378849460252e-08,1.6881501030679568e-08,9.873863959507378e-10,2.177055483631095e-08,1.6659348611474814e-08,1.7620403711329052e-08,7.568475949245996e-09
10,-0.41986455456383354,9.70045770639982e-05,7.775085759146489e-05,8.520544465735024e-05,2.663576360519666e-05,8.426255525326486e-05,8.574232014524501e-05,7.665224619759162e-05,7.105892648869284e-05,1.2952825016315665e-06,1.8209670518896821e-06,1.8787636788492098e-07,1.761486642041319e-06,1.8074226727333532e-06,1.4294796139744107e-06,1.463426938833624e-06,1.1341371764758198e-05,2.7480743195102764e-05,2.5054358216817406e-05,6.36560669174282e-06,2.4386140224787812e-05,2.515723521493982e-05,2.2174928114713797e-05,1.8136890642226423e-05,1.561182993857362e-07,1.716176566980249e-07,1.0059040732885724e-08,1.4737392632748973e-07,1.7323468068756675e-07,1.1997895252604667e-07,1.522942695948568e-07,7.618949269089457e-07,5.777980515646586e-06,4.579743123679359e-06,9.875517006363689e-07,5.231340985972155e-06,4.633834456216402e-06,4.826771571850863e-06,2.417864383479551e-06,2.7993524366150485e-08,1.975485465924769e-08,1.0822015683210215e-09,2.6418068503819515e-08,2.1307234767296083e-08,2.0948717260301298e-08,8.857266714834854e-09
11,-0.38646516743660453,0.00014996474788355466,0.00011161890601470654,0.00012176474593033983,3.9131980497813104e-05,0.00011939551582167941,0.00012115508580529912,0.00010827479337369268,0.00010063312892756178,1.852988141398566e-06,2.5938674966535652e-06,2.8755233771018817e-07,2.397137242083116e-06,2.4572754160812105e-06,1.9422902701898037e-06,2.0935553979962014e-06,1.8506949438959857e-05,4.4569124650715666e-05,4.1342548362770825e-05,1.1261475915140673e-05,4.091327852480273e-05,4.128615952468481e-05,3.7027794734214056e-05,2.838005395661095e-05,2.662185886291797e-07,2.933023147306611e-07,2.0008516374680496e-08,2.684412359520566e-07,2.900606909748771e-07,2.1116392319421498e-07,2.0615718793900837e-07,1.3216104072092418e-06,1.299708548140891e-05,1.0852329471268873e-05,2.5376750417100858e-06,1.1327638293105291e-05,1.0720936534682824e-05,1.0200522528440747e-05,5.94074601711404e-06,1.0066672246056963e-07,1.0206878473855141e-07,6.373145359585843e-09,9.344828618998763e-08,9.834378744793359e-08,6.681533525513956e-08,5.167751325196739e-08
12,-0.3530657803093755,0.00022913720537012843,0.00017284475972992037,0.00018197451682251534,5.902104950122552e-05,0.00018034865173349645,0.00018104034416244462,0.0001629642782546644,0.000148101051849346,3.0027348817181055e-06,3.820338151002113e-06,4.4707898085809775e-07,3.6401209352221025e-06,3.673778108294535e-06,2.9367637600949145e-06,3.0952045999809674e-06,2.9844257997557282e-05,6.901903502732286e-05,6.442444629597299e-05,1.788957191084336e-05,6.432606258221078e-05,6.44775378045454e-05,5.8335661528668056e-05,4.379936274025298e-05,4.290374106807805e-07,4.940856056820085e-07,3.65361775762443e-08,4.882894824579455e-07,5.076508505513737e-07,4.028686727804096e-07,3.483963574949067e-07,2.2652906572780166e-06,1.9781226709949617e-05,1.6020712347566868e-05,3.5155557609998443e-06,1.6710243896714037e-05,1.5518379557891125e-05,1.4302933487624737e-05,7.649530838483031e-06,1.4090671077515298e-07,1.3735782945712083e-07,7.329999302079957e-09,1.39426858076277e-07,1.314782870743392e-07,8.643773134326104e-08,5.732242395741989e-08
13,-0.31966639318214657,0.00034603907509300806,0.0002600159940149926,0.0002738214560374504,9.168749693761097e-05,0.0002729730134266332,0.0002710384712419033,0.0002450773976480163,0.0002213704985238255,4.329709079193861e-06,5.645553009308174e-06,7.474196839295718e-07,5.397588331669861e-06,5.285179636960492e-06,4.307564051918103e-06,4.4920645901971e-06,4.7561303294754994e-05,0.00010662326361889077,9.957695304887256e-05,2.8902622043205006e-05,9.967528475131291e-05,9.931971586383697e-05,8.948610963246748e-05,6.679838443900695e-05,6.818945034611558e-07,7.842902000995725e-07,6.463767959704327e-08,7.640971986076308e-07,7.781032286655464e-07,6.137936179605763e-07,5.221585750111269e-07,3.83675657673705e-06,3.400372452748017e-05,2.6703953426400328e-05,5.875715864107012e-06,2.8634122163659638e-05,2.7132002584718217e-05,2.4482795489090957e-05,1.3313653832829652e-05,2.6583055229987e-07,2.3815167434724548e-07,1.2189458898433e-08,2.493671328644742e-07,2.3824472730592166e-07,1.6345589837147597e-07,9.463943370955785e-08
14,-0.28626700605491756,0.0005165261169266718,0.00037596299690731405,0.0003968050723609884,0.00013758615871974512,0.00039362097967905214,0.0003926076370694828,0.00035375506031403825,0.000322242402949748,6.000447455384664e-06,7.831446540692843e-06,1.1589581090064157e-06,7.4693635336132355e-06,7.446765302626534e-06,5.985853239307831e-06,6.224028522821903e-06,7.490739071137046e-05,0.00016052670442594558,0.00015027758069752965,4.580640993522168e-05,0.00015261436754147693,0.0001537326394537094,0.00013627783310731886,0.00010301276090803441,1.0736720898022171e-06,1.2231694333174086e-06,1.1599753825309728e-07,1.2942147465319657e-06,1.641592141257624e-06,1.027754370576062e-06,8.348410235558817e-07,6.421441590316599e-06,5.1326976714787834e-05,4.2146463137858535e-05,1.0919850020819277e-05,4.3676651943733855e-05,4.115045205584877e-05,3.7522904060861015e-05,2.211304461884338e-05,4.036034885164905e-07,4.032911657950316e-07,3.751382732207889e-08,4.1001787533019847e-07,3.662727763204618e-07,2.6474375097413556e-07,1.8113045752035034e-07
15,-0.2528676189276886,0.0007621009638338964,0.0005554330635420704,0.0005925439648947883,0.0002143516981954516,0.000590183271749238,0.0005835426532249791,0.0005273066477223433,0.0004957143822724493,9.259599474821558e-06,1.23925911533194e-05,2.113413829798399e-06,1.1870151950396745e-05,1.1608597326947814e-05,9.454006500265722e-06,1.1475015467932949e-05,0.00011659640976755074,0.0002329664165360275,0.00022009022871214586,6.86229865613986e-05,0.00022273906461044905,0.000220882160347635,0.00019700029764147504,0.0001472083177742198,1.5817403396740995e-06,1.8267157681659177e-06,1.858860571184095e-07,1.8970113518211326e-06,2.167514887492433e-06,1.456384630089448e-06,1.1560906269453713e-06,1.0620315593978896e-05,6.717040142281099e-05,5.4682784870389746e-05,1.4666110101819741e-05,5.604174204129284e-05,5.397397795749029e-05,4.898441340145203e-05,2.7759184958776196e-05,5.104837011234934e-07,5.126842006834751e-07,4.625405249668138e-08,5.122847312991036e-07,4.700031121246986e-07,3.437296400882059e-07,2.1149259709502595e-07
16,-0.2194682318004596,0.001111481719577413,0.0008007781300500841,0.0008584921638084978,0.00031365030485954045,0.0008505550087856746,0.0008432529010688395,0.0007612532221478774,0.0007057858874134048,1.347494934193969e-05,1.803867163628093e-05,3.337475091738112e-06,1.72787784805684e-05,1.718562007727397e-05,1.387512949052897e-05,1.617511907024201e-05,0.00017936909891105813,0.0003472596431566429,0.00033015806232634747,0.0001056499514202665,0.0003348108010634782,0.00032985263648637337,0.00029541419010489285,0.00021427504846911733,2.3608835412124804e-06,2.7579878661884677e-06,3.0204506033813604e-07,2.835744991246623e-06,3.0627232657088754e-06,2.1449090653721187e-06,1.5981656675447323e-06,1.7357533971560676e-05,0.00010949968605044837,9.259482609002656e-05,2.531061163772339e-05,9.431125515514778e-05,9.121063816924812e-05,8.160031632251877e-05,4.597499173052288e-05,8.842308644839091e-07,9.463426580458514e-07,8.617745921643914e-08,9.417773399212156e-07,9.262935317802435e-07,6.227758887991947e-07,3.8840843484518785e-07
17,-0.1860688446732306,0.0016024310493516702,0.0012110117028069024,0.0013038556576646149,0.0004885435598130166,0.0012962434187353774,0.0012876179003672398,0.0011551712618126527,0.0010474466365869098,1.9734134107939107e-05,2.6485811920424774e-05,5.42661292533193e-06,2.567301510437581e-05,2.5569810745394317e-05,2.0520414329586282e-05,2.2737594068083493e-05,0.00027272512862602815,0.0005425946434637981,0.0005212102458497343,0.00017155399291684167,0.0005239951957216119,0.0005160075561102914,0.0004641032094020991,0.00033784690670797594,3.7862975571218927e-06,4.463790145246441e-06,5.14628369959121e-07,4.452586826381184e-06,4.647083134271558e-06,3.398645044056329e-06,2.5650243583859917e-06,2.8034576514206708e-05,0.00017253770938387183,0.00014697744973453134,4.004564357091943e-05,0.00015389517715464735,0.0001490964956454152,0.00012866997326921537,6.957030201596176e-05,1.3471619322123172e-06,1.4552690701989012e-06,1.19173378679534e-07,1.9369262887066903e-06,1.899699532217101e-06,9.591467940691073e-07,5.384762048276713e-07
18,-0.15266945754600159,0.0022838229374116704,0.0017128688769469174,0.0018450695725946882,0.0007057591353018826,0.0018404926633321709,0.0018305809658825773,0.0016342650703533572,0.0014556653746434702,2.7764669834870642e-05,3.7729543250561165e-05,8.610277164303299e-06,3.72131145457424e-05,3.748921801191055e-05,2.925618055714839e-05,3.11334591043284e-05,0.00040985643010769957,0.0007716915738358467,0.0007458525963980685,0.00025139879108983064,0.0007458654057914174,0.000733296660091826,0.0006593248191381993,0.00048007699503631817,5.512276598236639e-06,6.632807862260659e-06,8.29602914889127e-07,6.4340366067348e-06,6.512913176048308e-06,4.885813892847668e-06,3.738514764583784e-06,4.474717161681697e-05,0.00025206376339324674,0.0002193611586089165,6.037915353009786e-05,0.0002240558307807273,0.00021866626324470504,0.00018905638580974217,0.00010428536564917241,2.1893168085325274e-06,2.5044426392225705e-06,1.9246987421636734e-07,2.8523814333729773e-06,2.784112055090189e-06,1.5832517604613256e-06,8.769445539529533e-07
19,-0.11927007041877269,0.0032178938426283632,0.0023675905376659527,0.0025507342424379155,0.0009952774382980506,0.002537994295693976,0.0025240155119196656,0.0022580450795993074,0.0019820326082375913,3.771088109972283e-05,5.1667038427279986e-05,1.3600205590355819e-05,5.075608612205748e-05,5.076298841821153e-05,4.0179407493514175e-05,4.1225418293675406e-05,0.0006088107664497456,0.0010959042835472926,0.0010484655380353126,0.0003592559713126055,0.0010483185928497195,0.0010296884028737092,0.0009277140956211573,0.0006636852565725463,7.865436497562536e-06,9.170175620893616e-06,1.1997659361700849e-06,8.891873217058523e-06,8.916123358118971e-06,6.723201671921067e-06,4.952050635429541e-06,7.058520071634123e-05,0.00038089737557096733,0.0003298733665329055,9.10336532777841e-05,0.00033822341881878425,0.0003304534143849464,0.00028813619131592787,0.00015109153671837724,3.398517852604057e-06,3.7265812313428987e-06,2.859023151230545e-07,4.094239681958674e-06,4.008515932209437e-06,2.4530341878206916e-06,1.2112273067940994e-06
20,-0.08587068329154368,0.0044825874717132445,0.0032374078909062974,0.0034894969402448667,0.0013875105094895653,0.0034545844409172525,0.0034351226951857116,0.0030782575813979997,0.00267408507472716,5.233402849591334e-05,7.199552192963875e-05,2.2049284130683162e-05,6.955962969623395e-05,6.967723570821203e-05,5.633790256808452e-05,5.638246079740324e-05,0.0008939078736181182,0.0015231239868730595,0.0014517543358152163,0.0005044711482697059,0.0014518814063047116,0.0014286995780831572,0.0012857543313494252,0.0009002155756564745,1.089261950790201e-05,1.2533153243714415e-05,1.726206140231755e-06,1.2121950977519052e-05,1.2247845851540004e-05,9.238421987659456e-06,6.501899891413173e-06,0.0001100397830510884,0.0005620355509292841,0.00048005618210964645,0.00013345835576176234,0.0004960238426957043,0.0004734891913060874,0.0004219849120577279,0.00021039417263821644,5.145082481481768e-06,5.422520788648321e-06,4.0344526703359376e-07,5.875895047680656e-06,5.458920557157143e-06,3.635829083517538e-06,1.5671933448809708e-06
21,-0.052471296164314674,0.006173859317367775,0.004494805129648472,0.004844274893449608,0.001974144788733119,0.004778621869463496,0.004759392353959445,0.004261655165866935,0.0036934133755344737,7.280254828408239e-05,9.952092886576072e-05,3.606814416547039e-05,9.632942127233411e-05,9.634758232768312e-05,7.855946667181213e-05,7.889046045449539e-05,0.0012974183400851816,0.0021571493305749087,0.0020667531894179164,0.0007320841855871427,0.002066854636115958,0.0020269270764584394,0.0018297512501112077,0.0012788384145591399,1.575087205881794e-05,1.8429513298176833e-05,2.682565352713055e-06,1.7838948695804407e-05,1.7660298033382712e-05,1.3537000223368398e-05,9.479206362684299e-06,0.0001695454183753479,0.0008216548099311021,0.0007050985116826037,0.00020382194515025938,0.000724199189444196,0.0006893152202984782,0.000618053701991132,0.0003092200957754826,7.656927647794764e-06,7.963489607928481e-06,6.257727081717451e-07,8.495021697364321e-06,7.87181772600279e-06,5.371896731739679e-06,2.251088231101649e-06
22,-0.019071909037085666,0.008407761292969235,0.006088377892882234,0.006546046902173703,0.0027222912529511283,0.0064770747645613285,0.006444320623836783,0.005762946450267224,0.0049608393148334986,9.894803172461687e-05,0.00013368244627614759,5.8035563215388995e-05,0.00013345033203553968,0.00013309859273998796,0.00010871070466971334,0.0001094039050753981,0.0018614966394542695,0.002973036662982544,0.002853402079492801,0.001030620220959068,0.002848517162054266,0.0027895991707730756,0.0025181244256851625,0.0017377090566026915,2.1723080729617593e-05,2.536836220977748e-05,4.032106633147839e-06,2.4526079225946965e-05,2.4004396522391354e-05,1.8422643429315078e-05,1.243737509787572e-05,0.0002581877812157565,0.0011660677783430953,0.0010005841890479029,0.0002949819260528935,0.0010173666694236545,0.000968678787995338,0.000872637785410867,0.0004315368471592259,1.1464848967313967e-05,1.210547354916211e-05,9.656374925017505e-07,1.2342737430057842e-05,1.132878395242948e-05,8.046703821184807e-06,3.097215838589733e-06
23,0.014327478090143342,0.011322082465321818,0.008194008463195634,0.008816632795887406,0.003745181781065339,0.008709040619816807,0.00865426010236818,0.007749142339531792,0.006620168939741641,0.00013695883833018927,0.00018412095774762586,9.43701385463247e-05,0.00018263369001155118,0.00018154509181524768,0.00015039473592155214,0.00015517279097522355,0.0026403336432890548,0.004075954238525803,0.0039359075442546325,0.0014568581902814348,0.003920042702399255,0.003835633870821089,0.0034677050392799592,0.0023768325537623946,3.0261338587449067e-05,3.517131661006121e-05,6.280306703069366e-06,3.3989662350952e-05,3.313494789882995e-05,2.5377806862132203e-05,1.686804340521578e-05,0.0003886086641420262,0.0016289388633755721,0.001390093258090416,0.0004242247685165948,0.0014042818558154455,0.0013400740466487115,0.0012157708746960735,0.0005942034781082834,1.562867585612863e-05,1.6137049483456227e-05,1.3523785622281916e-06,1.616392794585029e-05,1.4818325745083857e-05,1.0806738887479069e-05,3.979165460920872e-06
24,0.04772686521737235,0.015077284597150877,0.010916228967293105,0.011718191734979677,0.005096575779036166,0.01157426996504448,0.011497279903163671,0.01030694394975984,0.008707838210545925,0.0001868615785540145,0.00024731566449691714,0.00015168986037572218,0.0002444634541836956,0.00024373324439612274,0.00020530476666262042,0.00021484150260929979,0.0037024604293361633,0.00555413229008093,0.005374980330311899,0.002040171215405106,0.005346999002060868,0.005231592335496978,0.0047349878092756,0.0032188262383600424,4.252110622994434e-05,4.944545227442126e-05,1.01346154825897e-05,4.803583299066067e-05,4.660859576485663e-05,3.579468894063733e-05,2.3789915207367433e-05,0.000578137604641451,0.0022935104311912207,0.0019735667273153446,0.000618908508806767,0.001976166505473487,0.001889661080668424,0.0017162373106959007,0.0008400636390448367,2.2938098665133866e-05,2.3512580142225337e-05,2.076630272801598e-06,2.285820030922661e-05,2.105578607106374e-05,1.5656377104303283e-05,5.550717824984765e-06
25,0.08112625234460125,0.019856447520804534,0.014298468355672866,0.01533002898728806,0.006849976766226245,0.015125303693188721,0.01502684823139771,0.013494575754795719,0.011301167871916417,0.0002559449848386824,0.00033591125276634344,0.000243554152730959,0.0003301959780589238,0.000330246180987661,0.0002857738225161573,0.0003044324240524629,0.005133095104067751,0.007418576577785529,0.007203157930905036,0.0028063792937039317,0.0071214262456595736,0.006973737290959357,0.0063317005465761975,0.004287033675982372,5.8833473830818004e-05,6.897733784194077e-05,1.6239831835151424e-05,6.580099695999298e-05,6.431143033141606e-05,4.940715920830111e-05,3.3199253709340326e-05,0.0008501736940641439,0.0031704995912552937,0.0027415339548657095,0.0008848633094634185,0.002719238113754558,0.002601887333675531,0.002380617905750486,0.0011567316689762562,3.4192865532249436e-05,3.4967452265087176e-05,3.1635236314129156e-06,3.3003858182895294e-05,3.100827952364025e-05,2.312354162194525e-05,7.791938756833633e-06
26,0.11452563947183025,0.02586393625206236,0.018611005083095922,0.019898439117480026,0.009083673453309973,0.019608894265654275,0.01946073659017631,0.01750483362744066,0.014531845075892579,0.0003411301396858781,0.0004333108435280049,0.0003808088917237588,0.00042749418133118357,0.00043011714956154765,0.00038197739131996957,0.0004208558727096915,0.007036379712905453,0.00980198303070347,0.009528182252954275,0.003801832351514007,0.009378575005113306,0.009185810733179181,0.008353638434881704,0.005620590226189881,7.86878169178006e-05,9.170042324012236e-05,2.5750788882547854e-05,8.66961794072157e-05,8.493936085802338e-05,6.495535584658037e-05,4.4656173496937493e-05,0.0012358297037588452,0.004286855109672125,0.003732922936441531,0.001235957343909846,0.0036743036042646473,0.003502113019321363,0.0032332797487136986,0.0015612114617847856,4.932408038864233e-05,5.097130098908658e-05,4.847809884998703e-06,4.7187113022663156e-05,4.385162839305254e-05,3.3474979606962224e-05,1.0937712839228716e-05
27,0.14792502659905926,0.03332252577384403,0.024036243974908188,0.025675092341723178,0.012001245248460643,0.025171860640107287,0.024964749755716432,0.022525552579949367,0.01857019422805355,0.0004533117883210891,0.0005663210995179364,0.000589974942168911,0.0005530284435250144,0.0005585355081407739,0.0005112022052197929,0.0005908644437287217,0.009537308522908895,0.012885635259728332,0.0125277334371078,0.005119577822301873,0.012266106975670392,0.01199234838274136,0.01096041068903594,0.007312382902921702,0.00010361134131462388,0.0001197464230810865,4.0610419731698995e-05,0.00011247026860911653,0.00010938786433352697,8.438897556079285e-05,5.994647383724555e-05,0.001775832834769757,0.005747854154329272,0.005023895325803447,0.0017009751950909653,0.004886715997687553,0.004631715852693282,0.004331424539887013,0.0020762992623948886,6.995895707924853e-05,7.168073698344829e-05,7.038666656020967e-06,6.495179422135365e-05,5.9461383398542344e-05,4.680166962898095e-05,1.4820828238417496e-05
28,0.18132441372628827,0.0424687756716815,0.030826278869321648,0.03286085265674895,0.01571685992571084,0.032128787087878086,0.03179776863886338,0.02879538021462655,0.02357675506660064,0.0006097925136349247,0.0007480975718749676,0.0009031319291511762,0.0007340412732286658,0.0007416516031593919,0.0006965243570840982,0.0008422816833855478,0.0127831068383263,0.016917569728047765,0.016498378130718538,0.006906793308994861,0.01604178911301354,0.015615614062493762,0.014392151171980214,0.009552385056049698,0.00013885529594599727,0.00016195211156476715,6.476912909721228e-05,0.00014918267039513953,0.0001438395483989878,0.00011290271110490314,8.448119841004322e-05,0.00252265130284929,0.007759281229812943,0.006818031673512,0.0023799403805305048,0.006548718793172199,0.006176035310378409,0.00586301172061773,0.0028082616501277596,0.00010153430606619852,0.00010239207243460217,1.0444343103254709e-05,9.05608328870853e-05,8.228648049302837e-05,6.66519023067736e-05,2.033543877371673e-05
29,0.21472380085351728,0.05354653780769475,0.039059610180196117,0.04157093399679967,0.020364260387420206,0.04047447164759698,0.0400349415842132,0.036379124387131506,0.029637305992266095,0.0008172035937926145,0.000983159985258431,0.0013591374599935776,0.0009722263046365311,0.000987803481382993,0.0009530119286327349,0.0011953285133543612,0.016943787078926693,0.02182023931617508,0.021294915027889834,0.009228632454927594,0.02054087496676187,0.019971368162318773,0.01857366033829753,0.01228985714886302,0.00018097234145403413,0.00021050472668236524,0.00010198515576846152,0.0001913554270857876,0.00018494020071937968,0.0001466581888006445,0.00011923156230956127,0.0035427834158701,0.010279532879584073,0.009035393579080531,0.0038906049929252873,0.008643223864058532,0.008184143962410469,0.008110833774055465,0.004322140621379923,0.00014573035141548062,0.00014196935956318428,1.853789886221232e-05,0.00012504800478001989,0.0001133066677698153,9.719071174679962e-05,3.229951761203183e-05
30,0.24812318798074617,0.0667986048835784,0.04882491495785359,0.051883453426350264,0.026129565228115104,0.05026157127421633,0.049661878266830196,0.045327526208504824,0.036822892303455416,0.0010774922687168918,0.0012527963927510476,0.0019941682979128855,0.0012617462588433645,0.0012852527844913007,0.0012760166030910396,0.0016748630086277298,0.022211592936007316,0.02786789782803528,0.027285113737380563,0.01341532137310813,0.02619030726545204,0.025528277987325126,0.024213687952209212,0.016644900661864272,0.00023065656326946008,0.00026713775582064574,0.00013984023962241535,0.00024138392500446223,0.00023328529530097214,0.00018868035518378927,0.0001586269671054333,0.004919106487080595,0.013515068177089438,0.012007299149176575,0.008905604794022687,0.011687130363945065,0.011368233398866896,0.012212977400477618,0.008948799558318765,0.00020696205030045357,0.000192207630704796,6.415389783712216e-05,0.0001779889849819827,0.00016751812693075537,0.0001605629873954274,8.627996901597547e-05
31,0.2815225751079753,0.08245666058645229,0.06071400781584201,0.06451835359626251,0.03462623269954675,0.062308975272480506,0.06163160062588563,0.05658066739074931,0.04650405661292331,0.0013979179473447782,0.0015867522498401894,0.0027355895547454957,0.001605794363867577,0.0016405108183664488,0.0016641180462168088,0.0022546259058102516,0.028799049938022566,0.035308204590862605,0.03465143669881609,0.021681292611555453,0.03351029120801904,0.032940717711130565,0.03206789302621182,0.0246671887145481,0.00029115339723030946,0.00032791321028005475,0.0001537119496679928,0.00030764018846222296,0.0003003671641205648,0.0002489084531849516,0.000199095630982048,0.006753138719319451,0.01760289758767045,0.015714292833474877,0.01802629063937578,0.01595656592260911,0.015937192776251045,0.018035457388725296,0.017075673147113488,0.0002951997944689092,0.00024122692956223384,0.00023148548792329695,0.0002643949628655364,0.000260833106078265,0.00027629213478693913,0.00024079095557342662
32,0.3149219622352042,0.10072986286290558,0.07467034665908226,0.07910161621801323,0.04773504490455418,0.07690021400894642,0.07621602876471846,0.07063428770579687,0.060372657095561374,0.0018121892619553921,0.0019780662729524463,0.00341037899628273,0.002032883010896559,0.002073913073979466,0.00212769662069264,0.0028346662536365896,0.0369353777857546,0.04421861210045814,0.043531091908633406,0.03444810958646417,0.04278358820087073,0.04237084939641218,0.04210576350575357,0.03697392403663539,0.00036444887549052206,0.0003776514498559932,0.00017835734631926545,0.00039309185849512816,0.0003897152261285059,0.0003296924048450314,0.00026810478344934454,0.00916702131156406,0.022607620867247023,0.020435960643867254,0.029724721505811097,0.021263392169582254,0.02159792284190026,0.024947903214025242,0.027286190569581203,0.00041656707042433857,0.00030405224705731213,0.0006002078639598555,0.00039048156628371234,0.0004010994036580254,0.0004520695827078665,0.0005422766883566422
33,0.3483213493624331,0.1217925661787238,0.09099763166139889,0.09610076219580688,0.0659713635464203,0.09449593653775935,0.09386149123705816,0.08766554445006004,0.07922525537472679,0.0023293150438903785,0.0024182751813541926,0.003940359735497592,0.00251603272729845,0.0025585572610563436,0.002640923582958891,0.003336966626212238,0.0468610905098521,0.055133694081482075,0.05434524770468276,0.05071703755512409,0.054242353872801484,0.05402494876932732,0.054354198940880574,0.052546574159615236,0.0004591129644495168,0.0004310104997121555,0.00027912798252134754,0.000505914087164803,0.0005085143954579158,0.00044317114251175556,0.00041023023201936046,0.012304985107047901,0.028933711657574385,0.026309866032703952,0.042784729242628515,0.027562060077549615,0.028225599425040018,0.03285612669906916,0.03840180788446045,0.0005891504516950772,0.0003939826619828641,0.0011930651469379682,0.0005572992466765337,0.0005853108846494754,0.0006947697385783528,0.0009844679111690486
34,0.3817207364896622,0.14577184849860486,0.10954333568221253,0.11562374668072163,0.08863750093628088,0.11487371385064842,0.11440613150654433,0.10750412286601752,0.10229074335282771,0.002968819009109887,0.002905790160203599,0.004386188576152314,0.003078450588224568,0.0031241023159848625,0.0032478775726596815,0.0037976168693713503,0.05882071598366257,0.06782202290969394,0.06709013802906663,0.06947227570187144,0.06745507716276294,0.06740921722235171,0.06838804108165021,0.07028685030205022,0.0005689742141420196,0.0004901589956437576,0.0004908028849550018,0.0006366929479426137,0.0006516150290920915,0.0005808910058601606,0.0006427119034230796,0.01633403200854071,0.03652382838494206,0.03354985149131146,0.05707969963160937,0.03487641707648424,0.03573828086040258,0.04179479900612645,0.050593251981269544,0.0008187392004383232,0.0005272313069437868,0.002032213465402797,0.0007733806319805768,0.0008202536616148562,0.001013428585662457,0.0016001416420214846
35,0.4151201236168911,0.1727356346400586,0.13077942985026283,0.13794834597009548,0.11476298844979003,0.13779819940029703,0.13753653108540959,0.13006211174402382,0.12842261883653336,0.003747871934195031,0.003445591793014915,0.004833606184866929,0.003750382461932493,0.003790145157473193,0.003963617631983509,0.004291488080295478,0.07305370373146629,0.08273634798133504,0.08200533099054098,0.0902025954693855,0.08237252315977855,0.08243668919874499,0.08440662044370735,0.08965493814404583,0.0006893238739890144,0.0005499514998078211,0.0007897464641773066,0.0007663866100218449,0.0007946631433089808,0.0007347094178896129,0.0009219573136424083,0.021443542882332276,0.04588370601392512,0.04232425670647761,0.07234097876057105,0.043378797054873346,0.04426136383178056,0.05209216451753629,0.06358275848468982,0.0011267810795458195,0.0007086448494760606,0.0030770030567586525,0.001036896765201651,0.001100137801236849,0.0014140474370741046,0.0023294714512674514
36,0.4485195107441202,0.2026822807517602,0.15515806196714022,0.1631090333138685,0.14398446061129394,0.1635543809038163,0.16351674290440105,0.15561498378753744,0.15744377363200987,0.0045804508431920065,0.004029260324196269,0.005284397432451172,0.0044562462753865596,0.004504656752661713,0.00471973478591948,0.00480074971792056,0.08978375186569382,0.10016716229404932,0.0993070822666382,0.11274810757831549,0.0993069007710584,0.09935556613531046,0.10260620489734538,0.11066355577925203,0.0008289885774971423,0.0006169976009154751,0.0011533135647567156,0.0009072626362152515,0.0009465559955552199,0.0009050144227382522,0.001232073773361038,0.02784352771107267,0.057078587958168586,0.052798220548237795,0.08869199397392905,0.05313108234756495,0.0539051073293125,0.06385387205355825,0.07749508031781258,0.0015375267464858735,0.0009540795149067877,0.004322451385168013,0.0013546863682263799,0.0014266673369415918,0.0019125262317007444,0.0031734513278521676
37,0.4819188978713491,0.23553248930525822,0.1822514134720966,0.19122299270598245,0.17596235207328842,0.191775106981592,0.19198796251678224,0.1839179143716626,0.18891062380279453,0.00551541450007157,0.004678368598654094,0.00580523305851927,0.0052605965925632756,0.005317284156325117,0.005574637170943501,0.005381340971160796,0.1092069582830606,0.11999385208876275,0.11914673706809895,0.137139654054991,0.11819211447755368,0.11814268388671685,0.12299997437076209,0.13323846367638562,0.0009923083606009513,0.0007010899896221105,0.0015513007434919787,0.0010665331625837287,0.001114146378263372,0.0010975263078886075,0.001547982007392323,0.03576126658681403,0.07019805710054337,0.06524655685328469,0.10629051794832706,0.06436025555842464,0.0649309836729873,0.0772558981152317,0.09265107855116204,0.002071692375640927,0.0012879324397764205,0.00576187857798179,0.0017540516929543304,0.0018256139492969408,0.0025363573826624295,0.0041587309341147615
38,0.515318284998578,0.2711243502919325,0.21186530960659167,0.22212219351383747,0.210361347751641,0.22225750499820807,0.22257289209817135,0.21469864287347903,0.22237769748202413,0.006539019989648677,0.005414940728029769,0.006394634518602472,0.006184627293530098,0.006236881221527042,0.006519452678892526,0.006086911594637252,0.13147937183155867,0.14226718286974901,0.14145492873950527,0.16308579026615125,0.1391333365926166,0.13889009087583287,0.14558038425527892,0.15732547249022183,0.0011476169685668922,0.0007920193625094468,0.0019178992184417584,0.0012215165630359572,0.0012796669960502436,0.0012763982263626578,0.001822985538589337,0.04543615623284667,0.08547305375376595,0.07964602471609927,0.12491304189833051,0.0773317851701719,0.07756479188809798,0.09247441152879798,0.10895950729934252,0.002712451944527223,0.0016983727100029346,0.0072805701715003834,0.0022007567514556545,0.0022600546781188563,0.0032452528105913485,0.00517454307092385
39,0.5487176721258071,0.30921215022728454,0.24378012222430825,0.2550573312937037,0.24611588886356053,0.25424495094947186,0.25467791003603263,0.247472975986719,0.25673029815258575,0.007703314128961995,0.006236442761908731,0.007135112591664071,0.007267278650001129,0.007329130889640019,0.0075871792343923826,0.0069740835285852,0.15670466720439907,0.16715291155264916,0.16643677201610113,0.19075433563801295,0.16226602257676379,0.1618071068546548,0.17063792947173903,0.18297179055223417,0.001338793165014361,0.0008947492119290045,0.002238944107324418,0.0014217584187056762,0.0014932897870526365,0.0014881220977753507,0.0020515557947387146,0.05711267768959177,0.10305283646621319,0.09638124321347308,0.14491740447572182,0.09231843384132542,0.09205283948499213,0.10980480503639849,0.12667666731119107,0.003498515215892785,0.002211695729055229,0.008868364223966719,0.0027256299484629248,0.0027628308070234225,0.004073523413820803,0.006223059511793658
40,0.582117059253036,0.3494693630730479,0.27821849123051207,0.2902225084189453,0.28342618282583054,0.2885167390465488,0.28905380274790443,0.28251248560153713,0.29257548357402474,0.008818718037538385,0.007017876975198905,0.007850626643772328,0.008330144145313195,0.008406243533032745,0.00862074744342669,0.00785352207873376,0.1849227732742152,0.19474119948756013,0.1938378970114903,0.21985183953227452,0.18786009617312685,0.18706358090228484,0.19805778276051347,0.21034241761595748,0.0015978957482073526,0.0010076426447785298,0.0024708747399109937,0.0016585584882913918,0.0017543259015340017,0.0017021253733396397,0.0022548814869443336,0.07103153430674701,0.12284491156109657,0.1154670204712675,0.16618481821814596,0.10944103070935637,0.10862566955278358,0.1292300585106543,0.14598644574107067,0.0043879249682601245,0.002819674592460928,0.01043353050059669,0.0033367552588420965,0.0033411020235276792,0.005001409198005855,0.00730191905420985
41,0.6155164463802651,0.3914959524307897,0.3149137560253635,0.32778371016386765,0.32258885772344353,0.32496541173654403,0.32567596589195713,0.31984037029647855,0.3301649425739874,0.010061349584847293,0.007914431042714993,0.008746841879523468,0.009519582305143375,0.009619073767914021,0.009764908078627016,0.008906859598644287,0.21610033061946637,0.22432920480691604,0.2237118599775256,0.2503631876903493,0.2155827540455462,0.21454604723648618,0.22762072214131904,0.23930407102168252,0.0017749124469620026,0.0011261182235607963,0.002597526459572132,0.0019163641108409153,0.002038134426414523,0.0018944565011259338,0.0024006155136819286,0.08741916843327946,0.14470578908877765,0.1367775050788829,0.18861589633881035,0.12863043010618305,0.12723014054076925,0.1506657446140271,0.1667316624988137,0.005348531830630761,0.0035098187880919637,0.011886848506855193,0.003986307719018616,0.003969322016288563,0.0059836010371446865,0.008325683156968633
42,0.648915833507494,0.43482979645022685,0.3534783860986082,0.36695898262597065,0.3626592873026547,0.3631104607778329,0.3641923756082436,0.3589640236762658,0.36878135882789437,0.011134770451341548,0.00876230305884017,0.009602677467864435,0.010596418095580762,0.01068286975362976,0.010767350103406728,0.009954444393133623,0.25012382660292454,0.25645124499413496,0.25603555472526107,0.2824024121447987,0.24592153937611425,0.2447537969499865,0.25960846446507624,0.2701787193683017,0.001982236634379876,0.0012870616951212697,0.0026676489246879507,0.0022577334628597857,0.0024170663695270963,0.0021249635694876477,0.0025639630339891035,0.10647603870016942,0.16972484896989448,0.16122127500756628,0.21309629183293227,0.15107716072556307,0.14914765124261256,0.17506001293603285,0.19007195801120208,0.0065209406029700535,0.004380968038562249,0.013332717622392548,0.004838808257670047,0.004802112951531314,0.007157425212281202,0.009475521219333559
43,0.6823152206347229,0.4789617255356166,0.3931527886169754,0.4077802557281463,0.4037576070879118,0.40243877180887755,0.4037522640108043,0.3992701605743664,0.40820557146287123,0.012114481578765303,0.009461625360968597,0.010371857085707545,0.011631237874187728,0.011688677596542345,0.01164607505385506,0.010949674741117696,0.2867961487270181,0.29081649097649803,0.29080177651754513,0.31596643103339994,0.2786843793401881,0.27742527625332675,0.29388371016268855,0.3026876368234316,0.0021553040139571716,0.0014535489871491355,0.002659628949457904,0.0026097439659740727,0.002803998752164647,0.0023184984302889312,0.0026833236356744996,0.12836421190382735,0.19710529465046092,0.18770938237218443,0.2385662359731068,0.17584491517943807,0.1733726063393511,0.20160447321472694,0.2147581892750938,0.007709410216380152,0.0052304512517809,0.014416979962939632,0.0056752766387685415,0.005627132487841847,0.00828725787841006,0.010373094849599
44,0.7157146077619521,0.5233533700860427,0.43403986883637463,0.44941028982156256,0.44529235009955265,0.4428928495778848,0.4446983967112856,0.4405768642972231,0.4484338060198496,0.01296123096021063,0.010061634626936327,0.011077621882167083,0.012518219440109573,0.012551353169011346,0.012390433290978593,0.011888829343915781,0.32583711075705457,0.32743333621615717,0.32761356468790365,0.35084103420222895,0.3139737832577854,0.31293294365548024,0.33037540524284764,0.3371130867674596,0.0023435600323831038,0.0016163757208300573,0.002604481918187626,0.0029920279531390863,0.003236432939161079,0.002523367901217354,0.002812288024748573,0.1531949756544989,0.22747144182754592,0.21727417578899463,0.2660114055456424,0.20401038644994454,0.2012443403730295,0.23123390317475542,0.24196554933378092,0.008970319044976617,0.006185922902503632,0.01535061550438589,0.0066495808177998664,0.006601116092721692,0.009525599253945456,0.011297879936714517
45,0.749113994889181,0.567456781535582,0.4755976753494698,0.49154111590311156,0.4869208314795623,0.4841521870284389,0.4863640042389833,0.4824562773390669,0.48891256428425167,0.013622472037694476,0.010527174975910615,0.011663531286607078,0.013213821877518996,0.013174001170278643,0.01294699504035958,0.012688235107328848,0.3668882521539313,0.36543183985829275,0.3660482718900699,0.3866609440425513,0.35109632390961437,0.3502939185340213,0.36836075649831507,0.3728501322926577,0.002551363979782604,0.0018081758899873548,0.002550336844675499,0.0034386737295778688,0.003716020889798047,0.002756334521268332,0.0030047246514812204,0.18101729056779609,0.25971753840066203,0.24912179239124224,0.29477930565756943,0.23464488349620768,0.23162917366975985,0.26279255454606576,0.27099737945794594,0.010145054900035812,0.007099017489874538,0.015898071434176885,0.007618084499279776,0.007565373620403058,0.010641860228433237,0.012026826685763022
46,0.7825133820164101,0.6107346398075184,0.5178449345103342,0.5338895876890275,0.5284576365133055,0.5259499525345452,0.5286787795806417,0.5248601391947765,0.5294208000055007,0.01386312697854737,0.010729934058177812,0.012059453269240773,0.013488071789803264,0.013399729199293667,0.01313383564642437,0.013248799561426697,0.40952190938674293,0.40507691151373176,0.40598950516597554,0.4234028514154419,0.3902890545448631,0.3899060708175433,0.4079786011732517,0.4100076160863188,0.0027188104428600836,0.0019939535079890815,0.002506847170276695,0.0038300004550914472,0.004117040377749427,0.002936614614805981,0.0031882093519180698,0.2118079556402805,0.29448554761618456,0.283544205143783,0.32509369855524567,0.26825849265405394,0.2652221055611387,0.29688299812635793,0.3022996706830719,0.011279797162113692,0.008045011017703985,0.016161177383347113,0.008623700567238532,0.008601306467329666,0.011704818177810737,0.01269903739600616
47,0.815912769143639,0.6526798102427538,0.5598939501457029,0.5759008596612243,0.569492562719629,0.5676708799313778,0.5710054840380944,0.5670682159491156,0.569787722039205,0.013837459994617293,0.010666087600448078,0.01219324081328823,0.013509948291588447,0.013298936163884712,0.013065025229818897,0.013537341758108041,0.4532542345104065,0.44598838897963616,0.4471662993701139,0.46106418219134154,0.4311283639048326,0.431371551128225,0.4488091439897701,0.44851902053964293,0.002902377900768039,0.0021870660172641793,0.0025122680411884674,0.004216506545667071,0.004472692842812585,0.003125270206279621,0.0034362298212268242,0.24546434333250683,0.3316162980213538,0.3205549640882844,0.35719444465306727,0.30483913451745587,0.3018644370480688,0.3332790580267023,0.33590828185395244,0.012407226807582633,0.009032595224961708,0.01618875835384732,0.009724487929836696,0.009749508828584755,0.012727920800533359,0.013296615307419773
48,0.8493121562708681,0.6928330685770911,0.6009970540402426,0.6168511545832086,0.609497589978294,0.6085485466468625,0.6125462494517373,0.6082072263644471,0.6093178044614471,0.013594406322890834,0.0104770568890542,0.012159967621929262,0.013332515189067976,0.012993318039985689,0.012807457733176122,0.013578621048837485,0.497561523091488,0.48681365080121575,0.48833602135888043,0.49849674315091924,0.4724137847430134,0.47341252064069356,0.4895528538823184,0.4870637827342033,0.0030979071885317575,0.00242745624185394,0.00259630923672287,0.004603848593792314,0.004819943910157677,0.0033097056311087512,0.0037399237567504093,0.2818004639678945,0.36943783225308213,0.35822398481699846,0.38957848427401826,0.3426284951059666,0.34000223747225083,0.3704010017821534,0.3700349098569839,0.013090892099542444,0.00968844588293211,0.015672369054034865,0.010584054923229254,0.010679047687131862,0.013337989435357741,0.01342274718261669
49,0.882711543398097,0.7307979675588555,0.6408582191344446,0.6567241320456162,0.6485295385915764,0.6481181766875338,0.6527480842742002,0.6479866195358127,0.6479360488446031,0.013081990048584019,0.010104850777497563,0.011926239388918248,0.01288340361040169,0.012447990643154746,0.012362512150843765,0.013408302583254303,0.5418989419203818,0.5280973987010057,0.5298059803471651,0.5361662505238318,0.5143693540736589,0.5162011955950191,0.5306291084347741,0.5259802859586951,0.003264151141619583,0.0026140460403712984,0.002739808306580287,0.004899312751480393,0.0050625445553169265,0.0034824342110601966,0.004076879598237568,0.3205469427995108,0.40980917329168626,0.398291556944781,0.42377931014134135,0.38331966282908914,0.381393466772992,0.40989386062997973,0.40646537253161186,0.013802533120920578,0.010406968367594903,0.015136549844104967,0.011509741756020531,0.011755354267097286,0.013981575569311988,0.01364953385203923
50,0.9161109305253259,0.7662520565211648,0.6790360497876503,0.6946825254053879,0.6857234411114825,0.686143829521408,0.6913094813350728,0.6860047188500253,0.6847909382800174,0.012393801633527466,0.009574582835343997,0.011483678834901843,0.01220635379242063,0.011699006771812235,0.011707728566661182,0.013019756814804145,0.5857205454966566,0.5688591052383548,0.5707875472368847,0.5734386586083239,0.556228935132008,0.5589479624263619,0.5712354906430347,0.5646985600613397,0.0033915206559911146,0.0027422169165802453,0.002888025857837559,0.005087293590250196,0.005208390349737751,0.0036069909864743527,0.004383083948723318,0.3613552471567154,0.45047990653909736,0.4388873416377838,0.45837200478918483,0.4249464575714222,0.42378597209621865,0.4497649250409906,0.44345356447850626,0.014151797548592767,0.01080785542522775,0.01423318296547459,0.012197696637861088,0.012633587300658802,0.014246025362309357,0.01352900895048921
51,0.949510317652555,0.7989539603409817,0.7158156523706225,0.7310535269513919,0.7214556795798333,0.7229078098744539,0.7284918258566392,0.7225892195974185,0.7204729323637833,0.011415179578495813,0.008876340070553811,0.010815141796081326,0.011263241820752114,0.010679821104689348,0.010815758677561262,0.012297779662642248,0.6284993606693685,0.6088625488854823,0.6112010899872924,0.6103866658846036,0.5975439821970977,0.6012319877986552,0.6111563980640923,0.6030917575301296,0.0034848308330286543,0.0028656601056817896,0.0030802425149411145,0.005175769898691566,0.005237705157179726,0.0036771860278860813,0.004611072986601541,0.40380620405797324,0.4914881545312536,0.4799086101342976,0.4933503376984456,0.46718482166872216,0.46673157900256845,0.48995063805133077,0.48089305061437515,0.014176929736264447,0.010995821785990519,0.01316653038093706,0.012605389904821584,0.01319297820449834,0.014186842113957541,0.013142509802502297
52,0.9829097047797839,0.8287461461838468,0.7498037715877001,0.7642815164288285,0.7542015171933237,0.7566613481769078,0.762531519384678,0.7561485082189618,0.7530120403148015,0.010413370934387316,0.008152842122580122,0.010070479611428802,0.010281054751763847,0.009661186945222458,0.009906073455986457,0.011508953092286587,0.6697463129914563,0.6476103214215823,0.6502409219328655,0.6462343910724074,0.6377046464147338,0.6422505318996296,0.6496608432000367,0.6403055447500524,0.003522030577878531,0.0029863968447018086,0.003326853426379039,0.00520360144744845,0.00518889769305973,0.003711011310452375,0.0048482325529692364,0.4474225265717433,0.5326413953728018,0.5214700905985287,0.5290098971453446,0.5102040210062244,0.5105886647447326,0.5305147300810426,0.519093590562344,0.013898473624951089,0.011017909674536211,0.012087330990994986,0.012880923639481142,0.013584722994317604,0.013893042099408668,0.012742686903251813
53,1.016309091907013,0.8555535233119445,0.7819346309116498,0.7958335560512603,0.7855564808050334,0.7886165387948239,0.7947753265276621,0.787896231194756,0.7844046479041644,0.009291574179918901,0.007279253402772938,0.009119939086767705,0.009206540199270506,0.008562785243636812,0.008882401179837492,0.01050487233165867,0.7090268669439177,0.6852988900204686,0.6882780985726302,0.6815050942251186,0.6768859482314284,0.6822841137864335,0.6871447746470776,0.6769739206070693,0.003514511609336208,0.0030254591918459682,0.0034963018591304944,0.005073206453556769,0.004945843040889905,0.003675652092511286,0.004930578381768195,0.4916847507486732,0.5738845267147382,0.5633941261751538,0.5652042023088342,0.5535143805711328,0.5548810044799659,0.5711584388441,0.5578948426182838,0.01344794274035182,0.010946054755854816,0.011076145704165489,0.01292478711159898,0.013799243889968168,0.01344181022190917,0.012335755819841759
54,1.049708479034242,0.8793783035358417,0.8112840073809501,0.8246256583649482,0.8144468691155521,0.817834358076585,0.8241459480271398,0.8168867139578216,0.8133523100936194,0.00819154327185977,0.006383270408467341,0.008095661295991046,0.00807454073575094,0.007456985704230804,0.00782130794119378,0.009427724083722732,0.7459744444544789,0.7207615554579022,0.7241006425612238,0.7150541445345858,0.7139665331289807,0.7199546043391938,0.722384187834145,0.7119127294883701,0.0035495415779763675,0.00306025577453069,0.0037002754803466572,0.004999280148324196,0.004844411529312836,0.0037239067703887917,0.005086269863520073,0.536049706043245,0.6144539470673799,0.6045296867058441,0.6010935142015075,0.5963932470249566,0.5985736215677505,0.6112059099257325,0.5962955833129838,0.012929771016673045,0.010784527759762493,0.01020572629350197,0.012906396026643474,0.013923550125183473,0.012955250857838965,0.011929581476284456
55,1.0831078661614708,0.9002917738724608,0.8381481332096621,0.8508029605578835,0.8409167116426984,0.8445043231360201,0.8507204927811568,0.8433431563176021,0.8399945251047191,0.007055093131411628,0.005503704490980116,0.00706598431803048,0.006978108719065837,0.0063950209434574315,0.006782291569682348,0.008268903426977251,0.7802999513722173,0.7545188135789567,0.7578835107959755,0.7471021009345582,0.7492489153084203,0.7556653711315701,0.7559006522772916,0.7451038978538478,0.0034642032514403923,0.003003298410340117,0.003768019988452551,0.004743888268607173,0.00457188333203915,0.0036351668320492975,0.0050714005491809995,0.5799704299775775,0.6534597984575663,0.6443303992475314,0.6362773745810713,0.6376048276390742,0.6407307352983519,0.6497417415954928,0.633742715619724,0.012148166691023943,0.010297925880837881,0.00926333615980922,0.012495004926593003,0.013550642678519012,0.012114307387075545,0.011309608191419145
56,1.1165072532887,0.9184237829566066,0.8626452161097368,0.874373331173529,0.864940720940563,0.8686687028295286,0.8747728439862671,0.8673215665704287,0.8643010859650095,0.005913503894279416,0.00462418341586685,0.0060045209374013425,0.005858246302900717,0.00531237780350405,0.005709002206557913,0.0070876843011034385,0.8117970518152411,0.7858198373531186,0.7892638687057298,0.7771727611127146,0.7819187171745332,0.7886296496083061,0.7868801098535897,0.7762165410196591,0.0032677097993719195,0.0028558127781055016,0.003737151839330737,0.004353465827469123,0.0041272686213318305,0.003420524152490515,0.00487602166467826,0.6229163151232495,0.6909032427700926,0.6825541251339174,0.6705505358182436,0.6770995465459115,0.6809905982065384,0.6866469903191811,0.669966048714927,0.01112458324582493,0.009595283773447635,0.008339900449225229,0.011751687794974942,0.012801597817036362,0.011066379070645989,0.010551926471762781
57,1.1499066404159288,0.9339508122351362,0.8845732679925946,0.895330279069437,0.886489397800874,0.8901767502569788,0.8959186720889079,0.888745947341601,0.886055615100776,0.004891973856910533,0.0038467268987492447,0.005052450021857612,0.004886333207770193,0.004398439655502762,0.004758866647512644,0.006034188756904851,0.8403431539735486,0.8148085068091723,0.8181423363144624,0.8052350263740713,0.81197513009067,0.818914442899704,0.8154707636269615,0.8051782387240425,0.003081548557796604,0.002722018945243704,0.0036918497314046336,0.0039872374318739735,0.003730615820125875,0.0032392927669394125,0.004661533767503576,0.6643922566319443,0.7267013312128907,0.7193912879312634,0.7040765482008192,0.7149017588518871,0.7196171298256089,0.7220963167764273,0.7052045632560572,0.010180086929423798,0.009072784094568747,0.0077620873513679755,0.011080987044701859,0.012153199211467345,0.01019337487672588,0.010023200825045885
58,1.183306027543158,0.9470834944562085,0.9034388253474628,0.9133334453485975,0.9053001974119083,0.9087289601508053,0.9140769058729195,0.9071771854002932,0.9049786246027014,0.004037626254787442,0.0031701391891071086,0.004195096544116067,0.004031771927599294,0.003607868651213333,0.00394693573128681,0.0050555578520047285,0.8658963766652793,0.8411731042939924,0.8445043342995366,0.8312356379951769,0.8393849280107012,0.8463088773055552,0.8415101970647616,0.8316689681907252,0.00279067153674097,0.0025370534943804806,0.003530699436269428,0.0036046761653218246,0.0033473000954084412,0.0030096010097084287,0.004381177813613009,0.7039556537030563,0.7605923657985476,0.7541618343105354,0.7364887743998559,0.750711618559105,0.7561032822003543,0.7556694412336836,0.7389610877545972,0.009246104313381593,0.008442089726797445,0.0072251939562650224,0.010304028398605888,0.011298997014841147,0.009267362896402077,0.009412691030563476
59,1.2167054146703868,0.9580543656863435,0.9201453640894157,0.9291017562559358,0.9219064102244134,0.9249382890113695,0.9298985839201687,0.9234446157976941,0.921713141084999,0.0032423900468230896,0.0025420998661736657,0.003393841709540849,0.0032463856560786437,0.0028897367424882826,0.0031875576709632335,0.004134266126246544,0.8884890262771424,0.8649714398895724,0.8682450539294845,0.8550532595443927,0.8640090730766682,0.870761838830419,0.8650458365686962,0.8560913258766741,0.0025202703715871033,0.0023115085464569525,0.0032966547488298657,0.0032114087979333234,0.0029370121318728452,0.002748680279472676,0.004023986033124475,0.7412302992453104,0.7915611361480985,0.786120449991415,0.7667503789323734,0.7833179821495114,0.7891021411664683,0.7863379553053714,0.7703113652745791,0.008197506798362947,0.0076887717356820045,0.006744476218271166,0.009364873663923183,0.010270030677582913,0.008276268421790465,0.008804857410155137
60,1.2501048017976157,0.967106508912323,0.9344788351637204,0.9424831823335469,0.9361570293712611,0.938806742132336,0.9433136186560145,0.9373674906200997,0.9361467043484482,0.002593093768364818,0.002037586307612878,0.0027386438019201547,0.0026053425379399917,0.0023001245661662907,0.002568367700502205,0.0033625513723133165,0.9082183080885965,0.8862733731674308,0.8892770611502477,0.8764554979990208,0.8858588395849383,0.8922709482232029,0.8859446822466652,0.877798841220849,0.002210041123748526,0.002053326946932598,0.0029965228999748197,0.0027699689546124276,0.0025004282716579213,0.0024331098851179318,0.0036062744368989463,0.7759164490515388,0.8205831218155412,0.8159920711605356,0.7957608004754213,0.8140599567702433,0.8199898724908992,0.8151774968437908,0.8000982406136166,0.007229725567422105,0.006862209509919388,0.006268126196551267,0.008410132160636775,0.009180182639810333,0.007352393357615898,0.00814294199224128
61,1.2835041889248449,0.974483586176824,0.9467329643628042,0.9539327754267122,0.9484481723378337,0.9506969153170883,0.9547302965903451,0.9493242785708684,0.9485762002096669,0.002056681586019623,0.0016154345691316554,0.0021762266067225896,0.0020547793970460693,0.0018028369077459192,0.002039972824357567,0.002684293450020447,0.9252351124898118,0.9048166575818158,0.9078939549219914,0.8958077024364016,0.9049844613542618,0.9111196081515934,0.9043588555111681,0.8974229706010177,0.0019534032674144047,0.0018177316793110993,0.002688606038986666,0.0023772670241116478,0.002112884445184206,0.002153770283285802,0.0031680950856645164,0.8077966678787969,0.8467150794553164,0.8433766678300735,0.8230628061910465,0.8418098871447817,0.8478009663499723,0.8414583810567953,0.8278187864330475,0.006312839446679287,0.006164748829414372,0.005913736934425336,0.0074515929302538895,0.008089325267914747,0.006494978597158213,0.007510467905943916
62,1.316903576052074,0.9804215816453542,0.9571402909722446,0.9634333688877834,0.9587983228455802,0.9606600347049876,0.9641606838056636,0.9594301697317782,0.9589866233550464,0.001589885373262922,0.0012592118004426962,0.0016914885841302115,0.0015866617903459303,0.0013841301849093848,0.0015763454933686524,0.0021082116452630457,0.9397317526145508,0.9212197336881268,0.9242755805456762,0.9131452813500232,0.9217309788422025,0.9274432738173107,0.920627403911537,0.9147503533747902,0.0016887067387620152,0.0015643769723514302,0.0023476727860868908,0.0020307736933992946,0.0017643714657484771,0.0018726672985198132,0.002756731595117885,0.836737373561592,0.8702648268673844,0.8679426368935077,0.8482709812433162,0.8666458145312538,0.8725670594159523,0.8652908251319507,0.853397376988987,0.005474931358905899,0.005443863181351314,0.005486248548920619,0.006502999191518028,0.007008688541284494,0.005686284856311194,0.006848467927111115
63,1.3503029631793027,0.9851424077656931,0.9656142110558973,0.9711947032979319,0.9673637025691735,0.968790586654652,0.97169808838156,0.967713122351486,0.9674839391123109,0.0012472292163383033,0.0009772392394273427,0.0013131188632254313,0.001237372331091837,0.0010878995502284204,0.0012296171043452149,0.0016713688433203878,0.9519294913755204,0.9350421811622671,0.9379932608481985,0.9279791445255012,0.9358318102056264,0.940952761097158,0.9344287450661657,0.9295870731637355,0.0014649295122717157,0.0013626098279736335,0.0020662818754400205,0.001736983137599998,0.0014917764368447385,0.001634936844577388,0.0023971422312608105,0.862686310071011,0.8905686115263195,0.8889845180136372,0.8703615008461278,0.8879468752213483,0.8935935301727348,0.8858983389386113,0.8755988455330497,0.004757715184934565,0.004821540217116354,0.005197795436096482,0.005715946422994415,0.00604098827823759,0.005047989754811637,0.0063372229945975345
64,1.3837023503065318,0.9888493750977452,0.9727284209148976,0.9776958302845478,0.9745929239784573,0.9756248933997529,0.9781117499757292,0.9747298523181882,0.9747780379714573,0.00096658298938512,0.0007416460795007348,0.000994706626045592,0.0009448072601481792,0.0008248414439164875,0.0009412696968933119,0.0012694515895615287,0.9620665956963954,0.9472670350230888,0.9501417283003684,0.9413293876139913,0.9482854204762114,0.9528025731095217,0.946688787426845,0.9428935457928072,0.001196977048301267,0.0011179639285527954,0.0017149195987372398,0.001408397192457163,0.0011965144630047052,0.0013491724860411893,0.0019817174207798047,0.8856664481244911,0.9089777178405342,0.9082458688379531,0.8912206234028875,0.9072134884113341,0.9124140974472186,0.904713529241574,0.8960189383903886,0.004005913900562455,0.004130516382390237,0.004717258536360832,0.004881171698234179,0.005105806169439861,0.0043539143542206706,0.005676617152019389
65,1.4171017374337609,0.9917244033898701,0.9785835592467592,0.9829998128139997,0.9805142424765912,0.9812148178730912,0.9832897040283617,0.9804644181294696,0.9807845080651412,0.0007394038824827323,0.0005427750399158891,0.0007247443362821169,0.0007122544216991008,0.0006106055335611604,0.0007050172026927928,0.000929497747509836,0.9703875113654752,0.9575468746859096,0.9603401191146229,0.9527224444941003,0.9587374116144202,0.9627242023939805,0.9571305930936024,0.9541166479689386,0.0009758253744524427,0.0008974749777759339,0.0013970691047147342,0.0011286789513403237,0.000943219975873093,0.0010978218762680845,0.0016182729951497812,0.9057670159310254,0.9249209198729775,0.9252604742353225,0.9100549594953687,0.92411587716926,0.928899996647195,0.9214661903573044,0.9143663715575067,0.0033719700394635155,0.003517551964961775,0.004254769042747524,0.004109766375927127,0.004248875505046367,0.0037404753115021982,0.0050285334249632494
66,1.4505011245609896,0.9939267622953614,0.9832186382873189,0.9871131209953914,0.9851697457957209,0.9856157495703315,0.9873460722182055,0.9850444757470553,0.985415809488633,0.0005673928030218129,0.00040266264200334147,0.0005335445133382766,0.0005322640948358042,0.00044834977015589637,0.0005247548786164784,0.0006904422384432158,0.9771335828766103,0.9659448173180197,0.9686294352877114,0.9621890470272291,0.9672837108080823,0.9706847643702238,0.9657139899289641,0.9634673308129531,0.0007948564450701158,0.0007175814016874208,0.0011246542049854812,0.0009012320254097764,0.0007437828767373407,0.0008915456909686947,0.0012917762067168924,0.9231324898204538,0.938259737981473,0.9393424973930594,0.9261066692946144,0.9381298698748558,0.942425319834324,0.9355510991372572,0.9298656921530126,0.002825381604417396,0.002932049285856236,0.0037495002265962242,0.0034472438342652077,0.003477121025839948,0.003196519963952071,0.0043478604053627645
67,1.4839005116882187,0.9955930756427368,0.9871110905873979,0.9904996965285456,0.9890089292201218,0.9892432698551291,0.9906739686768536,0.9888765591378762,0.989295718268353,0.00041748487564082914,0.0002912386405635916,0.00038514202687481237,0.00038565667162990784,0.00031301211834181534,0.0003744364684246309,0.0004939291338028266,0.9825355678839724,0.9731281785993376,0.9757566845469553,0.9704625972114352,0.9745354692421175,0.9774026734196992,0.9731663395098415,0.9716173710550086,0.0006463683012709437,0.0005744457285913748,0.0009039084906434549,0.0007226260647967135,0.0005899779923314873,0.0007208586145888193,0.0010324695510274013,0.9379504210002518,0.9501754475534097,0.9519450077009042,0.9407718403613914,0.950891580413162,0.9545859048700682,0.9485009838789907,0.9440466277890796,0.002389057487354524,0.002457855694200632,0.0032865160228955858,0.0028740919046990605,0.0028475397710204004,0.0027357926721779326,0.003728071575225151
68,1.5172998988154478,0.9968383007125943,0.9900548592854742,0.9931187000865491,0.9920050230242752,0.9920438082992649,0.993181199109601,0.9918310076037847,0.9922620929911802,0.0003175136644818516,0.00020623605203365792,0.0002738623952596667,0.0002810319138599233,0.00022627075955594577,0.0002687278546256363,0.00035243785256529764,0.9868080319705841,0.9788535655805083,0.9814503148158885,0.9772005054494791,0.9803793428241107,0.9827355021006109,0.9792363834031664,0.9781508154981955,0.0005124473717254937,0.000441670287461505,0.0007014243041321628,0.0005571247309664979,0.0004521657730204145,0.0005593505501237922,0.0007996792400322013,0.950438945403019,0.9597116912469541,0.9620816290362804,0.9527856370084821,0.9609072196421936,0.9641774368178938,0.958911429525172,0.9554256451056817,0.0019613264985711503,0.001998227624349137,0.0027872902507975732,0.0023481345525058835,0.0022731728115613944,0.002267999633822611,0.003112645486135049
69,1.550699285942677,0.9977573983305835,0.992290696397291,0.9949245855937797,0.9941031037630351,0.994101829197981,0.9949809872583358,0.993970865884577,0.9943386890448013,0.0002389284394694158,0.0001502581501011986,0.00019933212698433628,0.00020060666590604917,0.0001626205770506765,0.0001914390421173768,0.00025382674347096683,0.9901455688852985,0.9833864182887279,0.9858980605369112,0.9825266815589133,0.9849782327072724,0.9868710765117922,0.9840275503539581,0.9833196279771143,0.00040918942800262164,0.0003360254379321669,0.0005430458865203196,0.0004270548429640377,0.00034598978132637073,0.00043693906451152894,0.000615654267625177,0.960834730623843,0.9675824184312409,0.9702454973055977,0.9626718473482575,0.9691667495852294,0.9718609978876802,0.9675409705226,0.9647859920180132,0.0015987922454847175,0.0016187027335527607,0.0023421054311978757,0.0018966906859419488,0.0018126086739021674,0.0018646402794932927,0.0025745764516617387
70,1.5840986730699056,0.9984274341583813,0.9939929218030902,0.9963547827178967,0.9957368420585161,0.9956418719499663,0.9963242541384819,0.9956239474201078,0.99591433603645,0.00018561256826219472,0.000106190558136031,0.00014234682322417934,0.0001474032413411116,0.00012038683802326398,0.00013730500180896937,0.00018086878440446013,0.9927206821979225,0.9869971787298333,0.9894807507835086,0.9868520311249817,0.9887017158886489,0.9901719634864732,0.9879375232469951,0.9875147564137305,0.0003308047616033564,0.00025713381976886904,0.00041867649598105336,0.00032696610550648456,0.00026611497016470033,0.00033892800548331514,0.00047085692135629575,0.9693819743216314,0.9741667394910284,0.977426173467582,0.9714335992639295,0.9763650667205642,0.9786149955238185,0.9750666642819408,0.9730955189087719,0.0013260691998183108,0.001267879383550263,0.0018758587744073562,0.0014979847761946597,0.0013912662457521464,0.0015044541525660586,0.0020416217839243286
71,1.6174980601971347,0.9989098893775114,0.9953227334315481,0.9974384602081873,0.9969974427203244,0.9968737407569973,0.9973675287417878,0.9969224387584589,0.9971446660089172,0.0001432190147005011,7.366402867191195e-05,9.833267843212738e-05,0.00010332204494360028,8.630035056208145e-05,9.486766124123748e-05,0.00012469693315184796,0.9946830897994864,0.989863773100511,0.9923218985908319,0.9903569469863139,0.9916452537086283,0.9927902273057252,0.9910933236921128,0.9908705397707276,0.00026132025462621134,0.00018501782296071663,0.00030131669059641316,0.0002388869422063252,0.00019292224869794965,0.0002471811450937065,0.0003410531683930972,0.9763229015416381,0.979519967567487,0.9828939360109723,0.9782747901044672,0.9819760770484871,0.9838367823192415,0.9810139181442894,0.9794748827827306,0.0010643110311990512,0.0009791107419569814,0.0014738992053651898,0.0011625088239893995,0.001048789842140083,0.0011777250103325043,0.0015932494690288957
72,1.6508974473243638,0.9992530034953194,0.9961723263975267,0.9981395094565824,0.9978132709506035,0.9976433320897715,0.9980303910044691,0.9977469731200852,0.9979114067240534,0.00011802171995468491,5.013766980673081e-05,6.761374756304018e-05,7.777906004152399e-05,6.612111298340204e-05,6.608363850889773e-05,8.680357294528092e-05,0.9961601721075302,0.9919025596297626,0.9942474363688553,0.992774560146434,0.9936516300061592,0.9945490322049482,0.9932797016012417,0.9931563024770048,0.00021339994216042037,0.0001398396628401306,0.00022529644439171244,0.00018536419852889757,0.00014917284159973046,0.00018923756090273892,0.00025389261167392486,0.9818900334103401,0.9833155701007544,0.9869679702946718,0.9834022174842676,0.9860935004744393,0.9876335296490286,0.9854211544836932,0.9842357429316522,0.0008805820986063401,0.0007463258707182482,0.001150673515089054,0.0009007290298975963,0.0008040015623623006,0.0009213615604830526,0.0012495997529813336
73,1.6842968344515925,0.9994940177672152,0.9969567769859518,0.9987244368876318,0.9984852078633905,0.9983024322868067,0.9986186843558101,0.9984483023415509,0.9985527198452352,9.248386591688403e-05,3.413480540744618e-05,4.7003200491886247e-05,5.540652425114261e-05,4.51369027468393e-05,4.4789867643522005e-05,6.112043536910811e-05,0.9972582743506928,0.9936985144072705,0.9959310428823548,0.9948568755884902,0.9954543036328901,0.9961574087870209,0.9952313415976165,0.9951489442037559,0.00016310358760010955,9.438371914454015e-05,0.0001543786776479398,0.00012341425932271342,9.781551164581983e-05,0.00012724418541583624,0.00017135241935282966,0.9863003334797142,0.9867283416221951,0.9903939414531282,0.9877638973997682,0.9896999689609919,0.9908695293419916,0.9892882080059598,0.9883493846805393,0.0007094152927204463,0.0005605764460841933,0.000871438744230583,0.000668464431668425,0.0005944178567330814,0.0006908580788587003,0.0009492010830148595
74,1.7176962215788216,0.9996612305691074,0.9974448955711422,0.9991115812473629,0.9989404350196908,0.9987453304530869,0.9989976807805255,0.9989127237623723,0.9989895602698744,7.989385477912009e-05,2.404475514480714e-05,3.3240132613523915e-05,4.1651252678206556e-05,3.445884071117967e-05,3.1904228443977004e-05,4.300485944268733e-05,0.9980645869805492,0.9949110145466331,0.9970842865610889,0.9963226629023882,0.9966531138534399,0.9971968413301869,0.9965629680417236,0.9964987156777264,0.00013852786857570113,6.875650019494223e-05,0.00011228287609054673,9.391341000198964e-05,7.45172749790985e-05,9.482086670700265e-05,0.00012655058787159186,0.9897511937990798,0.9891188889463086,0.9930461423794724,0.9910881403870108,0.9923406265924306,0.9933003251153363,0.9921616104988917,0.9915288727907376,0.0006019336805321323,0.00040861772757815496,0.0006529831017020254,0.0005009113341748426,0.0004364240709705924,0.00050666469867541,0.0006932238414407799
75,1.7510956087060507,0.9997758132228806,0.9977776618883824,0.9993637723983358,0.999240854401851,0.9990272432349924,0.9992493282726397,0.9992166267837449,0.9992783231106943,6.969187075707339e-05,1.7222600387523923e-05,2.373555791941171e-05,3.175358666794777e-05,2.6009966120411138e-05,2.226569381689614e-05,3.074934962698705e-05,0.9986493592176415,0.9957704313923167,0.9978674104369264,0.99731269682943,0.9975082308289908,0.9979457027079379,0.9974834924882192,0.9974356486799905,0.00011666171764169924,5.115229254451523e-05,8.250625599502673e-05,6.75133278388598e-05,5.315619169823754e-05,6.939717479879107e-05,9.384516296613177e-05,0.9924181091520421,0.9908907539961949,0.9949665176980008,0.9935760424906798,0.9942929316132441,0.9951029607619363,0.9942763452477608,0.9938819166069872,0.0005144415079043036,0.0002898531608667925,0.0004579568470828451,0.0003701485305730039,0.00031237229014323805,0.0003663893253991877,0.0004908973744026877
76,1.7844949958332794,0.9998533648322344,0.9980520615910735,0.9995919689983339,0.9994896895098727,0.9992689302891277,0.9994670032782073,0.9994781556650856,0.999535375570493,6.221578005127153e-05,1.0530209188319078e-05,1.5801670790864925e-05,2.4162396539634692e-05,1.9134733784100803e-05,1.4617472709136197e-05,1.9193457996712747e-05,0.9990682421122529,0.9964376969968969,0.9984890978904286,0.9980825917824814,0.9981619048038625,0.9985170844764094,0.9982071806441228,0.9981742644363536,0.00010075106129724951,3.5716553775746384e-05,5.858626851689697e-05,4.9455865350687415e-05,3.871610066273757e-05,4.9879593713717636e-05,6.691063943151806e-05,0.9944538087455864,0.9923266617238147,0.9964378494929474,0.9954322414162101,0.9958512204325599,0.9965040615593669,0.995941712577734,0.9957157203614987,0.0004430582593849219,0.00020592669478497184,0.00032929683501059395,0.0002706920686670022,0.0002239834849069342,0.0002620813085120277,0.00034571373506965926
77,1.8178943829605085,0.99990520726062,0.9982230066298996,0.9997153635783829,0.9996415382547539,0.9994208728519784,0.999603527153384,0.999640869132462,0.9996746622404727,5.670704553467234e-05,7.116297219874687e-06,1.115890137084426e-05,1.8886921971199183e-05,1.451056650311655e-05,9.64796385381429e-06,1.2991300823664654e-05,0.9993646031461252,0.9969152317385569,0.998940064364751,0.9986488404013553,0.9986375191078136,0.9989332844206292,0.9987411752519126,0.9987269757482349,8.800914570808694e-05,2.4389833107476248e-05,4.0609649215945384e-05,3.522788736562013e-05,2.75947634225716e-05,3.355663149590747e-05,4.431428931131462e-05,0.9959885697428932,0.9933239578009881,0.9974680788421463,0.9967727372728187,0.9969007988847759,0.9974450733925085,0.9970951012888368,0.9969790274992097,0.0003954969029908538,0.0001458134428921288,0.00023105366966203212,0.00020149042625783217,0.00016404885296726274,0.00018597523899396392,0.00024164715809837025
78,1.8512937700877377,0.9999394369090635,0.9983363987188315,0.9997825858037406,0.9997336797405993,0.9995086227946718,0.9996733694370834,0.9997395384422727,0.9997592322331756,5.364126011907153e-05,5.732026123139578e-06,8.464563085070618e-06,1.6509242257630488e-05,1.2784471952108218e-05,6.800502715942046e-06,9.814243138063312e-06,0.9995716993646047,0.9972415409385101,0.999229430320955,0.9990207689751105,0.9989665193792329,0.9992195659966879,0.999105006320834,0.9990863612747929,8.042348475751634e-05,1.8371428245897918e-05,3.002362978007312e-05,2.6276029320861827e-05,1.9871151714137584e-05,2.375306623196276e-05,3.1448979550176914e-05,0.9971314228722418,0.9941230749499976,0.9982253941070623,0.9977404994207298,0.9977329693291507,0.9981844085377483,0.9980059219154793,0.9979066251291683,0.0003520995074500056,0.00010157984897373,0.0001606924796798947,0.0001389513464146482,0.00010856016511279729,0.0001242985071420125,0.00016531998077442108
79,1.8846931572149668,0.9999617593724269,0.9984326200507078,0.9998681057317004,0.9998397172919218,0.9995942773020852,0.9997583911531875,0.999836235399613,0.9998599698558642,5.137294991127804e-05,2.9028135448311074e-06,4.064319292113293e-06,1.3713579180552382e-05,9.821869968534713e-06,3.903573878450037e-06,4.556984363253254e-06,0.9997146367476581,0.9974838684853198,0.9994885522433599,0.9993476054135082,0.9992260727752917,0.9994616818046174,0.9993938115054387,0.9993902183229949,7.512224086021598e-05,1.1566221361479118e-05,1.8846652039531576e-05,1.8982793199617552e-05,1.2210748454468917e-05,1.5712929264216867e-05,2.0052459725897088e-05,0.9979719712055766,0.9946465005924853,0.9987808504526074,0.9984472138241907,0.9983078949122479,0.998711193473524,0.9986239476743923,0.9985555864786972,0.00032849251612467555,7.101116545984334e-05,0.00011247055531687544,0.00010271477510330234,7.632396202796953e-05,8.610446829343229e-05,0.00011977517348102543
80,1.9180925443421954,0.9999761375675789,0.9984776575250056,0.9999055070334772,0.9998832759189754,0.9996361855145193,0.9997955706784641,0.9998800738060185,0.9999010921464448,5.036169089075643e-05,2.033658454582107e-06,2.871453536601161e-06,1.2460737864027517e-05,8.942343590164848e-06,2.7558477542495572e-06,2.9490915276252998e-06,0.9998120778238558,0.9976341996635131,0.999642561865276,0.9995316894808931,0.9993848499323305,0.9995967571498215,0.9995658481740501,0.9995770008227831,7.20066629340555e-05,7.805504402237494e-06,1.3556341142229051e-05,1.459962202665569e-05,8.968879415148512e-06,1.1131136175626814e-05,1.2935319606311149e-05,0.9985825722749144,0.9949582078607544,0.9991175930527737,0.9988631416986445,0.9986236546693148,0.9990095660936852,0.9989791313071728,0.9989540182854382,0.0003167293757075583,5.13997638463322e-05,8.248977102138559e-05,8.47491407783599e-05,5.895236563509889e-05,6.531079741104034e-05,8.595185700416237e-05
81,1.9514919314694246,0.9999852847891885,0.9985268931563432,0.999948653857494,0.9999329235556738,0.9996825378377211,0.9998366515781416,0.9999316114474174,0.9999460960921384,4.9018833989922976e-05,9.234529185565505e-07,1.4862661774897757e-06,1.122173241642242e-05,7.918179745163223e-06,1.3122613440110081e-06,1.3844932600330183e-06,0.9998776864437304,0.9977664899201318,0.9997678195811289,0.9996862949672555,0.9995107463634527,0.9997025548567752,0.9997093571811924,0.999724730597059,6.938902251381058e-05,5.219240381012903e-06,9.442949920573133e-06,1.1882934785083803e-05,6.865594404331303e-06,7.778944728558239e-06,8.653651956088374e-06,0.9990206740644465,0.995239272762158,0.9993996464785816,0.9992158599617729,0.9989096117058062,0.9992558175952727,0.99929148838697,0.9992755392467887,0.00030336204956951234,3.584197252493581e-05,5.9695320311688994e-05,6.819719148218671e-05,4.509778371575675e-05,4.616280845709658e-05,6.279234022015967e-05
82,1.9848913185966537,0.999991032522335,0.9985476094943356,0.9999638484949295,0.9999548610838513,0.9997060044728507,0.9998539759540223,0.9999561731507907,0.9999609508441037,4.863440653989756e-05,6.619560555816923e-07,9.328055628569653e-07,1.0683040919420925e-05,7.566409135531181e-06,7.990488332136348e-07,9.833000903925272e-07,0.9999213181618245,0.9978628605165706,0.9998605139401803,0.9998140746996118,0.9996160977300358,0.9997926647025374,0.9998282000898245,0.9998343682578863,6.682421157258348e-05,2.989855782891742e-06,5.199389546524717e-06,8.63933881836727e-06,4.458535425910095e-06,4.1592952082945656e-06,4.846744359013669e-06,0.9993311408098121,0.9954822822896887,0.999633346802443,0.9995196711183849,0.9991696643163946,0.9994810865592368,0.9995670172221295,0.9995601830569747,0.00028980790331514523,2.105614106878157e-05,3.5921478373519274e-05,4.998878440429827e-05,2.988587041876729e-05,2.7424372145239118e-05,3.669253336193299e-05
83,2.0182907057238824,0.9999945997149334,0.9985595267302905,0.9999704518123245,0.9999625956203452,0.9997140650457884,0.9998592652590891,0.9999642899960083,0.9999666785664847,4.84468981963335e-05,5.778812761494493e-07,8.358511733030565e-07,1.0580550367584486e-05,7.493087014983337e-06,6.925751354298324e-07,8.850883014751369e-07,0.9999499775098619,0.9979065677297579,0.9999002304093825,0.9998661192893818,0.9996573207524729,0.9998318378449769,0.999878308833342,0.999878201932877,6.583953003192862e-05,2.184661000119497e-06,3.854928381725427e-06,7.525392704274888e-06,3.303709546157277e-06,2.735543898320094e-06,3.6314311962580238e-06,0.9995484498249736,0.9955944514864481,0.9997506986954259,0.9996868728564475,0.9993137594770795,0.9996164765983376,0.999719209747467,0.9997181852170277,0.0002847938282855848,1.4939355468467867e-05,2.2849437619863945e-05,3.921893466828115e-05,1.994583302174547e-05,1.69888357458042e-05,2.2990957409511454e-05
84,2.0516900928511115,0.9999967863639656,0.9985751142773365,0.9999834954828609,0.9999803719757326,0.9997262655210841,0.9998696733801631,0.9999788077552018,0.999981654273266,4.817243400630539e-05,3.242320694034204e-07,4.3486191843722887e-07,1.0366370983342284e-05,7.319099644414756e-06,4.2222216294260223e-07,4.7396781675796417e-07,0.9999685706556709,0.997956025761817,0.9999374995461794,0.9999177563973528,0.9997018075069404,0.9998675006039887,0.9999286892997922,0.9999217462120118,6.462558338108775e-05,1.4734676904961892e-06,2.5340844532589497e-06,6.3920062672746495e-06,2.6212764389864534e-06,1.541387064151527e-06,2.4973695569156825e-06,0.9996986820116623,0.9956849460527928,0.9998509291420467,0.9998170884927311,0.9994104606300501,0.999703266577926,0.9998326335185608,0.9998376833663489,0.00028184610408619115,9.056871134946196e-06,1.2972000283573551e-05,3.348677359734336e-05,1.550521720666839e-05,9.050076538724982e-06,1.2570041035310919e-05
85,2.0850894799783406,0.9999981102608663,0.9985809825657025,0.9999906893893936,0.9999897020527174,0.9997336116380382,0.9998765132592847,0.9999866144077303,0.9999922258805233,4.804207214721759e-05,1.6622649711821835e-07,1.84638025119908e-07,1.020949794935717e-05,7.17624732716726e-06,2.400230119209998e-07,1.381833519280214e-07,0.9999804847769672,0.9979692275655933,0.9999530752056331,0.9999377055624878,0.9997166376033736,0.999880295122975,0.9999461517390023,0.9999423136819727,6.447253038097445e-05,1.217541991996542e-06,2.1028999937924134e-06,6.163138890843582e-06,2.439750465755775e-06,1.2296933544248974e-06,1.9698390991581985e-06,0.9998012639312218,0.9957133332846102,0.9998846729981946,0.9998564019679532,0.9994386090369278,0.9997291831799708,0.9998668930864133,0.999879950323259,0.00028162547016788366,7.452893628919767e-06,1.0777068860635517e-05,3.240865022378664e-05,1.4501416953395854e-05,7.519104840817923e-06,9.488230469211262e-06
86,2.1184888671055693,0.9999989019447505,0.998587086262639,0.9999943406099495,0.9999932042726756,0.9997372479784228,0.9998794701069528,0.9999907990995349,0.9999949572085783,4.795762199335882e-05,8.914862395539421e-08,1.2864447175913243e-07,1.0145989837517075e-05,7.121255790857374e-06,1.6916224160480184e-07,9.509130687022284e-08,0.9999880251656016,0.9979908183943673,0.9999737896695524,0.9999671240025143,0.9997359307083263,0.9999005873521594,0.999969677875699,0.999967683317911,6.407635387752014e-05,6.984324562289055e-07,1.1204026728803885e-06,5.765385328249002e-06,2.012611213536548e-06,7.065622144519395e-07,1.1735479438194034e-06,0.9998704472257987,0.9957776465722882,0.9999253805869465,0.9999136680686832,0.9994874196398452,0.9997766341651164,0.9999211841222263,0.9999251939386701,0.0002764675742387455,5.684536582155458e-06,6.9673820629677656e-06,2.916181492716687e-05,1.1097638142776101e-05,4.529148537727934e-06,6.732261708836204e-06
87,2.1518882542327984,0.9999993695420515,0.9985911293084643,0.9999981727973336,0.9999980318888309,0.9997443930396719,0.9998846028089836,0.9999973784078277,0.9999984447956453,4.7883498679589514e-05,2.3919702358037617e-08,3.0322083265741845e-08,9.964188875913012e-06,7.01337446923293e-06,3.2656653220458236e-08,2.4176275622150993e-08,0.9999927387144321,0.9980035673283048,0.9999891157097524,0.9999871494878952,0.9997517789654803,0.9999158224532257,0.9999869024079222,0.9999872595684625,6.380988069880716e-05,1.882451080392946e-07,2.9102665708702467e-07,5.323649593545693e-06,1.5991168661926433e-06,2.0165224191785333e-07,3.366701497005953e-07,0.9999165316579464,0.9958053842643598,0.9999613303281046,0.9999623841214003,0.9995240021651314,0.9998047867878402,0.9999582305105581,0.9999641475984028,0.00027561648037238056,3.136470290644412e-06,2.7456383644978566e-06,2.5635911434987024e-05,9.740237293421312e-06,2.4573030475164816e-06,2.8794676427462715e-06
88,2.1852876413600275,0.9999996423234401,0.9985917658067216,0.9999984722683847,0.9999982695221826,0.9997445455126114,0.9998847374470302,0.999997581833418,0.9999984447956453,4.788194939265598e-05,2.3338673904098827e-08,2.994435483810763e-08,9.964169981109122e-06,7.013319263710316e-06,3.23632696809932e-08,2.4176854539067086e-08,0.9999956489279611,0.9980097358266481,0.9999948366160559,0.9999934500775846,0.9997564258257368,0.9999200534362069,0.9999923128996974,0.9999926833197962,6.3738193155843e-05,1.1849003714981764e-07,1.9136234945118823e-07,5.265851932975715e-06,1.55172626435611e-06,1.3807419304615883e-07,2.5853169709073606e-07,0.9999468517015202,0.9958169339405245,0.9999717964247117,0.9999705449941341,0.9995300546941362,0.9998102103546271,0.999966651123751,0.9999726563494036,0.00027536441181660724,2.4991892290264943e-06,2.39978279200745e-06,2.550002877031927e-05,9.605802519127482e-06,2.2080556559156556e-06,2.298281529221799e-06
89,2.2186870284872566,0.9999997994971923,0.9985937853705067,0.9999999999999983,0.9999999999979787,0.9997461864971392,0.9998863984678498,0.9999993775247156,0.9999999997181214,4.7842849512412306e-05,4.0201370218256413e-14,4.02005664663284e-14,9.937322550694683e-06,6.98576617292313e-06,1.195898116011687e-10,4.0144714332118415e-14,0.9999974236251494,0.9980148098985945,0.9999999168775626,0.999999787137125,0.9997629445153862,0.999924754175735,0.9999976026161319,0.9999998602925904,6.365353155789008e-05,7.530278799880935e-11,2.3624035062620014e-10,5.090305795145156e-06,1.4507453775311959e-06,4.594809624391813e-09,1.9630864249833563e-10,0.999966554502872,0.9958284387088475,0.9999918790602292,0.999991972609816,0.9995471866795366,0.9998259125683017,0.9999848105874691,0.999992470925772,0.0002751397948184315,3.6193175181874857e-07,3.170300170214566e-07,2.396993851040905e-05,8.40617831047035e-06,5.34149408984771e-07,2.9260879426747987e-07
90,2.2520864156144853,0.9999998889446183,0.9985937853705067,0.9999999999999983,0.9999999999979787,0.9997461864971392,0.9998863984678498,0.9999993775247156,0.9999999997181214,4.78431010491032e-05,1.2333294655157263e-14,1.2332853051465688e-14,9.937367928753624e-06,6.985786467784656e-06,1.1967330114869626e-10,1.232706579594914e-14,0.9999984925476645,0.9980148098985945,0.9999999168775626,0.999999787137125,0.9997629445153862,0.999924754175735,0.9999976026161319,0.9999998602925904,6.365777122139125e-05,7.111519609594553e-11,2.3233012367868222e-10,5.090808217740575e-06,1.4509018761479665e-06,4.595569564781792e-09,1.922420204817531e-10,0.9999792003727974,0.9958284387088475,0.9999918790602292,0.999991972609816,0.9995471866795366,0.9998259125683017,0.9999848105874691,0.999992470925772,0.00027524461488464625,3.6145116772891367e-07,3.1654706689982084e-07,2.3980704970330637e-05,8.409895307715879e-06,5.338475988688546e-07,2.921132408682532e-07
91,2.2854858027417144,0.9999999392226435,0.9985937853705067,0.9999999999999983,0.9999999999979787,0.9997461864971392,0.9998863984678498,0.9999993775247156,0.9999999997181214,4.784324244386782e-05,3.6938853410700226e-15,3.6936472993920155e-15,9.937393442595808e-06,6.985797882465768e-06,1.1972725539497182e-10,3.716001303427718e-15,0.9999991284504728,0.9980154088742397,0.9999999999999963,0.9999999999619286,0.9997630204677315,0.999924785294051,0.9999981811011085,0.9999999982735391,6.365752570160907e-05,7.595985439856693e-13,7.595357984881511e-13,5.0910506382301636e-06,1.4509864321419647e-06,1.251665434556332e-09,7.599792208937055e-13,0.9999872170059999,0.9958328835710004,0.9999971966708182,0.9999977538050365,0.9995512065124822,0.999828787623648,0.999988762496971,0.9999969007061691,0.0002751652984166106,7.867827956952251e-08,5.054655088926137e-08,2.3826208029269062e-05,8.329831349519161e-06,3.7774706257051045e-07,9.584844501099013e-08
92,2.3188851898689435,0.9999999671359389,0.9985937853705067,0.9999999999999983,0.9999999999979787,0.9997461864971392,0.9998863984678498,0.9999993775247156,0.9999999997181214,4.784332094540306e-05,1.0800455846637913e-15,1.0799205562872122e-15,9.937407609528187e-06,6.9858042218385695e-06,1.1975939222787106e-10,1.1178979919561392e-15,0.9999995020942998,0.9980154088742397,0.9999999999999963,0.9999999999619286,0.9997630204677315,0.999924785294051,0.9999981811011085,0.9999999982735391,6.365900825036123e-05,2.4791006666286785e-13,2.4787577066779354e-13,5.091227218420809e-06,1.4510421274739528e-06,1.2525129867602767e-09,2.4958089824699814e-13,0.9999922364762412,0.99583985248709,0.9999999999999912,0.9999999997028967,0.9995552598548284,0.9998314335669835,0.9999948411672124,0.9999999952859565,0.0002747214790098652,6.027230074010467e-11,6.026785847745892e-11,2.3666377402436258e-05,8.261477930078394e-06,8.348807328969335e-09,6.023502848833626e-11
93,2.352284576996172,0.9999999824421091,0.9985937853705067,0.9999999999999983,0.9999999999979787,0.9997461864971392,0.9998863984678498,0.9999993775247156,0.9999999997181214,4.784336399217124e-05,3.0827903672015235e-16,3.082159788621149e-16,9.937415378577678e-06,6.985807698674776e-06,1.197776758865138e-10,3.547604755345137e-16,0.9999997189383087,0.9980154088742397,0.9999999999999963,0.9999999999619286,0.9997630204677315,0.999924785294051,0.9999981811011085,0.9999999982735391,6.365986877484656e-05,7.899566319621818e-14,7.897787785572221e-14,5.091329824687165e-06,1.451074578276835e-06,1.2531329070098812e-09,8.141523540430617e-14,0.9999953406521158,0.99583985248709,0.9999999999999912,0.9999999997028967,0.9995552598548284,0.9998314335669835,0.9999948411672124,0.9999999952859565,0.0002747472681061503,2.1709522458219273e-11,2.1706924664939672e-11,2.3669099942909143e-05,8.262485887009677e-06,8.342272399168565e-09,2.1701516576103657e-11
94,2.3856839641234013,0.9999999907319175,0.9985937853705067,0.9999999999999983,0.9999999999979787,0.9997461864971392,0.9998863984678498,0.9999993775247156,0.9999999997181214,4.784338730644885e-05,8.589709142487257e-17,8.586759674544058e-17,9.937419586486193e-06,6.985809581922535e-06,1.197877739061692e-10,1.3705200615943614e-16,0.9999998432350057,0.9980154088742397,0.9999999999999963,0.9999999999619286,0.9997630204677315,0.999924785294051,0.9999981811011085,0.9999999982735391,6.366036207665437e-05,2.4575257255850036e-14,2.4566935952834662e-14,5.091388681815531e-06,1.4510932217356573e-06,1.2535306528507904e-09,2.7424013497477142e-14,0.9999972367349931,0.99583985248709,0.9999999999999912,0.9999999997028967,0.9995552598548284,0.9998314335669835,0.9999948411672124,0.9999999952859565,0.00027476303000128084,7.635633351619253e-12,7.634162191276481e-12,2.3670772397372335e-05,8.263111044974665e-06,8.347761659045049e-09,7.645503860733111e-12
95,2.4190833512506305,0.9999999951664206,0.9985937853705067,0.9999999999999983,0.9999999999979787,0.9997461864971392,0.9998863984678498,0.9999993775247156,0.9999999997181214,4.7843399778094556e-05,2.3363353297877563e-17,2.335181271489837e-17,9.937421837499308e-06,6.9858105893938604e-06,1.1979323210954367e-10,7.701827074162549e-17,0.9999999136060971,0.9980154088742397,0.9999999999999963,0.9999999999619286,0.9997630204677315,0.999924785294051,0.9999981811011085,0.9999999982735391,6.366064137522036e-05,7.463903051607766e-15,7.46093985273323e-15,5.091422017720853e-06,1.4511037905062313e-06,1.2537695372962577e-09,1.055564361699945e-14,0.9999983806423985,0.99583985248709,0.9999999999999912,0.9999999997028967,0.9995552598548284,0.9998314335669835,0.9999948411672124,0.9999999952859565,0.0002747725426350593,2.6223189553314738e-12,2.6215274929993498e-12,2.3671784867144463e-05,8.263491680442409e-06,8.35455079867804e-09,2.6429742969837187e-12
96,2.4524827383778596,0.9999999975093972,0.9985937853705067,0.9999999999999983,0.9999999999979787,0.9997461864971392,0.9998863984678498,0.9999993775247156,0.9999999997181214,4.7843406367536927e-05,6.203032011213526e-18,6.200977502945537e-18,9.937423026838644e-06,6.9858111217067254e-06,1.1979613183922885e-10,6.117882976428305e-17,0.999999952956712,0.9980154088742397,0.9999999999999963,0.9999999999619286,0.9997630204677315,0.999924785294051,0.9999981811011085,0.9999999982735391,6.366079755975063e-05,2.213069092938483e-15,2.2131020774161603e-15,5.091440663050067e-06,1.4511097047451247e-06,1.2539074360414954e-09,5.44068338653035e-15,0.9999990622697071,0.99583985248709,0.9999999999999912,0.9999999997028967,0.9995552598548284,0.9998314335669835,0.9999948411672124,0.9999999952859565,0.00027477821223233196,8.793380523102883e-13,8.789516059116824e-13,2.3672389418211856e-05,8.263719736429744e-06,8.35984062037543e-09,9.064198200366305e-13
97,2.4858821255050882,0.9999999987320791,0.9985937853705067,0.9999999999999983,0.9999999999979787,0.9997461864971392,0.9998863984678498,0.9999993775247156,0.9999999997181214,4.784340980624227e-05,1.6075874814513275e-18,1.610483279740513e-18,9.937423647500762e-06,6.985811399498569e-06,1.197976494223821e-10,5.72726864107945e-17,0.999999974690293,0.9980154088742397,0.9999999999999963,0.9999999999619286,0.9997630204677315,0.999924785294051,0.9999981811011085,0.9999999982735391,6.366088382273216e-05,6.405802692173228e-16,6.422680637637957e-16,5.0914509623041705e-06,1.451112972541936e-06,1.2539849259247951e-09,3.943238439327996e-15,0.9999994634371157,0.99583985248709,0.9999999999999912,0.9999999997028967,0.9995552598548284,0.9998314335669835,0.9999948411672124,0.9999999952859565,0.0002747815494721053,2.878997003404895e-13,2.8775162348841436e-13,2.367274565728914e-05,8.263854391709136e-06,8.363388293170107e-09,3.1876370017760095e-13
98,2.5192815126323174,0.9999999993622836,0.9985937853705067,0.9999999999999983,0.9999999999979787,0.9997461864971392,0.9998863984678498,0.9999993775247156,0.9999999997181214,4.784341157864753e-05,4.0666420848770296e-19,4.1211153309812306e-19,9.937423967409204e-06,6.9858115426826465e-06,1.1979843279483357e-10,5.64270482245651e-17,0.9999999865461673,0.9980154088742397,0.9999999999999963,0.9999999999619286,0.9997630204677315,0.999924785294051,0.9999981811011085,0.9999999982735391,6.366093088039024e-05,1.8100508364912247e-16,1.8359559275954083e-16,5.091456581043983e-06,1.4511147555544665e-06,1.2540275956231203e-09,3.5246003990832916e-15,0.999999696636206,0.99583985248709,0.9999999999999912,0.9999999997028967,0.9995552598548284,0.9998314335669835,0.9999948411672124,0.9999999952859565,0.00027478348956141746,9.202957537149556e-14,9.20200630195375e-14,2.3672952887412916e-05,8.26393281491617e-06,8.365598493267148e-09,1.2509219122049502e-13
99,2.552680899759546,0.9999999996831114,0.9985937853705067,0.9999999999999983,0.9999999999979787,0.9997461864971392,0.9998863984678498,0.9999993775247156,0.9999999997181214,4.784341248095304e-05,1.0040943618051842e-19,1.071557052940993e-19,9.937424130270013e-06,6.985811615575647e-06,1.1979883190332698e-10,5.6301663861715e-17,0.9999999929340716,0.9980154088742397,0.9999999999999963,0.9999999999619286,0.9997630204677315,0.999924785294051,0.9999981811011085,0.9999999982735391,6.366095623500071e-05,4.992706521305472e-17,5.300395382804777e-17,5.0914596085174654e-06,1.4511157163526634e-06,1.2540507024491691e-09,3.415579173853062e-15,0.9999998305269656,0.99583985248709,0.9999999999999912,0.9999999997028967,0.9995552598548284,0.9998314335669835,0.9999948411672124,0.9999999952859565,0.0002747846035088098,2.87211003762194e-14,2.879114453600945e-14,2.3673071917296383e-05,8.263977890584694e-06,8.366916624872364e-09,6.304604691188505e-14
