,t,true_cdf_0.3,Standard_beran_cdf_0.3,True_proba_cdf_0.3,LogisticRegression_cdf_0.3,NN_BCE_cdf_0.3,RandomForest_cdf_0.3,KNN_cdf_0.3,Standard_beran_mise_0.3,True_proba_mise_0.3,LogisticRegression_mise_0.3,NN_BCE_mise_0.3,RandomForest_mise_0.3,KNN_mise_0.3,true_cdf_0.5,Standard_beran_cdf_0.5,True_proba_cdf_0.5,LogisticRegression_cdf_0.5,NN_BCE_cdf_0.5,RandomForest_cdf_0.5,KNN_cdf_0.5,Standard_beran_mise_0.5,True_proba_mise_0.5,LogisticRegression_mise_0.5,NN_BCE_mise_0.5,RandomForest_mise_0.5,KNN_mise_0.5,true_cdf_0.7,Standard_beran_cdf_0.7,True_proba_cdf_0.7,LogisticRegression_cdf_0.7,NN_BCE_cdf_0.7,RandomForest_cdf_0.7,KNN_cdf_0.7,Standard_beran_mise_0.7,True_proba_mise_0.7,LogisticRegression_mise_0.7,NN_BCE_mise_0.7,RandomForest_mise_0.7,KNN_mise_0.7
0,2.9780952589993266e-07,9.568615489241796e-07,0.0,0.0,0.0,0.0,0.0,0.0,9.155840238095358e-13,9.155840238095358e-13,9.155840238095358e-13,9.155840238095358e-13,9.155840238095358e-13,9.155840238095358e-13,1.0199971060098674e-06,0.0,3.1080896779397404e-07,3.1482615587079545e-07,3.099432589763418e-07,1.3595494568203748e-07,2.6467660880967746e-07,1.0403940962686774e-12,9.664284902124792e-10,9.915532347643216e-10,9.610563494906572e-10,1.8560051934803914e-10,7.010375278561482e-10,1.099809974357018e-06,0.0,1.0273738701925384e-06,1.0406041374752428e-06,1.0245225700059811e-06,4.503088029749747e-07,8.753522872582687e-07,1.2095819796951193e-12,1.0553920441463992e-08,1.0827490357666144e-08,1.0495420986213423e-08,2.027999254121123e-09,7.661700407709328e-09
1,0.044805819084181506,0.1340785654098434,0.1373349672875703,0.13737602155352793,0.13682832236692236,0.1372045956011526,0.1365613551616191,0.1365207718739343,0.0010046429752436337,0.0008765207128422263,0.0009110294133947898,0.0010632154325380283,0.0010945617384419727,0.001221222964392993,0.14226486735461097,0.14216531477280897,0.14245867774387252,0.14241120238806726,0.14256417178889325,0.14165198576542437,0.14159203005331558,0.000959397942976844,0.0008143439964828492,0.0008536584432008526,0.001012956180826556,0.001052692248828878,0.0011699830578375005,0.15250292399737803,0.15008525136370943,0.15049482851878312,0.1507331270762533,0.15142610344810253,0.149932032979342,0.15050772548534486,0.0011055398456369333,0.0009170823037506693,0.0009629280757246596,0.0011113886679376681,0.0011933692549726765,0.0013227640993144789
2,0.08961134035883711,0.25017935164277816,0.25578806989757763,0.2556763527342685,0.2546995258088894,0.25515984108480066,0.2548092346323094,0.25409075739116,0.0017775283194108131,0.0015457082145120193,0.001660376168964052,0.00194632799641175,0.0019493053914780762,0.002264070370943301,0.26428969180341166,0.2640842902203487,0.26478030181136364,0.26466748062316486,0.26447210081636874,0.2636206666755496,0.2633155205732705,0.0017203088605453572,0.0014333240970372523,0.0015553925381108986,0.0018836043928032542,0.0019028193628697991,0.002253692747403969,0.2817479162262001,0.2773754263740144,0.27821057759205614,0.2787297664138356,0.2794397272402607,0.27758915008144075,0.27831777933005936,0.0018559912469496137,0.0015702097453377576,0.0017024811243359207,0.0019908560870330124,0.002058025696128774,0.0024208755454389894
3,0.13441686163349273,0.3507136072120096,0.35790126622016194,0.3578008872450386,0.35654590547211507,0.35693302061085436,0.3569701779598079,0.35567465219507793,0.002352700152156099,0.002038102437303737,0.0022238056626573423,0.0025970707872015842,0.002587819486000598,0.0030166586614842356,0.36895477754611855,0.36879938431731973,0.3695994725981907,0.36955475738058047,0.3686786786482317,0.36837633028440586,0.3678515739073756,0.0021595342856284435,0.001848860129141044,0.0020430185028841516,0.002448402794438667,0.0024427138604601038,0.002916748753021539,0.39128278969565483,0.38523126949281633,0.38664131820753783,0.387303347714281,0.38746159136771624,0.3858255358535327,0.38695908315535466,0.0023340556415285423,0.0019450051123190368,0.00216423595248491,0.002517458639527123,0.0025767967168685312,0.003045101010745743
4,0.17922238290814832,0.4377684573194106,0.44602080954302475,0.44580556266378407,0.4443803905810092,0.44433340887491,0.444910956750875,0.4432176198930205,0.0025874896555733605,0.0022887637750269546,0.0025223094796398113,0.0029079732281426483,0.0028534911236864674,0.0033825926010125195,0.45872979031923355,0.4584245650553624,0.4593309513718217,0.45924220001543736,0.4577398681933418,0.4581150756796226,0.45739825617687113,0.0023133120692022603,0.002004862696984905,0.0022330015271911433,0.002653374423133194,0.00260783878858352,0.0031707855342545037,0.48411337677734045,0.47646337137180045,0.4781878991749346,0.47896652662324685,0.47845946298321235,0.47746934576666183,0.47880338613476736,0.002527299125595576,0.0021397649403483063,0.0024110475481852463,0.0027700900983097963,0.0028260267819201117,0.003348628038822497
5,0.2240279041828039,0.5131511901432808,0.5221407952992733,0.5219067659535046,0.5204253602302257,0.5200221326175088,0.5209471555806284,0.5192035239147367,0.0026675282685846074,0.002375759424315683,0.002632894238185262,0.003001503914202408,0.002941186548051077,0.0035129146498093997,0.5357330513515262,0.5354447095104047,0.5366702964378175,0.5365580896318258,0.5342468252583934,0.535234873959157,0.5346980140250042,0.002334470217195302,0.002031872802360526,0.00226325357991081,0.0026964456003391105,0.0026237994366333983,0.0032228483069103426,0.5627871144188372,0.5541175609222839,0.5562955042327561,0.5571893551816984,0.5558739612006197,0.5553455465410021,0.5569084519244752,0.002559068238949957,0.0021550045414167633,0.002449814078542998,0.002811789839158038,0.0028663041926072557,0.003376115942189544
6,0.26883342545745953,0.578426776753152,0.5878957244367774,0.5877017384140135,0.5862027819478544,0.5854582754750632,0.5868518872133359,0.5849734945722755,0.002741735464824509,0.0024325358171093416,0.0027055170342074586,0.003068342362846801,0.002998163698024524,0.003535654095255418,0.6017815210364352,0.6012657561436994,0.6025238436437039,0.6024043659602518,0.599534914882336,0.6010503272760356,0.600462472793562,0.002336168810133346,0.0020512725773708562,0.0022750043810189553,0.0027215910622133575,0.0026353820940826444,0.003232620661392886,0.6294629503589525,0.6199884707946725,0.622260822492756,0.6231578082178246,0.6213442833833825,0.6212812466905047,0.6227617147135301,0.002509128318019408,0.0021185106757312636,0.002418405791754567,0.0028031026159172773,0.002800046750278937,0.0032825167829084443
7,0.3136389467321151,0.6349503604393295,0.644335011224013,0.6441901921278298,0.6426623032081816,0.641620414915003,0.6434022734716431,0.6415165702338055,0.00267152255359075,0.0023271404207282826,0.0026030565550904986,0.00296498382056741,0.0029134572502514263,0.0033814087569903092,0.6584336717276753,0.6574110785387745,0.6586822260686814,0.6585700790253205,0.6554377474296625,0.6572499702234164,0.6565964086476601,0.002251810180544291,0.001949279414904579,0.0021707818711673705,0.0026361174130814704,0.0025290791339434644,0.0030931513664723036,0.6859705885058949,0.6761452697581012,0.6786516055780432,0.679544144538995,0.6772602883288369,0.6775482628034843,0.6790802062341756,0.002427067425578417,0.0020344175811816455,0.0023359834404990095,0.0027291222089250266,0.002687973041575453,0.0031429155220122663
8,0.3584444680067707,0.6838953899466578,0.6928065898215449,0.6927913197769332,0.6912791566421413,0.6900351424366946,0.6919865811853834,0.690156846631215,0.0025407772566435126,0.002190855467082782,0.002459009374838926,0.0028079242570488404,0.002759494924929351,0.0032067221573159814,0.7070262612797734,0.7057814197413754,0.7071246536939113,0.7070108392251601,0.70385404439713,0.7057412555520036,0.7051430505684708,0.0021223354541509694,0.0018331402207319542,0.002044191614575039,0.0024925875732640405,0.0023753419890942705,0.0029040847156455935,0.7338606992772642,0.7237239034087245,0.7263753561784736,0.7272303717712023,0.7247972756953814,0.7252149863352952,0.7269172366692341,0.0022690376083142833,0.0019314377024020003,0.002205931157541528,0.0026041939496573067,0.00252280594795849,0.002922694140356993
9,0.4032499892814263,0.7262779806679724,0.7350900139557492,0.7351026467357212,0.733590052920298,0.7323131530153665,0.7344036063431421,0.7325039912091683,0.0023483439742898043,0.002032336393930568,0.0022820447889179813,0.002612723959245823,0.0025502766349755762,0.002955455447939753,0.7487058750379106,0.7475062751425366,0.7486575268481259,0.7486008090243946,0.7454431716148083,0.7474749965999513,0.7468222831438075,0.001970562715179263,0.0016875338976926905,0.0018904244428325206,0.002318823597097762,0.002178964930822969,0.0026714466166501746,0.7744474727631797,0.7643985983226201,0.7669156058284352,0.7677600327603311,0.7653183698979698,0.7658658816498964,0.7676508600108879,0.0020961665918361023,0.0018117063841552553,0.0020621560918562746,0.0024595087908486526,0.002336611603352134,0.0027156994731760073
10,0.4480555105560819,0.7629780095438672,0.7713548750243432,0.7715496401277333,0.7700879165635939,0.7688777783103998,0.770772234190458,0.7690640964871805,0.0021740977838205704,0.0018858150749013487,0.0021035610682846938,0.002437163026795932,0.0023541676945771717,0.002705405993313345,0.7844559805383593,0.7831086072946443,0.7843195469787912,0.7842339127622537,0.7812386881053728,0.7831186882969826,0.782506485178103,0.001828476635682046,0.001580435093524657,0.0017611173311524882,0.002166112712606748,0.00202931785148917,0.002497286057811971,0.8088446824472681,0.798824083310449,0.8012879154600069,0.8020730047822702,0.7998163231966063,0.8003506220464922,0.8020506844503377,0.0019165154337188663,0.0016574519161263429,0.0018715513589132318,0.002254632887804039,0.0021434560441632973,0.0024870547828397854
11,0.49286103183073754,0.7947573816060414,0.8027037758262304,0.8031258379576105,0.8017164436221088,0.800537580351997,0.8021980973913526,0.8006656292416056,0.002043405472813245,0.001753385651242896,0.0019647050415414757,0.002307054991009721,0.0022075151082486567,0.002519375201510066,0.8151201332992203,0.8138863657360944,0.8152809088685135,0.8151413626571589,0.8123533350453994,0.8139317628366387,0.8136993427647565,0.0016959492597701392,0.001459614404700244,0.001619436495319646,0.0020032753507350618,0.0018775937704143643,0.002271612958928965,0.837996249138366,0.8283452619871552,0.8311646599222471,0.8318145023712438,0.8296966302573372,0.8298539689750193,0.8317717141072604,0.001819362655051071,0.0015426042765453681,0.0017343406071059241,0.0021031477529352307,0.002021397435469546,0.00231837015573399
12,0.5376665531053932,0.8222758473838554,0.8298359222577134,0.8302456650806551,0.828921055908289,0.8279257348128898,0.8293576516274014,0.8279957173623732,0.0018857208358890145,0.0016104287272387986,0.0018010930412689949,0.002139479372037593,0.002041064254096005,0.0023237972013309756,0.8414218812627228,0.8402546702324973,0.8417038404862102,0.8415022669008482,0.8390219830895056,0.8402862693941031,0.8402031894530936,0.0015642868369449337,0.0013377129263036462,0.0014844839857499769,0.001849197388300603,0.0017295435772432003,0.0020445501943905965,0.8627021438417564,0.853402232815058,0.8563273463622956,0.856885699953214,0.8549949318752007,0.8548813447320864,0.8569875920325838,0.00166542708153193,0.0013975202421686276,0.0015549248996281002,0.0019102887232156256,0.0018272915720880419,0.002064343118573934
13,0.5824720743800488,0.8461046995488125,0.8533026743668445,0.8538460824359019,0.8525327950743795,0.8518312104162064,0.8529220362624689,0.8517292988483972,0.0017108360777847928,0.0014895670963955816,0.001659412606821428,0.001957502890073318,0.0018497710974083375,0.002122754171847742,0.8639818375520931,0.862956484145777,0.8645579852936286,0.8643409143754416,0.862282774537434,0.8631761416860063,0.8632158338041176,0.0014209005708900558,0.0012381503024207973,0.0013583386763058943,0.0017105380251248353,0.0015806867267531574,0.0018922482284080048,0.8836403403909456,0.8748142960110714,0.878064626748433,0.878514332680227,0.87685244347264,0.8763138443656331,0.8785995171279708,0.0015162269562155476,0.0012881905927520601,0.0014170569325799756,0.001747666471248608,0.0016624283396205392,0.0018942168744590226
14,0.6272775956547044,0.8667386331439467,0.8734679836452933,0.8743025946694155,0.8730044414644818,0.8726331854198195,0.8731869645868473,0.8723932793381372,0.001570020020888483,0.0013736151419266533,0.0015300325539021175,0.001800976325872496,0.0016909191468082569,0.0019492301505104003,0.8833323243898711,0.8823532843988905,0.8841461453639086,0.8838954045824293,0.8822500142149211,0.8827418210600143,0.8829802038162988,0.0013160474178380227,0.0011322633385926113,0.001240641628820112,0.001557928292988925,0.001447353694197217,0.00171859886632441,0.9013854202593676,0.8931266889085249,0.8966260286619016,0.8969882997835559,0.8955674222596813,0.8946469090473372,0.8971144762015356,0.0013775521825186098,0.0011711913935156448,0.001277828118459361,0.0015699834761559934,0.0014919719713012626,0.0016936664646308365
15,0.67208311692936,0.8846060156204945,0.8905861938542601,0.891670861626403,0.890414896731448,0.8903211584469569,0.8904084408457207,0.8899722330575772,0.0014277728931482315,0.0012575535805167115,0.0014003637305602576,0.0016462119344249281,0.0015404661843801718,0.001791657486982024,0.8999299337139388,0.8987163387846884,0.900739388221713,0.9004828076461512,0.8991904497468959,0.8991611257654187,0.8996791312659532,0.0012132987219913279,0.0010578786270155668,0.0011537269205885838,0.0014392630283373898,0.0013381573213858606,0.0015889855232805968,0.9164243401012422,0.9085893826466478,0.9121523595656248,0.9124434654884859,0.9112948139673075,0.9101252469306841,0.9127009937752995,0.0012738325397180688,0.0010757457524424806,0.0011751930779290345,0.0014349843312686187,0.001372669433194467,0.0015380162758802942
16,0.7168886382040156,0.9000777798912942,0.9054485453569876,0.9067134183523103,0.9054674263429557,0.9055264970587421,0.9052739823709371,0.9051031470631522,0.0013213919382567656,0.0011524986149603225,0.0012791958575225015,0.0015018197791065579,0.001411162717960584,0.00162320708125362,0.9141663008701677,0.9129949576315037,0.9152131661444937,0.9148880470656763,0.9138605316801391,0.9135429611553191,0.914267718015111,0.0011090167827884992,0.0009590287942975556,0.0010487807372391404,0.0013127396745901097,0.0012228666440191158,0.001431188684332889,0.929169794711047,0.921974634291763,0.9256491767576245,0.9258593610599861,0.9249774620564843,0.9235108684958985,0.92620632898712,0.0011607396749509261,0.0009627756626996376,0.0010566194824154123,0.0012980976346799913,0.0012437051884654753,0.001377154871977587
17,0.7616941594786713,0.9134751250237102,0.9185055823639823,0.9200010417757214,0.9188227358137577,0.9190337517688618,0.9184306268719318,0.9184542383718141,0.0012150129646683208,0.0010657232215651367,0.0011750858260548569,0.0013838758418795918,0.0012978947104041363,0.0014805704347329407,0.9263773455965345,0.9253234827298346,0.9276235851325623,0.9273281336827964,0.9265066513044014,0.9259071668922403,0.9267381628888499,0.0010189715381613291,0.0008965250406110538,0.0009695336601208343,0.00121095366822436,0.0011181937233077444,0.0013044617911891836,0.9399715421050501,0.9333659091978583,0.9372062301649303,0.9373051049875887,0.9365990962453706,0.9349547801210483,0.9377337401739978,0.001064325213745487,0.000869414273044163,0.0009471906130928725,0.0011621959831345213,0.0011233760218134345,0.0012309416042979226
18,0.8064996807533268,0.925076184441079,0.9295888212298371,0.9314627304954012,0.9303278586744292,0.9306437989110807,0.929708509203348,0.9300615568579604,0.0011092071037297725,0.0009697943754643065,0.001064520254455547,0.0012477140085780092,0.0011802004731389963,0.0013349564234160448,0.936851198347943,0.9355869620891545,0.9381914698173581,0.9378568810902794,0.9372120355872677,0.9363110061927784,0.9374362267575721,0.0009429972163670756,0.0008242851549849571,0.0008848983445195184,0.0011019016296472497,0.0010249607580763462,0.001189217656837239,0.9491260015053524,0.9428248236580219,0.9468726510235769,0.9468676122000459,0.9462723602515051,0.9445578683020934,0.9473141109507971,0.0009655827224175843,0.0007708866166319889,0.0008387833228048247,0.0010399713535667512,0.0010037263210262682,0.001084024130325028
19,0.8513052020279824,0.9351218000667959,0.9392182994281758,0.9413791002002181,0.9403473249289751,0.9406341172332495,0.9395159274414424,0.9400998672714661,0.0009851220943308885,0.0008776166638896229,0.0009608437834457462,0.0011197356621744667,0.0010580511141136631,0.001191300134123605,0.9458349989904312,0.944651692186203,0.9475915214242289,0.9472516138096826,0.9466905335049278,0.9455915244165648,0.94695563772266,0.0008575809530149007,0.0007437554633473774,0.0008021334802071116,0.0009876005020869002,0.000933586889440866,0.0010649066323462277,0.9568843876122439,0.9510133876402306,0.9553329558463755,0.9552460023033327,0.9546667418672605,0.9528707835078396,0.9557560629092688,0.0008874377821929269,0.0006824277454602478,0.0007435182191923328,0.0009297676926299132,0.0009138471901871853,0.0009567226171050999
20,0.896110723302638,0.9438205222842309,0.9473617972497257,0.9498681692819307,0.9488897934354159,0.9491132174924358,0.9479069071970468,0.9486367626709774,0.0009278315610718556,0.0008227312603643087,0.000898930242914795,0.001044390474580239,0.0009961836829359462,0.0011028115153014315,0.9535407282859971,0.9523032349563942,0.955667936663431,0.9552676692471743,0.9547538655550929,0.9535031777762917,0.9550775575458762,0.0008036454857472682,0.0006814261584668163,0.0007334155950374865,0.0009020522135585067,0.0008641350485666263,0.0009680836007352111,0.9634596043838227,0.9581264013504857,0.9625899729264247,0.962448403638586,0.961874700824727,0.9601437174782547,0.9629245289103361,0.0008042514427430037,0.0006128709997755467,0.0006666850773946989,0.0008321990734939057,0.0008203806619628953,0.0008417435455591439
21,0.9409162445772936,0.9513529395133338,0.954414457830171,0.957294640780642,0.9563701939822917,0.9566028028608585,0.9553150592972884,0.9562479816577634,0.0008367414523644294,0.0007417930671522582,0.0008074615290810508,0.0009323597820912278,0.0009052616266933127,0.0009852785906648588,0.9601502097671109,0.9587982116398666,0.9625507901635416,0.9621735947067318,0.9617723606443269,0.9604063377490726,0.9620468652210917,0.0007293357977654539,0.0006042348481004474,0.0006488638418943558,0.0007982324354146159,0.0007766671762883546,0.0008462607522201142,0.9690320875004916,0.9640036551750619,0.9686870281301347,0.9685712568869501,0.9680866108318643,0.9664083235109374,0.9690700034071604,0.0007303505405517684,0.0005395901776329697,0.0005836082513944996,0.0007343278416854584,0.0007316249122580911,0.0007339716243145608
22,0.9857217658519493,0.957875427287408,0.9602876090409547,0.9636037334875502,0.9627542177576828,0.9628876273922018,0.9616277195079721,0.9625919966738713,0.0007781625360926392,0.0006842826374770843,0.0007457463604632942,0.0008594770107745288,0.0008436279227384274,0.0009057909344110001,0.9658194000245889,0.9642997413469627,0.9682928890550584,0.9679596828963201,0.9676046308080247,0.9663305221398465,0.9680148331534733,0.0006694578126238283,0.0005550034028742837,0.0005950916119042481,0.0007235155735821039,0.0006995170547055398,0.000751496528795733,0.9737547558419803,0.9688764205534606,0.9736914789408967,0.9735738539019562,0.9731078609075495,0.9715597532450282,0.9740707495589246,0.0006671242093343079,0.00048564141554957206,0.0005254336788429889,0.000663416676697342,0.0006591337797784677,0.0006528096314651023
23,1.030527287126605,0.9635233946621539,0.9654157169319766,0.9692206061955998,0.9684069970086288,0.9685162036327881,0.9673201653832344,0.9683219542517209,0.0007128012616077355,0.0006162990411000031,0.0006750897091632907,0.0007739039198003453,0.000766535549544192,0.0008110448025842915,0.9706820686419866,0.9689826308732953,0.9732712264316796,0.9729399005476492,0.9726164130260216,0.971429719433243,0.9730540566921916,0.0006127331737332551,0.0004941744331402011,0.0005326071219343765,0.0006397433160571648,0.0006248020134406589,0.0006563968652177537,0.9777572078542588,0.9730585078492789,0.978129749019641,0.978003369397002,0.9774857750552742,0.9761636618712584,0.9784476878657459,0.0006041250720477356,0.0004224185578654221,0.00045485023360125734,0.0005784637184750876,0.000577747100080841,0.0005627674269493905
24,1.0753328084012606,0.9684140953535357,0.9697693583557458,0.9740821410574386,0.97334976065474,0.9734316697212017,0.9722715350579924,0.9732304463582148,0.0006561092229619295,0.0005530250462927324,0.00060665981622694,0.000695938234784734,0.0006944809973778365,0.000723402131457319,0.9748529546078325,0.9730081501166759,0.9777023304034201,0.9773544906559178,0.9770702686347681,0.9759754787199184,0.9774859265370703,0.0005639317379318639,0.00043481727138952006,0.00046793568441693355,0.0005645201103988814,0.0005568794681380243,0.0005695735847750082,0.9811492779621381,0.976550807852294,0.9818759089498682,0.9817152624302004,0.9812581647055351,0.9800466933681284,0.9821492757668766,0.0005565480035422247,0.0003650862091657442,0.0003950206805781381,0.000509703445847851,0.0005085447466718589,0.00048016840809653606
25,1.120138329675916,0.9726490619646447,0.9734236044691191,0.9782083872899459,0.9775526246080312,0.9775614379523524,0.9764919115281265,0.9773764122373625,0.0006038315574940155,0.0004911246004725094,0.0005404776374520726,0.0006208590148517142,0.0006286310793710174,0.000650081864997472,0.9784304736840551,0.9762689678752072,0.9813401313030563,0.9810088670411493,0.980725207117388,0.9797335854608534,0.9811976801946823,0.0005237213966671224,0.00038503090606086665,0.00041461239672850174,0.0005001234521541463,0.0004995448917013523,0.0004977586556687031,0.9840240506218654,0.9793528464994071,0.9849340508125715,0.9847788806188573,0.9843655757683879,0.9832786687014754,0.9851759470549915,0.0005153298138825282,0.0003168283188505506,0.0003423312304710194,0.0004405819504180338,0.00044093652024368977,0.0004128979109477532
26,1.1649438509505716,0.9763162138369345,0.976748520711821,0.9817718858466337,0.9812004981702174,0.98114547424065,0.980286658828941,0.9810626009582598,0.0005529150359868245,0.00043391625932326556,0.000477509907595804,0.0005493140593957091,0.000561309651128439,0.0005704011981603336,0.9814990406133698,0.9791896192614793,0.9843981478341788,0.984125648555829,0.9838157931630752,0.9829936243732756,0.984315633707298,0.0004885235911534922,0.00034108536872340243,0.00036588628614761873,0.00044703526560884745,0.00044821271093988766,0.0004357230227596944,0.986460414724694,0.9818326893920104,0.9875194004717981,0.9873733950037317,0.9869660429603601,0.986077755044279,0.9877423373980986,0.0004753095566888136,0.00027599989032638464,0.00029776859526691184,0.00038455029127957283,0.00038261790263302087,0.00035327686627230966
27,1.2097493722252273,0.9794916822855311,0.9794340008933774,0.9848357722462441,0.984316814906033,0.9842577454767983,0.9835284938530223,0.9841682979114857,0.0005024257495784703,0.00038059088089861646,0.000419357340793371,0.00047686471481415494,0.0004913432084494771,0.0004990795165231457,0.9841310609601699,0.9816007094230077,0.9871260199568204,0.9868666207273332,0.9865829724638424,0.9858943769481104,0.9870646989979194,0.0004511830567045771,0.00029427217358384125,0.00031647040656043095,0.0003862772455228647,0.00038893613876108595,0.0003727943797678596,0.9885252284488218,0.983954416119424,0.9898941892548664,0.9897369019738873,0.9892894213212757,0.9886159590574858,0.9900256762509758,0.00043829416903899254,0.00022721223741723704,0.0002479179069268751,0.0003221819589661913,0.0003212844769980188,0.00029552226119262156
28,1.254554893499883,0.9822413911111264,0.9816213259107448,0.9874002043269912,0.9869361834217718,0.9867622068544549,0.9861881455941806,0.986811265361403,0.00046789595408442926,0.0003319021481800348,0.00036562823386727635,0.0004165589360344679,0.00043176670470174063,0.0004323926689998517,0.9863886395841815,0.9835314760734011,0.9893345195229811,0.9890946260584029,0.9887370630814528,0.9882057739721758,0.9892415939605016,0.00042570657733932195,0.0002568996903402504,0.0002761757750668371,0.0003398569618302781,0.0003399222156416391,0.0003247782977193636,0.9902751539670958,0.9855776103406745,0.9916775445317344,0.9915465206321096,0.99103363283397,0.9905226270288001,0.9918236896963681,0.0004123507534984273,0.00019402723925391173,0.00021107857453889935,0.00027891293183274587,0.0002774943427327023,0.00024588439339759074
29,1.2993604147745386,0.984622425200411,0.9834836173432785,0.989517239709321,0.9891138784531182,0.9888429939223664,0.9884217889148719,0.9890184490778237,0.00043788855750852155,0.0002905299142444648,0.00032107801801621767,0.0003673372624066333,0.0003824392317354394,0.00037680358311212444,0.9883250460598345,0.9852165766492231,0.9912416985849295,0.9910209010031009,0.9906109400091975,0.9902298073286849,0.9911264360500067,0.0003984194231205069,0.00021711880557654718,0.00023565235416473702,0.00029172515398402286,0.0002932170186711942,0.0002781060500510302,0.9917582123581378,0.9870236551108789,0.9932059830933818,0.993090262255052,0.9925425283983622,0.9922325927289383,0.9933393212001054,0.00038273001163054154,0.00016294960830465685,0.0001775510107110319,0.0002389480865240821,0.0002331219727284203,0.00020638171244180504
30,1.344165936049194,0.9866842156276604,0.985130188524255,0.9913741012024547,0.9910140261482853,0.9907232874680483,0.9904187652079532,0.9909455961997142,0.0003986230483341865,0.00024736244724783544,0.0002743431134136333,0.0003128828660172497,0.0003274732163298391,0.00032003126749145745,0.9899859716192233,0.9866308097055857,0.9927997995003641,0.9926166422415413,0.992190375457996,0.9919296775043844,0.9926939269056094,0.00037295725822915116,0.0001849587307887009,0.00019954855729449104,0.00025045591529038907,0.0002501596293382513,0.00023733081919075723,0.993015101390426,0.9881955582432275,0.9944444091372763,0.9943306035559301,0.9937532512575775,0.9936154316321739,0.9945059789549457,0.00036055590575801577,0.0001384818905123461,0.00015108644024371538,0.00020707082558054784,0.0001980366252480141,0.00017680067649565172
31,1.3889714573238496,0.9884695658605814,0.9864264332829266,0.9928927230333766,0.9925767303509874,0.9922376104109702,0.992045963635652,0.9925050334255009,0.00037696890135682434,0.00020910147159251068,0.0002316049608592071,0.00026802471617039426,0.00028013804595871365,0.0002719910956097562,0.9914106072773441,0.9877896159223774,0.9941158909367203,0.9939358374511814,0.9935059080655821,0.9933226394989367,0.9939957086794513,0.0003529560765305065,0.00015204652077756812,0.00016518209174325635,0.00021078660819961326,0.00021270624832019273,0.00019634984546469634,0.9940803123416797,0.9891564730299495,0.9954422660727902,0.9953448289220578,0.994806123788016,0.9947278281294846,0.9954938527287123,0.00034280225829838855,0.00011407293189528564,0.0001230019788375556,0.00017310151179789738,0.0001671497973806436,0.0001440501601721177
32,1.4337769785985053,0.9900155403748019,0.9874053553114319,0.9940944037605519,0.9938435739001905,0.9934530674027772,0.9933552100984314,0.9937369922271139,0.00036134866840239647,0.00017768425278719138,0.00019616138677170484,0.0002294421939249373,0.0002410576763536378,0.0002336762527751973,0.9926325685789307,0.9886680043333675,0.9951248685022341,0.9949756316198134,0.9945319799398662,0.9944578069324572,0.9950486246032407,0.00033886142161225415,0.00012952388723335548,0.0001410125077151567,0.00018244587059662189,0.00018017325275054838,0.0001635959316102382,0.9949830765010622,0.9899449164240736,0.9963165001216148,0.9962235818145827,0.9956692980624428,0.995716777718161,0.996353664469949,0.0003246269902400964,9.222500189985166e-05,0.00010086128358065146,0.00014379647026827378,0.0001319199326729187,0.00011442925109250162
33,1.478582499873161,0.99135423412494,0.9882345151164711,0.9950719886967132,0.994866003744355,0.9944403895034979,0.9944650566019327,0.994789590077478,0.00034552450604637407,0.00015212152297162948,0.00016804936991613513,0.00019912684556193795,0.00020534748930553436,0.00019615688976485463,0.9936806887871141,0.9893834983661894,0.9959789595354117,0.9958441153362433,0.9953833208319951,0.9953753134037122,0.9958891421927756,0.00032619848584456877,0.00010740363584496026,0.00011817383746396095,0.00015721825768665333,0.0001531055082616546,0.0001375946581786498,0.9957481673279135,0.9905440336258131,0.9969804295897082,0.9969048447965628,0.9963362453112119,0.9964455985763838,0.9969728846747834,0.0003132727110781656,7.801349085327479e-05,8.547252735305688e-05,0.0001257241597948045,0.00011193653117297893,9.861219037997511e-05
34,1.5233880211478166,0.9925134388467349,0.9890124384048082,0.9959592817288929,0.995776085189044,0.9953101374391754,0.9954521201359714,0.9957156183981141,0.0003264204270028752,0.00012470180063871902,0.00013918322556207775,0.00016829230756643828,0.00016950615285981876,0.00016224198784494696,0.9945796992298968,0.9900132514125779,0.9966959150262202,0.9965640262401994,0.9960852872469155,0.9961535811809162,0.9966144793859572,0.00031560079047230813,8.832686799483992e-05,9.884494711275886e-05,0.0001356381214288978,0.00012956394381956343,0.0001132643859304905,0.9963965802796773,0.9910265324616361,0.9975045950483196,0.9974392250160843,0.9968418915666951,0.9970236496200583,0.997477976988318,0.00030595329331904237,6.462269679659935e-05,7.030312374840832e-05,0.00010919642584315425,9.409690708009554e-05,8.283149586721992e-05
35,1.568193542422472,0.9935172200228949,0.9896109247741035,0.9966782134627803,0.9965254033786656,0.9959912912888165,0.9962395555291709,0.9964650677965144,0.00031704524957089245,0.00010344562426606856,0.00011580889830454222,0.0001441769732153787,0.0001407244334167183,0.00013542212988133616,0.9953508128578202,0.9905614606385521,0.9973200365625761,0.9972212836135804,0.9967219852727303,0.9968576273223131,0.9972554512499507,0.000305383316780907,7.112455827300892e-05,7.868017737264633e-05,0.00011283620089588772,0.00010471591532219884,9.115995551869562e-05,0.9969461089647165,0.9914637268386652,0.997980775339228,0.9979409631859225,0.997330672192854,0.997593933502876,0.9979704408527527,0.00029858975254787746,5.2887618352647945e-05,5.650958253271562e-05,9.248168339241454e-05,7.520417915939546e-05,6.692696453418381e-05
36,1.6129990636971276,0.9943864164906706,0.9901784020601216,0.9972981474658309,0.9971643158091112,0.9965918649227137,0.9969400983210082,0.9971042697981014,0.0003041985691817716,8.458828295172748e-05,9.572239317600685e-05,0.00012206899852225628,0.00011398357108162473,0.00011239733389224507,0.9960122247823899,0.9910417423144113,0.9978238483999243,0.9977413904387896,0.99727073084688,0.9974611334878047,0.9978001159911504,0.00029649430924102494,5.9030337607053454e-05,6.535702740376123e-05,9.31276021140502e-05,8.44067458748675e-05,7.291733125544428e-05,0.9974118334306752,0.9918679100397261,0.9983765086348271,0.9983573058992502,0.9977658562950552,0.9980886240643188,0.9983880927894974,0.0002883335100689553,4.295697768984125e-05,4.4913725792505884e-05,7.521264259011931e-05,5.751042461653629e-05,5.287724810522422e-05
37,1.6578045849717833,0.9951390730631757,0.9906325687736062,0.9978138703178918,0.9977130479242414,0.997085398988108,0.9975341260772511,0.9976510328852899,0.00029736085446489834,6.953591744076345e-05,7.778584771379551e-05,0.00010490684328391857,9.321673037147047e-05,9.321771727677931e-05,0.9965795416059056,0.9914382370170844,0.9982567626078745,0.998187221558145,0.997706111308777,0.9979678095341958,0.9982733658599242,0.0002903143122876121,4.8182827258052487e-05,5.355934467230288e-05,7.823928598725559e-05,6.832788869992356e-05,5.672603442560554e-05,0.9978065339878937,0.9921883015295211,0.9987272091125735,0.9987188732649641,0.9981092112394943,0.9984837472648238,0.9987383530869435,0.0002830174522226129,3.3947714862994164e-05,3.51602447490124e-05,6.427693406016616e-05,4.575172744574684e-05,4.1317534162624036e-05
38,1.702610106246439,0.99579081514582,0.9909842417294047,0.9982437472745913,0.9981701956939573,0.9974940288906659,0.998015662054129,0.9981316643710761,0.00029233860684530595,5.6861366674617776e-05,6.325601566303404e-05,8.942805269149824e-05,7.262725990491648e-05,7.306449801116638e-05,0.9970661496731146,0.9917246451528549,0.9986250328524658,0.9985725357731761,0.9980173330511237,0.9983458492232347,0.9986199023757631,0.0002877702326038486,3.7267843529181774e-05,4.1053991659568326e-05,6.89173149493001e-05,5.597172700918465e-05,4.476689710220733e-05,0.9981410419239282,0.992422239063483,0.9989883830014947,0.9989888860873707,0.9983501517066686,0.9987707007253084,0.9989859189255565,0.0002801229577804196,2.7083944743628053e-05,2.7763398304661495e-05,5.6664522019105004e-05,3.759190689415727e-05,3.317895267632453e-05
39,1.7474156275210946,0.9963551731250186,0.9912294711709239,0.9985345876903415,0.9984637839651727,0.9977742817929413,0.9983251007619086,0.9984346601427752,0.0002897476174643443,4.7808708148307944e-05,5.3755248205547515e-05,7.995682600388625e-05,6.186835546096719e-05,6.15990324029965e-05,0.9974835309339161,0.9919466955931926,0.9988877389720354,0.9988364039353568,0.9982668588118438,0.9986239539461103,0.998866482400868,0.00028570767759210667,2.9743871332268246e-05,3.348162557429903e-05,6.171625374467694e-05,4.759406979254899e-05,3.7429359480865055e-05,0.9984245367334075,0.9926069212997949,0.9991916009314482,0.9991829676303708,0.9985420680307592,0.9989909626693044,0.9991853331878234,0.0002778720059608349,2.138614094549328e-05,2.277783699824366e-05,5.1473366606266544e-05,3.1413354132058956e-05,2.7219492648207695e-05
40,1.79222114879575,0.9968438632635975,0.9914137786868062,0.9987652909756569,0.9987103258693516,0.9980057911548134,0.998570776509745,0.9986738330209628,0.00028871717621383527,4.019376016426781e-05,4.493205664910045e-05,7.102404747823981e-05,5.267122892662465e-05,5.217979711854306e-05,0.9978415338701753,0.9921324082392384,0.999073305170108,0.9990350451673072,0.9984605013347831,0.9988504472137529,0.9990550570421006,0.0002799448697995862,2.4908884751197475e-05,2.772323368624073e-05,5.503978223362057e-05,3.867058622203557e-05,3.124162175421997e-05,0.9986647980197448,0.9927300714989477,0.9993308264025221,0.9993277952966387,0.9986904771522006,0.9991520270269928,0.9993260269499368,0.000276988972514031,1.772514326764049e-05,1.84894126726236e-05,4.5954714715343706e-05,2.5853793632722245e-05,2.257304687142107e-05
41,1.8370266700704057,0.9972670309343786,0.9915648744315667,0.9989698265772183,0.9989168825241984,0.9981891639016213,0.9987686732977303,0.9988766733353155,0.00028895698424449595,3.3221347907240864e-05,3.7631974865311305e-05,6.414976909409813e-05,4.5492609843554735e-05,4.382252429738772e-05,0.9981486058794076,0.9922505877919031,0.9992049104118329,0.9991708440254897,0.9985861258235192,0.9989924514655631,0.999175071590305,0.00028008316787826753,2.16134428983394e-05,2.4353422451350786e-05,5.1606501688405595e-05,3.463521772253398e-05,2.8033929562050507e-05,0.9988684189813367,0.9928361395141726,0.9994400680332545,0.9994325848860135,0.9987958999773917,0.9992735544295137,0.9994301260151742,0.00027620422224652663,1.4174000822919402e-05,1.531915438638601e-05,4.20641522286138e-05,2.1332676885051924e-05,1.839973588698699e-05
42,1.8818321913450613,0.9976334612415567,0.9917464772887091,0.9991949814040089,0.9991456219749032,0.9984246919985222,0.9990218380723399,0.9991178148669937,0.0002864366939299221,2.6281511234577615e-05,3.0530197590775705e-05,5.487690371448295e-05,3.645183926030068e-05,3.524539237325028e-05,0.9984119925986318,0.9923953770207748,0.9993812825317233,0.9993564098829681,0.9987602057730224,0.9991969457236646,0.9993564228615327,0.0002784793704551739,1.706008650036053e-05,1.930839422799116e-05,4.590407945943217e-05,2.8208779694686265e-05,2.2612936169608522e-05,0.9990409873406911,0.9929416976289104,0.9995643868015266,0.999558022077095,0.9989141471595898,0.9994191314637203,0.9995587631347469,0.00027505523389193974,1.1405103992705455e-05,1.2352944361335199e-05,3.875138180065398e-05,1.727437887563224e-05,1.4875660500909748e-05
43,1.926637712619717,0.997950761402438,0.9918737796721804,0.9993399039663549,0.9993027018479492,0.9985766356113043,0.9991874964938928,0.9992810597399071,0.0002849188891280618,2.0316274049810727e-05,2.3535841048745823e-05,4.794783883447696e-05,2.915454625273297e-05,2.7063318995568335e-05,0.9986379088716165,0.9924888445269618,0.9994745710827195,0.9994543807721118,0.9988578535732704,0.9993152274823555,0.9994501319602307,0.00027789688277480396,1.4658024015256158e-05,1.653045580057226e-05,4.279511967908822e-05,2.415772949253346e-05,1.9824793650079218e-05,0.9991872386815032,0.9929980296981943,0.9996379645284634,0.9996324823146783,0.9989804787875539,0.9994953169008833,0.9996300106877887,0.0002749667227001043,8.345110111042753e-06,9.393809289249762e-06,3.586454469386749e-05,1.4900010595927388e-05,1.1428302217868103e-05
44,1.9714432338943726,0.9982255186758486,0.9919909558713614,0.9994553489082307,0.99942966996142,0.99869551617209,0.9993291400617247,0.9994134904057309,0.00028394016279372565,1.6811832940493643e-05,1.932155473453656e-05,4.392177903525954e-05,2.3968570777629203e-05,2.2232919931435725e-05,0.9988316853936434,0.9925771564608871,0.9995616088055199,0.9995459493320059,0.9989448324651455,0.9994130459093509,0.9995343237165198,0.00027741465740025817,1.2318915354655788e-05,1.3969288807224236e-05,4.030961690123533e-05,2.12374440903537e-05,1.729979792767567e-05,0.9993111864015218,0.993066745886673,0.9997029555585083,0.9997010589568814,0.9990433791772544,0.9995754988667175,0.9996936175680005,0.0002739800420550378,6.406797141173006e-06,7.312620585286728e-06,3.372380668022408e-05,1.2204889008363238e-05,9.18137567618011e-06
45,2.0162487551690282,0.9984634371158594,0.9920714693350772,0.9995561358232022,0.9995350340389308,0.99878362587558,0.9994387392568086,0.9995277150670008,0.0002844893692506537,1.3773814300075696e-05,1.5884430210300424e-05,4.098591593543171e-05,2.0039254141316694e-05,1.7752490892552043e-05,0.9989978944940004,0.9926471152043675,0.9996527213284099,0.9996383851767616,0.9990324885219923,0.9995093902528757,0.9996282901961145,0.0002773143950270826,9.309615856038868e-06,1.0618155020020098e-05,3.6817561630873464e-05,1.8097088529852286e-05,1.3115419653298696e-05,0.9994162318473448,0.9931175306394753,0.9997564326434153,0.999753122852193,0.999085068433891,0.9996368414106269,0.9997411806496002,0.00027397288158853203,5.304688332968296e-06,6.182119413787629e-06,3.2813864417436765e-05,1.0720805159780452e-05,8.092644058975243e-06
46,2.061054276443684,0.9986694559898807,0.9921229002406744,0.9996197493566611,0.9995997074386432,0.99884182378842,0.9995067682245861,0.9995919381003834,0.00028570015307586774,1.1881507897010153e-05,1.3799762903330701e-05,3.9112432817425205e-05,1.763016778512855e-05,1.5498697767910346e-05,0.9991404580241565,0.9926934476206128,0.9997093800007004,0.9996964111403471,0.9990888633055478,0.9995748687572296,0.9996915639338582,0.00027775941906523643,7.823520513482984e-06,9.001606101071642e-06,3.498474366839149e-05,1.5692832132348374e-05,1.0343703001971238e-05,0.9995052576534388,0.9931531710935589,0.9998024117437202,0.9998000122589712,0.9991300946577348,0.9996866675104004,0.9997865092272579,0.00027398149174899186,4.196557551719737e-06,4.892886970259856e-06,3.1041558970996005e-05,8.92222210331659e-06,6.222003849072784e-06
47,2.1058597977183395,0.9988478523195262,0.9921881098578982,0.9996843335366652,0.9996655428554524,0.9989004592522428,0.9995788204241558,0.9996603708137142,0.00028559736215353856,9.955186196190484e-06,1.1541114004511201e-05,3.737143069669425e-05,1.4973410469777273e-05,1.2974146170753232e-05,0.9992627398973324,0.9927480658362985,0.9997597212330934,0.9997467972990911,0.999138700406948,0.9996347717858461,0.9997491829055846,0.00027750887114132177,6.611500321556832e-06,7.674014680254152e-06,3.369681845304488e-05,1.3741507696982871e-05,8.509332145314517e-06,0.9995807068467719,0.9931883579700495,0.9998419455416222,0.9998383136319117,0.9991625760441504,0.9997256696223856,0.9998259193903483,0.00027421376388414315,3.3067265389637765e-06,4.006829347570117e-06,3.0504612994491926e-05,8.115842887343383e-06,5.339274181680755e-06
48,2.150665318992995,0.999002329673032,0.9922606604740241,0.9997673599783631,0.999752720242493,0.9989859907960322,0.9996681820136492,0.9997413018674189,0.0002846761390781257,7.0853812014590925e-06,8.32053507121089e-06,3.3993547682545296e-05,1.130195202892572e-05,9.663010933330168e-06,0.999367625463024,0.9927945980063753,0.9998119014135386,0.9998010230858545,0.9991938836886934,0.9996974490515549,0.9998021183017523,0.00027728528887151904,5.2635764960408865e-06,6.165862601917279e-06,3.177306020165847e-05,1.1689047684957402e-05,6.822982838852498e-06,0.9996446498878336,0.9932305940678405,0.9998814419404194,0.9998789424143246,0.9992070552244217,0.9997801711323581,0.9998703389325388,0.00027340330412766297,2.399276221261924e-06,2.835631713037735e-06,2.8956749992472998e-05,6.248698948502131e-06,3.855587591140318e-06
49,2.1954708402676504,0.9991360950525865,0.9922903121153742,0.999798845879126,0.9997877549001005,0.9990242987953747,0.9997111605816537,0.9997779530042425,0.0002856451921242873,6.098184691373736e-06,7.034580059777949e-06,3.249811806732997e-05,9.581002937092572e-06,8.233761823618414e-06,0.9994575895893884,0.9928157256982478,0.9998329674423405,0.9998259696953476,0.9992169661594388,0.9997281667784366,0.9998224604164914,0.00027797140260143565,4.750369098644814e-06,5.359734420491934e-06,3.096387166485671e-05,1.067020367036289e-05,6.222707200418191e-06,0.9996988414877647,0.9932486306778141,0.9998978373736883,0.9998952043045416,0.9992273337390972,0.9998066463222441,0.9998867501455925,0.00027367452713760154,2.0538575491074694e-06,2.396919928309775e-06,2.8223797422303974e-05,5.4254446216022935e-06,3.4197432695256303e-06
50,2.240276361542306,0.9992519254727824,0.9923335276594364,0.9998553170398933,0.9998458752973898,0.9990773617654953,0.9997708508935704,0.9998364482778137,0.00028564873405329807,4.171873589547134e-06,4.897752021978808e-06,3.0366151419777182e-05,7.146304327347507e-06,6.091282930547615e-06,0.9995347550599573,0.992854901856056,0.9998837064905297,0.9998780321492088,0.9992637186248681,0.9997805873894613,0.9998744822429729,0.0002776558775844075,3.0473363723184618e-06,3.424339902002297e-06,2.9110152367510574e-05,8.655951550290203e-06,4.336797061306418e-06,0.9997447687607615,0.9932800904400807,0.9999215020962361,0.9999166839631313,0.9992462806255668,0.9998338593770666,0.9999100351665158,0.00027329196243874545,1.6007582540697237e-06,1.9501505457773107e-06,2.7950230765019525e-05,4.844024148358525e-06,2.9146590151902274e-06
51,2.2850818828169617,0.999352225612381,0.9923473417625249,0.9998714705837332,0.9998656708692403,0.9990927764634471,0.9997914060106748,0.9998575654681093,0.00028667621606528765,3.708553236311594e-06,4.290099195413439e-06,3.0034696107236998e-05,6.428643024997643e-06,5.409986143567402e-06,0.9996009426626026,0.9928634399413033,0.9998941973054029,0.9998903819120062,0.9992693227382148,0.9997941683712385,0.9998859983657656,0.00027836956054650016,2.820217661295344e-06,3.1312382572406213e-06,2.9067661241170307e-05,8.34222479113517e-06,4.086438296885255e-06,0.9997836920331431,0.9932849619163521,0.9999283998071856,0.9999245607545352,0.9992532823893827,0.9998414091050157,0.9999178919732751,0.0002737268120989315,1.4864058691959976e-06,1.7884828820326195e-06,2.785192498856016e-05,4.6833581889629616e-06,2.762329543688338e-06
52,2.3298874040916173,0.9994390777362573,0.9923597491042605,0.999891421344329,0.999889132406818,0.9991142353621575,0.9998168360487601,0.9998827595135567,0.00028748530485338904,3.1192417906764802e-06,3.3826324908369434e-06,2.8833384011316178e-05,5.128047655173363e-06,4.121336029001157e-06,0.9996577141526437,0.9928744398783268,0.9999109669436482,0.9999093990565132,0.9992878009698412,0.9998185590520572,0.9999083070802491,0.0002787538204670453,2.378900557358963e-06,2.438296845026444e-06,2.771605445884312e-05,7.00440177912539e-06,2.95159406842495e-06,0.9998166794289549,0.9932951903071228,0.9999409930297677,0.9999393931492326,0.9992721809504055,0.9998641137643828,0.9999368108542456,0.00027379571180136315,1.234093353667275e-06,1.306954509642858e-06,2.625134394548912e-05,3.3168916870448034e-06,1.7838953079356904e-06
53,2.374692925366273,0.9995142849239242,0.9923851279212821,0.9999178867112821,0.999914556395067,0.9991381654715318,0.9998450368357582,0.9999109589943513,0.0002876669115404104,2.3630318997257483e-06,2.6683253793912934e-06,2.808370093832443e-05,4.154728895520956e-06,3.175509375584495e-06,0.9997064091038533,0.9928986963455282,0.9999332902619419,0.9999310935078866,0.9993095265117334,0.9998446835469251,0.9999335258578176,0.0002784569537751796,1.7514164931773993e-06,1.8431893609900993e-06,2.6995165047493303e-05,6.035556709835776e-06,2.0757659928939878e-06,0.9998446361811975,0.9933115320629046,0.9999557015479748,0.9999540266146094,0.9992890806008123,0.9998822187633221,0.9999536439803013,0.0002736430129169952,9.422473649243333e-07,1.0137166328347464e-06,2.5803800228996128e-05,2.8107766381861906e-06,1.3610248349158913e-06
54,2.4194984466409286,0.9995794085020746,0.9923963788901418,0.999928621372202,0.9999245443652979,0.9991474901153182,0.9998556413059223,0.9999209569411894,0.00028830019381158854,2.0709224627473455e-06,2.4037637997559606e-06,2.7931248702957907e-05,3.862222489971035e-06,2.8885603118968257e-06,0.999748176516891,0.9929093400357888,0.9999443302210468,0.9999411649992109,0.9993189952014145,0.9998549381859196,0.9999440065044284,0.00027878750477179865,1.4870187847454947e-06,1.6146674086939418e-06,2.6847742661381023e-05,5.8069041226272785e-06,1.823918183394361e-06,0.9998683294730357,0.993322108681319,0.9999660568211717,0.9999632240436442,0.9992992309457839,0.9998924989570983,0.9999646232965266,0.0002736896661647521,6.753219146596072e-07,7.905489902366827e-07,2.555789979153545e-05,2.5554228617357963e-06,1.0215002700201153e-06
55,2.4643039679155843,0.9996358004582514,0.9924118551445957,0.9999507642339615,0.9999491869678028,0.9991811960148319,0.9998893443485091,0.9999519771672402,0.00028856941024910473,1.401509936831714e-06,1.5405665468615798e-06,2.628129250659152e-05,2.250093107707339e-06,1.4567217358599251e-06,0.9997840019309948,0.9929204786395146,0.999959602304669,0.9999587128503872,0.9993293442510474,0.9998720621351697,0.9999597597470292,0.00027895694506013097,1.1431343192218868e-06,1.2026671175311284e-06,2.6645270664619098e-05,5.3451777729569324e-06,1.442614115732924e-06,0.9998884094906737,0.9933314884590551,0.9999761891162263,0.9999735626284355,0.9993085845725654,0.9999027046256902,0.9999743398867756,0.00027370802648243403,4.6194161369558626e-07,5.668913655611812e-07,2.535736599504229e-05,2.2987931064859548e-06,7.880495798182565e-07
56,2.50910948919024,0.999684631508568,0.9924223312080247,0.9999564409563271,0.9999571364055683,0.9991913192416636,0.9998986417340596,0.9999591670513082,0.00028863680951470174,1.2144647045914863e-06,1.2013796989250977e-06,2.574957856537501e-05,1.7741585660441327e-06,1.1730466212898272e-06,0.9998147306786566,0.9929298934695647,0.9999645065252529,0.9999655527303519,0.9993385453819624,0.9998804115434974,0.9999662369222567,0.00027885880471736544,1.0140583621616695e-06,9.613681007217938e-07,2.618070120407555e-05,4.9658110942112904e-06,1.2237311478851408e-06,0.9999054272656243,0.9933396601802753,0.9999800789322577,0.9999789985012576,0.9993166254604353,0.999910028894793,0.9999799905164937,0.00027354545327727524,3.842147623171741e-07,4.1638899851768086e-07,2.4981519956363274e-05,2.0044942599465873e-06,6.247477384173255e-07
57,2.5539150104648956,0.9997269154021705,0.9924293924981872,0.9999667584323338,0.9999681550434246,0.9991979358207893,0.9999082560587241,0.9999662989793878,0.00028899450112589224,9.316808909566304e-07,8.758870345886155e-07,2.5552547171201606e-05,1.4445301464462794e-06,1.00954037464983e-06,0.9998410878319923,0.9929351563358889,0.9999703616759754,0.9999706165624471,0.9993423047759836,0.9998839977963904,0.9999684139582847,0.00027904513024584466,8.995586913172641e-07,8.51572202346022e-07,2.6106570128993705e-05,4.890093346317681e-06,1.1869705794688994e-06,0.999919849795997,0.993343237385454,0.9999837407937111,0.9999826324634663,0.9993166254943131,0.999912072231168,0.9999814159495136,0.0002736076606956567,3.1422730371332105e-07,3.4746771951715963e-07,2.4998710224394897e-05,1.9594374994360344e-06,6.027148708553862e-07
58,2.598720531739551,0.999763529967014,0.9924482644091149,0.9999802309020779,0.9999809531292005,0.9992108993858007,0.9999230002377135,0.9999811577326649,0.0002888836282439573,5.372663720169755e-07,5.212805171564295e-07,2.5234604257025993e-05,9.844842814849263e-07,5.156705863048898e-07,0.9998636953114646,0.9929552543953963,0.9999868666997701,0.9999867272051599,0.9993604746787145,0.9999026942743882,0.9999877841739638,0.0002783987836385121,2.650415427215858e-07,2.6955680470970507e-07,2.536509066476373e-05,4.08274764100634e-06,2.815427045636741e-07,0.9999320728617594,0.9933551318272333,0.9999918574389872,0.9999909822851477,0.9993275028630414,0.9999224176774667,0.999992569557784,0.0002731912042735103,1.1610524427243631e-07,1.422796369467412e-07,2.464307246328842e-05,1.5357381520722852e-06,1.4494160989229917e-07
59,2.6435260530142064,0.9997952353338677,0.9924503161412743,0.9999849827741114,0.9999861223314922,0.9992161244192602,0.9999276576865861,0.9999855196135131,0.00028930724402655085,4.134838995539045e-07,3.713543867970734e-07,2.512766849839309e-05,8.675925168398684e-07,4.0831038141026087e-07,0.9998830865606475,0.9929566766276872,0.999990727778457,0.9999907896768409,0.999364307521748,0.9999062628424096,0.9999909727249182,0.00027864719136685615,1.8696203741489014e-07,1.7615751283474968e-07,2.530117470389781e-05,4.016661780677502e-06,2.2396836882573218e-07,0.9999424318856459,0.993355962751393,0.9999947293569194,0.9999938949895104,0.999330003214695,0.9999248803308703,0.9999945974975127,0.0002733207642812753,7.405167018316634e-08,9.116572043681035e-08,2.461347936969278e-05,1.503329621297676e-06,1.1913342675760319e-07
60,2.688331574288862,0.9998226897168879,0.9924542492811793,0.9999901764533881,0.9999913272052734,0.9992204890321583,0.9999318341968397,0.9999920729320733,0.0002896326595492404,2.7018240295686197e-07,2.215251136419395e-07,2.5061487368292627e-05,7.727313232491304e-07,1.6615040800961926e-07,0.9998997191333028,0.9929598608142173,0.9999949388003923,0.999995147139377,0.9993677229741724,0.99990951597368,0.999996165948664,0.00027882389517376734,9.583901101581435e-08,7.007684010892095e-08,2.5252427433863577e-05,3.958226544423219e-06,5.877384736689617e-08,0.9999512111377555,0.9933582954409936,0.9999977011846222,0.9999971895732457,0.9993322642966875,0.9999270627722668,0.9999981193883776,0.0002734046454615228,2.802559641240893e-08,2.3850193825446687e-08,2.4586514093404767e-05,1.470364778216898e-06,1.93477639573314e-08
61,2.7331370955635177,0.9998464630783664,0.9924542492811793,0.9999901764533881,0.9999913272052734,0.9992204890321583,0.9999318341968397,0.9999920729320733,0.00028998356991795306,2.6278413021363397e-07,2.140721264179219e-07,2.5090685210127033e-05,7.68107033615014e-07,1.586619639200684e-07,0.9999139854897672,0.9929598608142173,0.9999949388003923,0.999995147139377,0.9993677229741724,0.99990951597368,0.999996165948664,0.00027902211168787696,9.33256645163694e-08,6.755754913332119e-08,2.5267810256486218e-05,3.958150542915309e-06,5.62254869983751e-08,0.9999586515364308,0.9933582954409936,0.9999977011846222,0.9999971895732457,0.9993322642966875,0.9999270627722668,0.9999981193883776,0.0002735028086634944,2.7389146978612006e-08,2.322135757700544e-08,2.4595779875449593e-05,1.4707794846827002e-06,1.8705091318367107e-08
62,2.7779426168381733,0.9998670489613408,0.9924542492811793,0.9999901764533881,0.9999913272052734,0.9992204890321583,0.9999318341968397,0.9999920729320733,0.0002902883441928547,2.5729097535146265e-07,2.0853159306872376e-07,2.5116881445625373e-05,7.650159324848535e-07,1.5309072768164182e-07,0.9999262222574029,0.9929598608142173,0.9999949388003923,0.999995147139377,0.9993677229741724,0.99990951597368,0.999996165948664,0.0002791924534418373,9.149418929563551e-08,6.572097512134516e-08,2.528132896991146e-05,3.958409666256973e-06,5.4363979121372773e-08,0.9999649572594875,0.9933582954409936,0.9999977011846222,0.9999971895732457,0.9993322642966875,0.9999270627722668,0.9999981193883776,0.00027358608846086914,2.693643658796438e-08,2.277509934578228e-08,2.460371928650955e-05,1.4712176268232211e-06,1.8247106773735903e-08
63,2.822748138112829,0.9998848747357151,0.9924573062785644,0.9999928137651865,0.9999932442361271,0.9992226782284485,0.9999343286783624,0.9999937216513642,0.0002904601912854061,1.842721550122342e-07,1.6810996385529473e-07,2.5092828326337157e-05,7.013739717618355e-07,1.2214805320762246e-07,0.99993671817362,0.9929612819175231,0.9999963331103834,0.9999962917251293,0.9993686775604228,0.9999106688731882,0.9999969479511619,0.00027931878481217615,7.089733284807683e-08,5.1428377315245883e-08,2.528417152434691e-05,3.945724668434472e-06,4.698959115932464e-08,0.9999703013472178,0.9933585263877499,0.9999977259597952,0.9999975030709305,0.9993322881763874,0.9999271355551483,0.9999981285414066,0.0002736562105344386,2.6610356530980777e-08,2.149496692817127e-08,2.4610505895170376e-05,1.471602558653866e-06,1.7920929281149448e-08
64,2.8675536593874846,0.9999003104706037,0.9924597947905036,0.9999950531361242,0.9999960283195314,0.9992239073168279,0.9999370806238005,0.9999954249342465,0.00029062829874292886,1.3147684212116752e-07,8.80465838696175e-08,2.5098648039748127e-05,6.249021611198587e-07,9.035392402439256e-08,0.9999457208988913,0.9929631924042173,0.9999963331103834,0.9999962917251293,0.9993686775604228,0.9999126612097492,0.9999969479511619,0.00027940816953863615,6.990498811490302e-08,5.0436777742399545e-08,2.529448040058058e-05,3.9067969816426926e-06,4.598617594110162e-08,0.9999748304509241,0.9933597645829967,0.9999977259597952,0.9999975030709305,0.9993322881763874,0.9999281116760156,0.9999981285414066,0.00027370085293105986,2.6382451482423508e-08,2.1269080853266973e-08,2.4616305663585706e-05,1.4625350937009955e-06,1.7689377564958702e-08
65,2.9123591806621403,0.9999136766170921,0.9924597947905036,0.9999950531361242,0.9999960283195314,0.9992239073168279,0.9999370806238005,0.9999954249342465,0.00029082737944180075,1.2912280730108509e-07,8.566648016115342e-08,2.5116908500890838e-05,6.240978644840733e-07,8.798995018816903e-08,0.9999534428605226,0.9929631924042173,0.9999963331103834,0.9999962917251293,0.9993686775604228,0.9999126612097492,0.9999969479511619,0.0002795160668015748,6.918296569592482e-08,4.971539447426426e-08,2.5303451842307556e-05,3.907367181637386e-06,4.525465796847559e-08,0.9999786688572937,0.9933597645829967,0.9999977259597952,0.9999975030709305,0.9993322881763874,0.9999281116760156,0.9999981285414066,0.00027375165028639106,2.62214203117068e-08,2.1109760758698076e-08,2.4621253073672577e-05,1.4629084783508923e-06,1.7525255850685193e-08
66,2.957164701936796,0.9999252506609089,0.9924614275258722,0.9999974349314449,0.9999981028527596,0.999225461158924,0.9999388491359081,0.9999976067081605,0.0002909736423540175,7.099964076073669e-08,4.116741305120213e-08,2.5109097344335957e-05,5.926781044482581e-07,3.895638966534191e-08,0.9999600662650624,0.9929643964724266,0.9999980870129604,0.9999978066133502,0.9993698081133505,0.9999139823955131,0.9999986361561958,0.00027959430754765816,3.803701348960946e-08,2.636378030286941e-08,2.5298550781254847e-05,3.890601479406876e-06,1.63566941295732e-08,0.9999819218990461,0.9933604971671941,0.9999988440147363,0.9999984513453141,0.9993329654219573,0.9999289377018795,0.9999992627745458,0.0002737893837039443,1.3647971600645054e-08,1.2039849009178211e-08,2.4620906933645864e-05,1.45645466855406e-06,4.585393222922266e-09
67,3.0019702232114516,0.9999352728831247,0.9924629657993963,0.9999999999977487,0.999999996620483,0.9992269166969898,0.9999404141970636,0.9999993559476712,0.00029109988726869906,4.189599367219187e-09,4.1891706286185336e-09,2.5102227196020516e-05,5.682144150976836e-07,7.234555634241659e-09,0.9999657473976287,0.9929654711025451,0.9999999999974282,0.9999991667066964,0.9993708209493081,0.9999150772542896,0.9999998545473662,0.00027966235179672827,1.173240592958001e-09,7.561874094720546e-09,2.529510074391419e-05,3.8792452179360215e-06,1.1894237642525113e-09,0.9999846788454515,0.9933610722775907,0.9999999999969977,0.999999218572457,0.9993335029534046,0.9999295267969057,0.9999999165859442,0.0002738226112339385,2.347376847129758e-10,6.093442890580611e-09,2.4621619881488076e-05,1.4533021402240259e-06,2.4271908976469296e-10
68,3.046775744486107,0.9999439513484676,0.9924629657993963,0.9999999999977487,0.999999996620483,0.9992269166969898,0.9999404141970636,0.9999993559476712,0.0002912296589006112,3.1414510859486313e-09,3.1410809664214174e-09,2.5114597401005706e-05,5.682004934288804e-07,6.197586085645937e-09,0.9999706203095944,0.9929654711025451,0.9999999999974282,0.9999991667066964,0.9993708209493081,0.9999150772542896,0.9999998545473662,0.00027973059900229395,8.631660571534007e-10,7.2599206637688586e-09,2.530092253759561e-05,3.879762785502211e-06,8.807667592416731e-10,0.9999870153520385,0.9933610722775907,0.9999999999969977,0.999999218572457,0.9993335029534046,0.9999295267969057,0.9999999165859442,0.00027385356889402115,1.6860100472647567e-10,6.030957817812434e-09,2.4624668294269357e-05,1.45356532573661e-06,1.769721907824907e-10
69,3.091581265760763,0.9999514662248181,0.9924629657993963,0.9999999999977487,0.999999996620483,0.9992269166969898,0.9999404141970636,0.9999993559476712,0.00029134215273669806,2.3555271146271336e-09,2.3552077546606667e-09,2.5125430727856747e-05,5.683101293064173e-07,5.421342027820831e-09,0.999974799981649,0.9929654711025451,0.9999999999974282,0.9999991667066964,0.9993708209493081,0.9999150772542896,0.9999998545473662,0.00027978917492466174,6.350407952234481e-10,7.038761165890046e-09,2.5305953936509712e-05,3.880244558673385e-06,6.538573645153362e-10,0.9999889955367169,0.9933610722775907,0.9999999999969977,0.999999218572457,0.9993335029534046,0.9999295267969057,0.9999999165859442,0.00027387981399705193,1.2109814607903957e-10,5.986549689008336e-09,2.462726036588309e-05,1.4537969227799511e-06,1.2979967075980668e-10
70,3.136386787035418,0.999957973523555,0.9924629657993963,0.9999999999977487,0.999999996620483,0.9992269166969898,0.9999404141970636,0.9999993559476712,0.00029143965490040593,1.76622453293923e-09,1.7659491268065228e-09,2.5134902793250625e-05,5.684963119358966e-07,4.840421498734613e-09,0.9999783850368698,0.9929654711025451,0.9999999999974282,0.9999991667066964,0.9993708209493081,0.9999150772542896,0.9999998545473662,0.0002798394454395137,4.672065198995998e-10,6.876901677214043e-09,2.5310297385494373e-05,3.880685629846556e-06,4.870659822723867e-10,0.9999906737392875,0.9933610722775907,0.9999999999969977,0.999999218572457,0.9993335029534046,0.9999295267969057,0.9999999165859442,0.0002739020628091194,8.697908288372333e-11,5.955053403191689e-09,2.46294632809225e-05,1.4539993403281693e-06,9.5960568890952e-11
71,3.1811923083100737,0.9999636083384041,0.9924629657993963,0.9999999999977487,0.999999996620483,0.9992269166969898,0.9999404141970636,0.9999993559476712,0.0002915241526131554,1.3243528696628414e-09,1.3241155241333077e-09,2.5143173284115934e-05,5.687259501817575e-07,4.405808041416486e-09,0.9999814600678217,0.9929654711025451,0.9999999999974282,0.9999991667066964,0.9993708209493081,0.9999150772542896,0.9999998545473662,0.0002798825847500914,3.4372898977528513e-10,6.7585489367370056e-09,2.5314043398051837e-05,3.881084432443948e-06,3.644829790955905e-10,0.9999920960126233,0.9933610722775907,0.9999999999969977,0.999999218572457,0.9993335029534046,0.9999295267969057,0.9999999165859442,0.0002739209230427359,6.247296899686119e-11,5.932770087908709e-09,2.463133465675738e-05,1.4541752985208943e-06,7.169172167061301e-11
72,3.2259978295847294,0.9999684876500309,0.9924629657993963,0.9999999999977487,0.999999996620483,0.9992269166969898,0.9999404141970636,0.9999993559476712,0.0002915973723655183,9.930280585265778e-10,9.92823670520677e-10,2.5150386187973146e-05,5.689761007508275e-07,4.080768272411095e-09,0.9999840976325934,0.9929654711025451,0.9999999999974282,0.9999991667066964,0.9993708209493081,0.9999150772542896,0.9999998545473662,0.0002799196019575162,2.5288520730587084e-10,6.672100870877487e-09,2.531727155526296e-05,3.881441567131965e-06,2.744064645987472e-10,0.9999933013864423,0.9933610722775907,0.9999999999969977,0.999999218572457,0.9993335029534046,0.9999295267969057,0.9999999165859442,0.00027393691022043214,4.4871383378356005e-11,5.9170523196787735e-09,2.4632923811340265e-05,1.4543275900360755e-06,5.429121907936541e-11
73,3.270803350859385,0.9999727127545973,0.9924629657993963,0.9999999999977487,0.999999996620483,0.9992269166969898,0.9999404141970636,0.9999993559476712,0.0002916608134462858,7.445936386623655e-10,7.444177893099236e-10,2.5156670469128822e-05,5.692311788082022e-07,3.837776210453076e-09,0.9999863599668704,0.9929654711025451,0.9999999999974282,0.9999991667066964,0.9993708209493081,0.9999150772542896,0.9999998545473662,0.0002799513640344006,1.8605043359156354e-10,6.609036461577635e-09,2.5320051547142434e-05,3.881758979623167e-06,2.0822980425194958e-10,0.9999943229383528,0.9933610722775907,0.9999999999969977,0.999999218572457,0.9993335029534046,0.9999295267969057,0.9999999165859442,0.0002739504615966604,3.222899486216591e-11,5.90600646264802e-09,2.4634272891608936e-05,1.4544589317118996e-06,4.181924802822249e-11
74,3.3156088721340407,0.9999763713667055,0.9924629657993963,0.9999999999977487,0.999999996620483,0.9992269166969898,0.9999404141970636,0.9999993559476712,0.0002917157773340662,5.583122048551565e-10,5.581610677581047e-10,2.5162141011542877e-05,5.694809000381663e-07,3.6562074355201336e-09,0.9999883004524408,0.9929654711025451,0.9999999999974282,0.9999991667066964,0.9993708209493081,0.9999150772542896,0.9999998545473662,0.0002799786156669781,1.368793528885697e-10,6.563099358195204e-09,2.532244420179148e-05,3.882039391257741e-06,1.5962321108132838e-10,0.9999951887015622,0.9933610722775907,0.9999999999969977,0.999999218572457,0.9993335029534046,0.9999295267969057,0.9999999165859442,0.00027396194799497937,2.3148563770962636e-11,5.8982790888095075e-09,2.4635417868420127e-05,1.4545718774884983e-06,3.288324539921541e-11
75,3.3604143934086963,0.9999795394403823,0.9924629657993963,0.9999999999977487,0.999999996620483,0.9992269166969898,0.9999404141970636,0.9999993559476712,0.0002917633934155016,4.186344076377967e-10,4.1850466943285904e-10,2.5166899703451557e-05,5.697187666542747e-07,3.5206104345407566e-09,0.9999899648767866,0.9929654711025451,0.9999999999974282,0.9999991667066964,0.9993708209493081,0.9999150772542896,0.9999998545473662,0.0002800019963736144,1.0070364627133265e-10,6.529697550372249e-09,2.5324502467930128e-05,3.882285910513524e-06,1.2393168574638729e-10,0.9999959224341577,0.9933610722775907,0.9999999999969977,0.999999218572457,0.9993335029534046,0.9999295267969057,0.9999999165859442,0.0002739716838682856,1.6626518717280183e-11,5.89290375708358e-09,2.463638940758313e-05,1.4546687724116703e-06,2.6483603179550965e-11
76,3.405219914683352,0.9999822827459104,0.9924629657993963,0.9999999999977487,0.999999996620483,0.9992269166969898,0.9999404141970636,0.9999993559476712,0.00029180464145726193,3.1390101261088975e-10,3.1378980418304015e-10,2.5171036577446255e-05,5.699409573722463e-07,3.4194106918282344e-09,0.9999913925134798,0.9929654711025451,0.9999999999974282,0.9999991667066964,0.9993708209493081,0.9999150772542896,0.9999998545473662,0.0002800220552618251,7.408877990475011e-11,6.505461956885252e-09,2.5326272331253053e-05,3.882501773296855e-06,9.773211909978486e-11,0.9999965442710708,0.9933610722775907,0.9999999999969977,0.999999218572457,0.9993335029534046,0.9999295267969057,0.9999999165859442,0.00027397993584440516,1.1942041684693345e-11,5.889191117310793e-09,2.4637213628034484e-05,1.4547517336089643e-06,2.1902862304967948e-11
77,3.4500254359580076,0.9999846582352417,0.9924629657993963,0.9999999999977487,0.999999996620483,0.9992269166969898,0.9999404141970636,0.9999993559476712,0.0002918403712146497,2.3536967674093636e-10,2.352745136596008e-10,2.5174630948378725e-05,5.701455169040736e-07,3.343939224166753e-09,0.9999926170488773,0.9929654711025451,0.9999999999974282,0.9999991667066964,0.9993708209493081,0.9999150772542896,0.9999998545473662,0.00028003926374027625,5.450792929010222e-11,6.487921894290093e-09,2.532779365443096e-05,3.88269017425584e-06,7.850748600893097e-11,0.999997071276616,0.9933610722775907,0.9999999999969977,0.999999218572457,0.9993335029534046,0.9999295267969057,0.9999999165859442,0.00027398692998325635,8.577403076580864e-12,5.8866501088455206e-09,2.463791275867144e-05,1.4548226485047914e-06,1.8626139884135373e-11
78,3.4948309572326632,0.9999867152243397,0.9924629657993963,0.9999999999977487,0.999999996620483,0.9992269166969898,0.9999404141970636,0.9999993559476712,0.0002918713195244481,1.7648520446050073e-10,1.764039354019304e-10,2.5177752511750456e-05,5.70331767116637e-07,3.287704359890721e-09,0.9999936673769801,0.9929654711025451,0.9999999999974282,0.9999991667066964,0.9993708209493081,0.9999150772542896,0.9999998545473662,0.00028005402646123035,4.010208172639119e-11,6.4752665040928515e-09,2.5329100937462596e-05,3.882854161895594e-06,6.440717904184904e-11,0.9999975179127658,0.9933610722775907,0.9999999999969977,0.999999218572457,0.9993335029534046,0.9999295267969057,0.9999999165859442,0.0002739928579368449,6.160742136069684e-12,5.884931472809914e-09,2.463850570536136e-05,1.454883183601482e-06,1.6283987737227692e-11
79,3.539636478507319,0.9999884964169947,0.9924629657993963,0.9999999999977487,0.999999996620483,0.9992269166969898,0.9999404141970636,0.9999993559476712,0.0002918981251915372,1.3233237010409676e-10,1.3226313218916449e-10,2.5180462379507003e-05,5.704998818632973e-07,3.24584588009402e-09,0.9999945682812138,0.9929654711025451,0.9999999999974282,0.9999991667066964,0.9993708209493081,0.9999150772542896,0.9999998545473662,0.00028006669073637916,2.950354102282499e-11,6.46616939370274e-09,2.5330223999055734e-05,3.882996577871696e-06,5.4070711509810615e-11,0.9999978964360131,0.9933610722775907,0.9999999999969977,0.999999218572457,0.9993335029534046,0.9999295267969057,0.9999999165859442,0.0002739978821779554,4.424968817471058e-12,5.883787274207759e-09,2.4639008538840336e-05,1.4549347993171054e-06,1.461136047278864e-11
80,3.584441999781974,0.9999900387913696,0.9924629657993963,0.9999999999977487,0.999999996620483,0.9992269166969898,0.9999404141970636,0.9999993559476712,0.0002919213419416256,9.922563247560573e-11,9.916681259580002e-11,2.5182814040517632e-05,5.706505823498459e-07,3.2147258751586703e-09,0.9999953410192143,0.9929654711025451,0.9999999999974282,0.9999991667066964,0.9993708209493081,0.9999150772542896,0.9999998545473662,0.00028007755463456093,2.170607798842193e-11,6.4596597615125355e-09,2.5331188582715574e-05,3.883120026471025e-06,4.649803807121592e-11,0.9999982172337112,0.9933610722775907,0.9999999999969977,0.999999218572457,0.9993335029534046,0.9999295267969057,0.9999999165859442,0.00027400214043676467,3.1782449370993792e-12,5.883041908721383e-09,2.4639434913548333e-05,1.454978767874125e-06,1.341815274752848e-11
81,3.6292475210566297,0.999991374367679,0.9924629657993963,0.9999999999977487,0.999999996620483,0.9992269166969898,0.9999404141970636,0.9999993559476712,0.0002919414496861268,7.440149405416192e-11,7.435169538291176e-11,2.5184854239860944e-05,5.707849209789881e-07,3.1916220928069458e-09,0.9999960038244217,0.9929654711025451,0.9999999999974282,0.9999991667066964,0.9993708209493081,0.9999150772542896,0.9999998545473662,0.000280086873942624,1.5969398690133186e-11,6.455027701100121e-09,2.5332016892333765e-05,3.883226864264908e-06,4.095416890336941e-11,0.9999984891091214,0.9933610722775907,0.9999999999969977,0.999999218572457,0.9993335029534046,0.9999295267969057,0.9999999165859442,0.0002740057494636392,2.282782175991557e-12,5.882571346200538e-09,2.463979642639553e-05,1.4550161922717916e-06,1.2568044821290332e-11
82,3.6740530423312854,0.9999925308729395,0.9924629657993963,0.9999999999977487,0.999999996620483,0.9992269166969898,0.9999404141970636,0.9999993559476712,0.00029195886431185574,5.5787825377116016e-11,5.574583837119368e-11,2.5186623775994594e-05,5.709041298941849e-07,3.1744981187515057e-09,0.999996572336314,0.9929654711025451,0.9999999999974282,0.9999991667066964,0.9993708209493081,0.9999150772542896,0.9999998545473662,0.00028009486814870683,1.1748860706877889e-11,6.451754634509722e-09,2.5332728063338805e-05,3.8833192029059396e-06,3.6899011111612806e-11,0.9999987195229899,0.9933610722775907,0.9999999999969977,0.999999218572457,0.9993335029534046,0.9999295267969057,0.9999999165859442,0.00027400880822250017,1.6396136856026539e-12,5.882288279817927e-09,2.4640102923557634e-05,1.4550480251084535e-06,1.1963314463104982e-11
83,3.718858563605941,0.9999935323165919,0.9924629657993963,0.9999999999977487,0.999999996620483,0.9992269166969898,0.9999404141970636,0.9999993559476712,0.0002919739461851,4.1830899512241477e-11,4.179567680123897e-11,2.5188158217800806e-05,5.710095166120689e-07,3.1618311526246317e-09,0.9999970599694348,0.9929654711025451,0.9999999999974282,0.9999991667066964,0.9993708209493081,0.9999150772542896,0.9999998545473662,0.0002801017255821809,8.643764596210365e-12,6.4494622187293895e-09,2.5333338575327286e-05,3.883398920093855e-06,3.393576754610938e-11,0.9999989147982845,0.9933610722775907,0.9999999999969977,0.999999218572457,0.9993335029534046,0.9999295267969057,0.9999999165859442,0.00027401140059772443,1.177656247937951e-12,5.882131508198852e-09,2.4640362762414012e-05,1.4550750865008428e-06,1.1533933265914458e-11
84,3.7636640848805967,0.9999943994889459,0.9924629657993963,0.9999999999977487,0.999999996620483,0.9992269166969898,0.9999404141970636,0.9999993559476712,0.0002919870075352225,3.1365698821834915e-11,3.1336333464398035e-11,2.518948854553033e-05,5.711023937296103e-07,3.152482956788817e-09,0.999997478229921,0.9929654711025451,0.9999999999974282,0.9999991667066964,0.9993708209493081,0.9999150772542896,0.9999998545473662,0.0002801076078287161,6.359311355196143e-12,6.447874830669908e-09,2.5333862612346268e-05,3.8834676752950494e-06,3.177298634088562e-11,0.9999990802937078,0.9933610722775907,0.9999999999969977,0.999999218572457,0.9993335029534046,0.9999295267969057,0.9999999165859442,0.0002740135976902087,8.458541422236988e-13,5.882058350466392e-09,2.464058303502751e-05,1.455098080683058e-06,1.1229739459119879e-11
85,3.8084696061552523,0.9999951503927932,0.9924629657993963,0.9999999999977487,0.999999996620483,0.9992269166969898,0.9999404141970636,0.9999993559476712,0.0002919983188641448,2.3518668199578862e-11,2.3494374854997953e-11,2.5190641720949214e-05,5.711840331129577e-07,3.145603165539988e-09,0.9999978369870005,0.9929654711025451,0.9999999999974282,0.9999991667066964,0.9993708209493081,0.9999150772542896,0.9999998545473662,0.0002801126535220763,4.678614105954249e-12,6.446792031324734e-09,2.5334312376517402e-05,3.883526927869635e-06,3.01966515778222e-11,0.9999992205507493,0.9933610722775907,0.9999999999969977,0.999999218572457,0.9993335029534046,0.9999295267969057,0.9999999165859442,0.0002740154597645895,6.075364547443084e-13,5.882039233370579e-09,2.464076975851901e-05,1.455117611090452e-06,1.1014819749979105e-11
86,3.853275127429908,0.999995800617152,0.9924629657993963,0.9999999999977487,0.999999996620483,0.9992269166969898,0.9999404141970636,0.9999993559476712,0.00029200811450673153,1.7634797374441287e-11,1.761489599871077e-11,2.519164119226439e-05,5.712556375201925e-07,3.1405568488208197e-09,0.9999981447058656,0.9929654711025451,0.9999999999974282,0.9999991667066964,0.9993708209493081,0.9999150772542896,0.9999998545473662,0.00028011698160008535,3.4421067786600488e-12,6.446068362561628e-09,2.5334698360536123e-05,3.8835779560212635e-06,2.9049659712760107e-11,0.9999993394183126,0.9933610722775907,0.9999999999969977,0.999999218572457,0.9993335029534046,0.9999295267969057,0.9999999165859442,0.000274017037899774,4.3636419965631804e-13,5.8820538331794964e-09,2.4640928037108144e-05,1.4551341938731733e-06,1.0863477234929384e-11
87,3.8980806487045636,0.9999963636609004,0.9924629657993963,0.9999999999977487,0.999999996620483,0.9992269166969898,0.9999404141970636,0.9999993559476712,0.00029201659745483217,1.3222945655667187e-11,1.3206847383543797e-11,2.519250733985133e-05,5.71318324493566e-07,3.1368702538493717e-09,0.9999984086474163,0.9929654711025451,0.9999999999974282,0.9999991667066964,0.9993708209493081,0.9999150772542896,0.9999998545473662,0.00028012069409925975,2.5323948572081725e-12,6.445598530741799e-09,2.533502958380924e-05,3.883621875591618e-06,2.8216728426489224e-11,0.9999994401583358,0.9933610722775907,0.9999999999969977,0.999999218572457,0.9993335029534046,0.9999295267969057,0.9999999165859442,0.0002740183753883254,3.134193278512453e-13,5.882088329762136e-09,2.4641062200011614e-05,1.4551482698721364e-06,1.075733802829857e-11
88,3.9428861699792193,0.9999968512130173,0.9924629657993963,0.9999999999977487,0.999999996620483,0.9992269166969898,0.9999404141970636,0.9999993559476712,0.0002920239435407239,9.914845268555177e-12,9.902040188514492e-12,2.5193257868549347e-05,5.713731187597755e-07,3.134190169426411e-09,0.9999986350395883,0.9929654711025451,0.9999999999974282,0.9999991667066964,0.9993708209493081,0.9999150772542896,0.9999998545473662,0.0002801238785545378,1.863109901966252e-12,6.445306546786251e-09,2.5335313796955018e-05,3.883659657994002e-06,2.761330098674378e-11,0.9999995255353047,0.9933610722775907,0.9999999999969977,0.999999218572457,0.9993335029534046,0.9999295267969057,0.9999999165859442,0.0002740195089230439,2.2511389850850078e-13,5.882133455651795e-09,2.4641175918706292e-05,1.4551602151430595e-06,1.0683275366719373e-11
89,3.987691691253875,0.9999972733952497,0.9924629657993963,0.9999999999977487,0.999999996620483,0.9992269166969898,0.9999404141970636,0.9999993559476712,0.00029203030506409934,7.434361173599092e-12,7.424407741899094e-12,2.51939081521423e-05,5.714209504083459e-07,3.132253498336453e-09,0.999998829224306,0.9929654711025451,0.9999999999974282,0.9999991667066964,0.9993708209493081,0.9999150772542896,0.9999998545473662,0.0002801266100581949,1.370709701202451e-12,6.4451377712420395e-09,2.5335557658459785e-05,3.88369214699291e-06,2.7177389148384287e-11,0.9999995978921159,0.9933610722775907,0.9999999999969977,0.999999218572457,0.9993335029534046,0.9999295267969057,0.9999999165859442,0.00027402046960285257,1.6168833628847635e-13,5.88218311286694e-09,2.464127230648453e-05,1.4551703501494567e-06,1.0631920521826863e-11
90,4.03249721252853,0.9999976389722439,0.9924629657993963,0.9999999999977487,0.999999996620483,0.9992269166969898,0.9999404141970636,0.9999993559476712,0.00029203581393682495,5.57444142208214e-12,5.566957296167724e-12,2.519447153515934e-05,5.714626568844817e-07,3.1308644783736295e-09,0.9999989957835306,0.9929654711025451,0.9999999999974282,0.9999991667066964,0.9993708209493081,0.9999150772542896,0.9999998545473662,0.00028012895302729617,1.0084455501752919e-12,6.445053091609452e-09,2.533576688734619e-05,3.883720074060724e-06,2.686357709979639e-11,0.9999996592143692,0.9933610722775907,0.9999999999969977,0.999999218572457,0.9993335029534046,0.9999295267969057,0.9999999165859442,0.00027402128378537725,1.1613280017947038e-13,5.882233394759062e-09,2.4641354003123283e-05,1.4551789477446773e-06,1.0596594894590045e-11
91,4.077302733803186,0.999997955533502,0.9924629657993963,0.9999999999977487,0.999999996620483,0.9992269166969898,0.9999404141970636,0.9999993559476712,0.0002920405844082039,4.179834045459858e-12,4.174488146399005e-12,2.5194959596995048e-05,5.714989873890654e-07,3.129877633606172e-09,0.9999991386473748,0.9929654711025451,0.9999999999974282,0.9999991667066964,0.9993708209493081,0.9999150772542896,0.9999998545473662,0.0002801309627204305,7.419239128167704e-13,6.445024664209452e-09,2.5335946394705412e-05,3.883744072317807e-06,2.6638614575323124e-11,0.9999997111848566,0.9933610722775907,0.9999999999969977,0.999999218572457,0.9993335029534046,0.9999295267969057,0.9999999165859442,0.000274021973809267,8.341245305750743e-14,5.882281896441537e-09,2.464142324675704e-05,1.455186240077625e-06,1.0572544374857655e-11
92,4.122108255077841,0.9999982296509432,0.9924629657993963,0.9999999999977487,0.999999996620483,0.9992269166969898,0.9999404141970636,0.9999993559476712,0.00029204471542755285,3.1341278026238864e-12,3.1306334418001937e-12,2.519538238251818e-05,5.715306086973885e-07,3.1291850180853827e-09,0.9999992611868381,0.9929654711025451,0.9999999999974282,0.9999991667066964,0.9993708209493081,0.9999150772542896,0.9999998545473662,0.00028013268653910914,5.458410865289397e-13,6.445032803384662e-09,2.5336100397142286e-05,3.883764689011302e-06,2.64781784966057e-11,0.9999997552297413,0.9933610722775907,0.9999999999969977,0.999999218572457,0.9993335029534046,0.9999295267969057,0.9999999165859442,0.0002740225586073671,5.991101002234776e-14,5.882327230506676e-09,2.4641481934830917e-05,1.455192424543929e-06,1.0556390593266342e-11
93,4.166913776352497,0.9999984670153381,0.9924629657993963,0.9999999999977487,0.999999996620483,0.9992269166969898,0.9999404141970636,0.9999993559476712,0.0002920482926906543,2.3500350632604964e-12,2.348143990616583e-12,2.5195748603324314e-05,5.715581116996666e-07,3.1287066744642676e-09,0.9999993662933483,0.9929654711025451,0.9999999999974282,0.9999991667066964,0.9993708209493081,0.9999150772542896,0.9999998545473662,0.0002801341651444369,4.0158085963279634e-13,6.445063711721034e-09,2.5336232514517425e-05,3.883782396615756e-06,2.6364493768678114e-11,0.9999997925576933,0.9933610722775907,0.9999999999969977,0.999999218572457,0.9993335029534046,0.9999295267969057,0.9999999165859442,0.0002740230542256411,4.303106517075897e-14,5.882368688518431e-09,2.4641531675884546e-05,1.4551976689045027e-06,1.0545737776866216e-11
94,4.211719297627153,0.9999986725544522,0.9924629657993963,0.9999999999977487,0.999999996620483,0.9992269166969898,0.9999404141970636,0.9999993559476712,0.00029205139041337355,1.7621056986424098e-12,1.7616029489277885e-12,2.519606581311473e-05,5.715820181955592e-07,3.1283835000670465e-09,0.9999994564469866,0.9929654711025451,0.9999999999974282,0.9999991667066964,0.9993708209493081,0.9999150772542896,0.9999998545473662,0.0002801354334150486,2.9544708145910297e-13,6.445107826326723e-09,2.533634585394241e-05,3.883797602672083e-06,2.6284585696902082e-11,0.9999998241930583,0.9933610722775907,0.9999999999969977,0.999999218572457,0.9993335029534046,0.9999295267969057,0.9999999165859442,0.00027402347426331566,3.090702524995903e-14,5.882406005780854e-09,2.464157383352067e-05,1.4552021156714043e-06,1.0538891215899875e-11
95,4.256524818901808,0.999998850535347,0.9924629657993963,0.9999999999977487,0.999999996620483,0.9992269166969898,0.9999404141970636,0.9999993559476712,0.00029205407286864415,1.3212638070525128e-12,1.3219632370706991e-12,2.5196340560386187e-05,5.716027876219238e-07,3.128171915395786e-09,0.9999995337750084,0.9929654711025451,0.9999999999974282,0.9999991667066964,0.9993708209493081,0.9999150772542896,0.9999998545473662,0.00028013652126934177,2.173633438129684e-13,6.4451586160389106e-09,2.5336443082192667e-05,3.8838106584033074e-06,2.6228996691938526e-11,0.9999998510039672,0.9933610722775907,0.9999999999969977,0.999999218572457,0.9993335029534046,0.9999295267969057,0.9999999165859442,0.0002740238302459609,2.2198923282444744e-14,5.8824391990833966e-09,2.4641609563595224e-05,1.4552058858643665e-06,1.0534655766833296e-11
96,4.301330340176464,0.9999990046529663,0.9924629657993963,0.9999999999977487,0.999999996620483,0.9992269166969898,0.9999404141970636,0.9999993559476712,0.00029205639571770303,9.907112307044296e-13,9.92451654918304e-13,2.519657852134537e-05,5.716208235128354e-07,3.1280398817505232e-09,0.9999996001020371,0.9929654711025451,0.9999999999974282,0.9999991667066964,0.9993708209493081,0.9999150772542896,0.9999998545473662,0.0002801374543707005,1.599163229971107e-13,6.445211708416413e-09,2.5336526487908384e-05,3.883821866302896e-06,2.619084421335845e-11,0.999999873726159,0.9933610722775907,0.9999999999969977,0.999999218572457,0.9993335029534046,0.9999295267969057,0.9999999165859442,0.0002740241319417044,1.594432483320379e-14,5.882468455841868e-09,2.4641639845881126e-05,1.4552090822209288e-06,1.0532191732804689e-11
97,4.346135861451119,0.9999991381068439,0.9924629657993963,0.9999999999977487,0.999999996620483,0.9992269166969898,0.9999404141970636,0.9999993559476712,0.00029205840716274627,7.428559272956786e-13,7.454977715586828e-13,2.5196784615417577e-05,5.71636479569906e-07,3.1279639284103557e-09,0.9999996569931179,0.9929654711025451,0.9999999999974282,0.9999991667066964,0.9993708209493081,0.9999150772542896,0.9999998545473662,0.00028013825473238176,1.1765195622260568e-13,6.445264257670003e-09,2.5336598034993467e-05,3.8838314867317146e-06,2.6165129470176605e-11,0.9999998929831712,0.9933610722775907,0.9999999999969977,0.999999218572457,0.9993335029534046,0.9999295267969057,0.9999999165859442,0.0002740243876290546,1.1451959171567964e-14,5.882494059280688e-09,2.4641665510878448e-05,1.455211791935152e-06,1.0530911862926724e-11
98,4.390941382725774,0.9999992536675277,0.9924629657993963,0.9999999999977487,0.999999996620483,0.9992269166969898,0.9999404141970636,0.9999993559476712,0.0002920601489464966,5.570087948993786e-13,5.604311988518378e-13,2.519696310563808e-05,5.716500652745039e-07,3.1279269350139298e-09,0.9999997057906463,0.9929654711025451,0.9999999999974282,0.9999991667066964,0.9993708209493081,0.9999150772542896,0.9999998545473662,0.00028013894123654013,8.655762991380316e-14,6.445314488400719e-09,2.533665940866724e-05,3.883839743675643e-06,2.6148230351932726e-11,0.9999999093034507,0.9933610722775907,0.9999999999969977,0.999999218572457,0.9993335029534046,0.9999295267969057,0.9999999165859442,0.0002740246043241377,8.225319550158642e-15,5.882516338774648e-09,2.4641687262483184e-05,1.4552140889932553e-06,1.0530407807097209e-11
99,4.43574690400043,0.9999993537340965,0.9924629657993963,0.9999999999977487,0.999999996620483,0.9992269166969898,0.9999404141970636,0.9999993559476712,0.0002920616572174075,4.1765670478660014e-13,4.2175501275162023e-13,2.5197117685881832e-05,5.716618510157785e-07,3.127916478688517e-09,0.9999997476460436,0.9929654711025451,0.9999999999974282,0.9999991667066964,0.9993708209493081,0.9999150772542896,0.9999998545473662,0.0002801395300796287,6.368122081585167e-14,6.445361367423912e-09,2.5336712054859316e-05,3.883846829751566e-06,2.613752968394017e-11,0.9999999231348552,0.9933610722775907,0.9999999999969977,0.999999218572457,0.9993335029534046,0.9999295267969057,0.9999999165859442,0.00027402478797316246,5.907789028092959e-15,5.882535637642619e-09,2.4641705697350677e-05,1.4552160361624076e-06,1.0530397660921183e-11
