,t,true_cdf_0.3,Standard_beran_cdf_0.3,True_proba_cdf_0.3,LogisticRegression_cdf_0.3,NN_BCE_cdf_0.3,Standard_beran_mise_0.3,True_proba_mise_0.3,LogisticRegression_mise_0.3,NN_BCE_mise_0.3,true_cdf_0.5,Standard_beran_cdf_0.5,True_proba_cdf_0.5,LogisticRegression_cdf_0.5,NN_BCE_cdf_0.5,Standard_beran_mise_0.5,True_proba_mise_0.5,LogisticRegression_mise_0.5,NN_BCE_mise_0.5,true_cdf_0.7,Standard_beran_cdf_0.7,True_proba_cdf_0.7,LogisticRegression_cdf_0.7,NN_BCE_cdf_0.7,Standard_beran_mise_0.7,True_proba_mise_0.7,LogisticRegression_mise_0.7,NN_BCE_mise_0.7
0,0.18321905103358893,1.2001917537450083e-06,0.0,0.0,0.0,0.0,1.440460245757518e-12,1.440460245757518e-12,1.440460245757518e-12,1.440460245757518e-12,8.641048994872814e-08,0.0,0.0,0.0,0.0,7.466772773179233e-15,7.466772773179233e-15,7.466772773179233e-15,7.466772773179233e-15,3.3592943665267506e-09,0.0,1.8266721468762625e-13,7.40951761080133e-08,2.9961482305163046e-07,1.1284858640978388e-17,1.1283632816868227e-17,1.5432666444626223e-13,3.1349916423368036e-12
1,0.21449748117103454,1.9926063378331075e-06,0.0,0.0,0.0,0.0,3.970480017572671e-12,3.970480017572671e-12,3.970480017572671e-12,3.970480017572671e-12,1.510266570418458e-07,0.0,7.205424035205965e-12,1.2103466709656452e-07,9.64462453079129e-07,2.280905113723532e-14,2.2806875345140893e-14,1.2047386930256218e-13,2.7173495404322464e-11,6.221233535957957e-09,0.0,1.1566895108394704e-10,3.7290490833519207e-06,2.919512086242304e-05,3.8703746708927975e-17,3.7315962172993435e-17,2.953961054487175e-11,2.8328044195182345e-09
2,0.24577591130848014,3.2737654801878893e-06,0.0,1.9804857753769057e-12,1.736133999896694e-09,6.902473280723242e-09,1.0717540419269856e-11,1.0717527452165383e-11,1.0706358146362005e-11,1.0675015025015645e-11,2.611969414600397e-07,0.0,8.633420844894601e-10,3.610649369309993e-06,2.3722505811408777e-05,6.822384222807929e-14,6.777454828362548e-14,2.093211040614111e-11,1.4204674961110988e-09,1.1400081899523752e-08,0.0,3.095622804760723e-09,2.4883409072011808e-05,0.0001748949276505285,1.299618673158493e-16,7.725913821487509e-17,8.129056613771947e-10,8.296601083108903e-08
3,0.2770543414459258,5.322741861913485e-06,3.358543896780919e-07,1.883200548835617e-09,1.3599755186244344e-06,9.2870750945806e-06,3.603606559627658e-11,2.8311547323019298e-11,2.0776152551792444e-11,4.488466840226123e-10,4.47007756939572e-07,0.0,2.2570475834982063e-08,3.019738358134405e-05,0.00021342462678017093,1.998159347641472e-13,1.8033103267417504e-13,1.0901230046185004e-09,8.982847916362009e-08,2.0670284350441648e-08,0.0,2.6252053744180158e-08,7.384387865970732e-05,0.0004787369013108156,4.272606551281124e-16,1.809488564595068e-16,6.311242133201856e-09,4.360553984559696e-07
4,0.30833277158337136,8.56430196957947e-06,3.464041632228465e-07,7.545527808017205e-08,1.9708204291354336e-05,0.000144809984460863,7.870479539021189e-11,7.206496043065521e-11,3.989718446256202e-10,4.588217843763609e-08,7.570070842980586e-07,0.0,1.8290759737693562e-07,9.891927895961827e-05,0.0007041634325004542,5.730597256774473e-13,3.3614077596900186e-13,1.0719832101536887e-08,8.298457774702313e-07,3.7084815114933154e-08,0.0,9.247793476885313e-08,0.00014028060637521155,0.0008826430367475191,1.3752835121087726e-15,4.4373639899959485e-15,2.1609087401282156e-08,1.3869698076094723e-06
5,0.339611201720817,1.363718048714477e-05,3.464041632228465e-07,6.871164438526644e-07,8.883959338549796e-05,0.0006819972386652584,1.8781568632701426e-10,1.6791172195020853e-10,7.704238397501778e-09,8.309648295606556e-07,1.2686108817071592e-06,0.0,7.656072219874855e-07,0.00021089920096832416,0.0014433696014644881,1.6093735691858168e-12,3.2333671388518733e-13,4.7129226114219604e-08,3.1254845345512177e-06,6.583568294181466e-08,0.0,2.2038103379418138e-07,0.00021922740224325832,0.0013094015659842152,4.3343371484151436e-15,3.021569838501356e-14,5.2193096911362254e-08,2.9021373823418553e-06
6,0.3708896318582626,2.1490225808614448e-05,3.464041632228465e-07,2.9916489144488077e-06,0.00022585591629517232,0.0016361122982621213,4.5823214480662236e-10,3.448521948881247e-10,5.0656915156821597e-08,4.140029993988447e-06,2.1038099772030814e-06,0.0,2.120312096379751e-06,0.00036493820091185734,0.0023732382293370547,4.426016420179234e-12,5.246787142602316e-13,1.396689109464458e-07,8.17121364418137e-06,1.1565028656362603e-07,0.0,4.5381042351078094e-07,0.00031226728218871957,0.0017906923672157881,1.3374988782248789e-14,1.4308254503529507e-13,1.0488726845493366e-07,5.237149705306814e-06
7,0.4021680619957082,3.351577740504716e-05,3.464041632228465e-07,8.216582232553061e-06,0.0004255436413024449,0.002881634383587538,1.1113782722899404e-09,6.527846291397362e-10,1.752855227963598e-07,1.1108127953614561e-05,3.4525539642383035e-06,0.0,4.496991997210431e-06,0.0005471065368757876,0.0033978601072949554,1.192012887597762e-11,2.4725308125727437e-12,3.0972033945329366e-07,1.6330216571350383e-05,2.0102821973972128e-07,0.0,8.031349361825591e-07,0.000408725464621742,0.002249801083029216,4.04123451317217e-14,4.4714527694355583e-13,1.7773354191907024e-07,7.944341790301801e-06
8,0.43344649213315384,5.1731867712654865e-05,5.659834459526003e-06,1.8945549666145034e-05,0.0006941940127916024,0.004504115206483731,4.579608961220248e-09,1.1355435483991825e-09,4.6086901655304936e-07,2.582022507757987e-05,5.60708264725518e-06,3.141498213363736e-06,8.483900850833059e-06,0.0007580627604738887,0.004500634108465834,9.831111980328368e-10,1.2785826594808946e-11,5.926836205291882e-07,2.782656710534199e-05,3.4577797408749445e-07,0.0,1.3980604968122367e-06,0.000529636597557791,0.0027949264706354517,1.195624073640522e-13,1.3771245524778332e-12,3.002842330051347e-07,1.2319583917272594e-05
9,0.46472492227059947,7.902721344869592e-05,1.1699811652061687e-05,3.691253243053527e-05,0.001038501304663394,0.006490088447525421,1.0533236327878913e-08,1.9681765027303216e-09,1.01256353669474e-06,5.184434626981845e-05,9.011621489810467e-06,3.7464976084988777e-06,1.4557226465456984e-05,0.0009999809856845309,0.005706807908925601,1.0371888144232175e-09,4.3093267287197854e-11,1.02455508104721e-06,4.3393581520782424e-05,5.885358203519699e-07,0.0,2.283957845942153e-06,0.0006611305135431033,0.0033143711170723934,3.4637441183736647e-13,3.460230531948236e-12,4.604260331855191e-07,1.658146243222199e-05
10,0.49600335240804505,0.00011948529587738168,1.1699811652061687e-05,7.127203042833207e-05,0.0015079989869310017,0.00897527217395468,1.761796790488023e-08,2.869005961380953e-09,2.1011640387635812e-06,9.641736799443104e-05,1.4333286872440346e-05,3.7464976084988777e-06,2.4810001366312172e-05,0.0012982834883973294,0.00703385303528414,1.1215473918567641e-09,1.457039817564647e-10,1.7188758947233682e-06,6.409996537558263e-05,9.912639460215197e-07,0.0,3.7813165286504357e-06,0.0008174834934089292,0.003948766819150648,9.82604210682153e-13,9.436536816375093e-12,7.028252291964237e-07,2.346770713500505e-05
11,0.5272817825454907,0.0001788058580526563,0.0001374041274826754,0.00012111343105605465,0.002019640109089721,0.011636133520103162,4.709041351456212e-07,4.504188455015271e-09,3.6660423135382316e-06,0.00016077817841418055,2.256177585599739e-05,4.226176711054519e-05,4.000464336159637e-05,0.0016286397164348022,0.008419934666172926,1.227780891082032e-07,3.981496134937813e-10,2.691142030623779e-06,8.979505196349747e-05,1.6521611170426506e-06,4.239208487256674e-06,6.2420578601463105e-06,0.0010019482175743111,0.004584292254438519,1.7255243355670156e-09,2.5585387906408384e-11,1.0522504252373311e-06,3.0379042157110883e-05
12,0.5585602126829363,0.0002648434984380013,0.00028145081360652193,0.000198622371977476,0.0026377403788868103,0.014520697050041588,1.01777290653577e-06,7.273882367844499e-09,6.073611020186272e-06,0.0002440151629322071,3.514743256010475e-05,7.418448191252369e-05,6.236677789783095e-05,0.002016967324065406,0.010005728919819714,1.534275309485429e-07,9.300411455997913e-10,4.0785805352914425e-06,0.00012542341556596925,2.7250112863613784e-06,4.239208487256674e-06,9.680007212127251e-06,0.001209121325844391,0.005289059953172556,1.7211243146344865e-09,5.956512310308814e-11,1.5286783879966462e-06,4.008720123841325e-05
13,0.5898386428203819,0.00038828323770719806,0.000492173138406774,0.00036801331621290844,0.0034096578882404347,0.0178056629759108,2.0148712530720607e-06,3.095716727533249e-07,9.937676218776793e-06,0.0003620943411402547,5.4189536592243734e-05,0.00010716991650939866,9.584945305769921e-05,0.00247011908239568,0.011712772136048542,2.1091392707602058e-07,2.2014445474334947e-09,6.0584351264937415e-06,0.0001704150981164908,4.447782104587312e-06,4.239208487256674e-06,1.4879917264628562e-05,0.0014272731505922942,0.005971207151444814,1.718875024425137e-09,1.365295851084845e-10,2.134178919691735e-06,5.031928740318665e-05
14,0.6211170729578275,0.0005634714066543899,0.0006498944801982142,0.0005304336833370337,0.004238113578729541,0.02112810437952746,2.5598900050733034e-06,3.0925684345006e-07,1.4718177840146003e-05,0.0004946887754663399,8.26890372086821e-05,0.0001722637969756746,0.00014465887691684777,0.0029789844175967294,0.013513590119028336,4.456300699245366e-07,4.53885282512278e-09,8.668947607033129e-06,0.00022347409951197327,7.184305673124837e-06,6.31718379356272e-06,2.347090839016852e-05,0.0017041040686391307,0.006845648231763779,2.12944563670386e-09,3.2531395654369245e-10,3.0429683375765535e-06,6.560669391072488e-05
15,0.652395503095273,0.0008094163092647995,0.0007383121275616244,0.0007343937900486297,0.005140763876886433,0.02446788716080702,2.751144200648511e-06,3.0511018002154405e-07,2.0281975878306825e-05,0.0006406137032313187,0.00012488227305576684,0.00017904007026362412,0.00021027461579718688,0.00354746209876898,0.01537505043233144,4.415234125795821e-07,8.682777896055475e-09,1.2073965287871988e-05,0.00028297785830428573,1.1484163883496582e-05,6.31718379356272e-06,3.630835249935349e-05,0.0020328816139559523,0.00781261033699365,2.155391419599607e-09,7.351863801680317e-10,4.302899813480154e-06,8.505316858379298e-05
16,0.6836739332327187,0.0011509662031366833,0.0011499834059021264,0.0010772748826365442,0.0063411763942784445,0.02888105798546943,4.649464465322162e-06,3.334786658360008e-07,2.924543968499934e-05,0.000880695425717152,0.00018667419229426535,0.00034506576142717904,0.0003118381594302377,0.004214864165399865,0.01748326296436573,6.915644362360491e-07,1.9517007261795336e-08,1.671422107916151e-05,0.0003605221459106858,1.8167485093003968e-05,1.2787658690474046e-05,5.4481541991763247e-05,0.0023829549838864593,0.008738024680193478,4.352417191002371e-09,1.6317827871827611e-09,5.860247524448576e-06,0.00010404983145484716
17,0.7149523633701643,0.0016201616201500515,0.001827669670340919,0.001591350815236452,0.007742891825876572,0.03373674102640317,6.554282803498096e-06,4.2510590939813244e-07,4.0412105952807284e-05,0.0011765832346428814,0.000276190839122137,0.000521337617581894,0.00045170098367196097,0.004976016411140639,0.019805320639407528,9.96301464924384e-07,3.8243363718047796e-08,2.2717682229625867e-05,0.0004592787485175788,2.8443241341815092e-05,0.00013744287590555126,8.252228466270273e-05,0.002785573789988106,0.009756176917460528,4.414411843135584e-07,3.667139040117224e-09,7.965990379202822e-06,0.00012821500314310556
18,0.74623079350761,0.0022577445004796593,0.0021738195523153393,0.0022204298768139286,0.009162979319308066,0.03833115397206679,8.11881143758652e-06,6.757738501067089e-07,5.123843421975033e-05,0.0014746424614537998,0.0004044709122070146,0.0006869556570922963,0.0006183695192290084,0.005749360245668182,0.021943635738728883,1.1917779748820327e-06,5.888559806701153e-08,2.938673745889223e-05,0.0005537943313889401,4.4071785168640464e-05,0.00018771542682676444,0.0001187545381624655,0.0032280482838503754,0.010806731456390757,5.215688578410913e-07,7.130718289813046e-09,1.0650320536379492e-05,0.00015594961857131118
19,0.7775092236450556,0.003114787898969004,0.002725842168413506,0.0030396997153958405,0.010850584842051939,0.04344690487404366,1.0926457035082235e-05,8.147960659565754e-07,6.432034493466703e-05,0.001827443345925957,0.0005863144470289252,0.0008487022044019987,0.0008747179968764796,0.006722642237000296,0.024503144243030062,1.386350614956409e-06,1.0878691942325965e-07,3.870450221874169e-05,0.0006770376787904132,6.758470157205153e-05,0.00019259471056838452,0.0001717307649191735,0.0037457346324696137,0.011972092440466238,5.15698075995705e-07,1.3542410892472595e-08,1.4211883619969981e-05,0.00019068322948813867
20,0.8087876537825012,0.004254387432579929,0.003993042368111051,0.004108234989610363,0.01282966393796051,0.04896953953279482,1.8406204674259586e-05,1.3941467619969853e-06,7.951336103798485e-05,0.0022210021100873,0.0008413024843847464,0.0011771897517922126,0.0012305746040906763,0.0078801881079226,0.027328142148008047,1.951198685185859e-06,2.047641153475172e-07,5.111361792550199e-05,0.0008192310171449944,0.00010257742547567131,0.0002620174095088468,0.0002517124621385969,0.004385483590535456,0.013317134493859375,7.286262432315027e-07,2.7462230753463082e-08,1.9227497884490672e-05,0.00023058762884164537
21,0.8400660839199469,0.005753330006976307,0.005472731850198347,0.005611096691123297,0.01526774365867571,0.05538756714395456,2.664424374047476e-05,2.208868963272176e-06,9.992269243702434e-05,0.0027283170879124057,0.0011949943109965634,0.0015912988076135838,0.001713287792125988,0.009195034370564735,0.030452194720051645,2.527222039605863e-06,3.78223989694891e-07,6.64831580332295e-05,0.0009967792202935414,0.00015409225510679348,0.00040198562246654304,0.00037640742548906145,0.005170036498653421,0.014908129083110717,1.2177764177289815e-06,5.957303347830761e-08,2.6404538917347217e-05,0.0002846246249466075
22,0.8713445140573924,0.007703628170855572,0.007303553307245271,0.00763363103906758,0.018124349014736276,0.06227619060795993,3.537475852173223e-05,3.8653409948313945e-06,0.00012267746772993274,0.0032772487185713122,0.00168029791848884,0.002530613751916385,0.00235321662134214,0.010681846837944207,0.03390264744582261,5.1673218924784405e-06,6.645182403893554e-07,8.43766733057502e-05,0.0012058807676677804,0.00022911104506014325,0.0008229641922106113,0.0005373074130890954,0.005999692513105945,0.016491219278655437,3.2170215883544556e-06,1.1532753207274465e-07,3.4804925708888e-05,0.0003414529172859325
23,0.902622944194838,0.01021378187046636,0.009500602687660668,0.009974989225487988,0.021188636813077633,0.06916033484231757,4.7931019445736144e-05,5.981002287697128e-06,0.00013866321916530767,0.0037995680104534065,0.00233899432601471,0.003533181365674135,0.003199010542545566,0.012401167778970044,0.03754772854033357,9.089629115416744e-06,1.0965905429775648e-06,0.00010508061083783754,0.0014276392150402123,0.0003371775516476763,0.0011099393072041474,0.0007813812684958144,0.007020096814241645,0.01823839508682741,4.635422983670043e-06,2.3632031956972048e-07,4.65986254948152e-05,0.00040464521474020633
24,0.9339013743322837,0.013409606242609567,0.01194473411065165,0.013088596126814114,0.02495737900977486,0.07726781831150305,5.8939124805578774e-05,8.459794817773651e-06,0.00015680223049814194,0.00445960840104362,0.0032233772550082133,0.004576787824482335,0.004398672665216787,0.014435308905160656,0.04156695281097503,1.1424342640038087e-05,1.9435849420751396e-06,0.00013043033692628013,0.001673602287855941,0.0004911685883481115,0.0014160565545526937,0.00109230579768528,0.00809347476493465,0.019992061676510072,5.372679193849846e-06,4.3315710892819563e-07,6.025951080047509e-05,0.0004701498980536626
25,0.9651798044697293,0.017434447743713433,0.015434023516857041,0.01698118859048293,0.029187899100341322,0.08581237345253903,8.137900825693697e-05,1.400673595203534e-05,0.0001676515416731797,0.005112584621674961,0.0043979466735566,0.006086509398330762,0.005895390014767964,0.016691428589746354,0.04576735031119893,1.5162170236302804e-05,3.2840873839571905e-06,0.00015702965510403118,0.0019307712084393569,0.0007082302119704414,0.001973250026784139,0.0014992564694919664,0.009273226087522322,0.021864699585948513,7.796593136494421e-06,7.741766769229621e-07,7.644759074493644e-05,0.000546916890499462
26,0.9964582346071749,0.022448604992052756,0.020357683562730565,0.02168947781855475,0.03404708693681671,0.09518721902123498,0.00010807279396024444,1.922840961663104e-05,0.0001700914022840741,0.005745441671531579,0.005941068844561285,0.008187680661556297,0.007812147264179712,0.019318392576652677,0.05032055716418613,1.977436937580102e-05,5.304237283782276e-06,0.00018693323185925453,0.002214156659472377,0.0010108894451650117,0.002458971313000069,0.0020595459146275307,0.010710129352593292,0.024012329743529518,8.831196381260389e-06,1.4119906724379682e-06,9.860980948190722e-05,0.0006429140026587539
27,1.0277366647446204,0.028627778742398826,0.026211134954050596,0.027617327082918725,0.03978925273476458,0.10539761028173043,0.00014295439916938736,3.077557894354366e-05,0.0001779625315659768,0.006416018124369031,0.00794648827160423,0.010856508716464824,0.010327351794925707,0.022487653511709543,0.055643486395570346,3.230930819891871e-05,8.691680454235291e-06,0.000222503387253833,0.0025531273025039807,0.0014283429243377316,0.0034546636525417075,0.002817513884056275,0.012374676538159548,0.026380345062473155,1.600899359167546e-05,2.4366099543359362e-06,0.0001250468625808907,0.0007483345603564484
28,1.0590150948820662,0.036160400422824396,0.03247779015921152,0.03449759238104353,0.046018535837078864,0.11598947751297665,0.00017860894945603945,4.285736832073982e-05,0.0001597845860384456,0.006934827678946851,0.010524550585738725,0.013840202028210624,0.013443426869493158,0.02610038647663468,0.061382847385060356,4.1593275656040386e-05,1.3402276837400993e-05,0.0002551978604801087,0.00289706156398983,0.0019979108454354286,0.0045343506042983765,0.003845751612559325,0.014307909566344914,0.028991602209998038,2.6166113115234325e-05,4.2690545029197675e-06,0.00015832063812434692,0.0008681754248898095
29,1.0902935250195118,0.04524373260334789,0.04186797727216727,0.04277939969827377,0.053295647784805424,0.12748288223504445,0.00019391847997091968,6.451250117852812e-05,0.0001399385533033118,0.0073408676496113665,0.013802972849109262,0.018312554790657517,0.01713650465169355,0.03001191254994908,0.06720293014537496,6.357281039143628e-05,1.7941808365986857e-05,0.00027846734852744715,0.0031820841947341077,0.002766627406821582,0.005957868548757821,0.005104007923969642,0.01641773417257266,0.03165531568471381,3.826379392076929e-05,6.761300948049738e-06,0.00019449840916942808,0.0009850248952258233
30,1.1215719551569574,0.05607869804974107,0.05189330707731127,0.0524302482311415,0.06159232615727062,0.13988143059789254,0.0002490549509426842,9.558973373175905e-05,0.00012343048361364666,0.0076194109635811455,0.0179269823626269,0.022883720251734064,0.021689286856739938,0.03448365021068852,0.07346321775396263,8.015431772975138e-05,2.5265659349971173e-05,0.0002952410779230955,0.003424676914683997,0.003792917734211045,0.007249731779132765,0.006738414808991574,0.01880081514311714,0.03446784701385736,4.4906615092598735e-05,1.092799813561873e-05,0.00023638393386025074,0.0010996509646537143
31,1.152850385294403,0.06886347508433818,0.06379113764011896,0.06469373951316619,0.07184079781515701,0.15450282358844078,0.00032383372163677306,0.00012448190935182842,0.00012453384685902257,0.007941726660320584,0.023058640491776316,0.02819129867717133,0.0273541673359335,0.03967095005495652,0.08042047596067865,9.541693403161542e-05,3.5652983035284566e-05,0.0002999993968707366,0.0036480100901464516,0.005148286636018653,0.009243445246294894,0.008724787672023688,0.021420970924849687,0.03749652884993913,6.396678753403154e-05,1.7063496925834105e-05,0.00027992341754235156,0.0012211204547640394
32,1.1841288154318486,0.08378599202807374,0.07713517080753156,0.0786913850414725,0.08340079378497497,0.1702210512955647,0.0003913829225415994,0.00017442032051053977,0.0001592622640179909,0.008178838778204025,0.02937517777461322,0.03504100779196968,0.034370532518716426,0.045814714554189465,0.08829738748296272,0.00011017688610432553,5.426648460345947e-05,0.0003007340419164175,0.0038327923686717123,0.006918917711241152,0.011764631444096018,0.011365034690372991,0.024614756008834105,0.04102424487732084,8.776356078632349e-05,2.689309578267584e-05,0.00033214723446733756,0.0013550057309066061
33,1.2154072455692941,0.10101555645233584,0.09166484368114251,0.09385736648531737,0.09595756629420174,0.18597868848010396,0.0005860990508138926,0.0002692398831769757,0.00024363860308993196,0.008060250935747401,0.037066193566438976,0.04311538492123896,0.042617573433997524,0.05297949849478052,0.09705527332916011,0.00015049990700440055,6.825494230037522e-05,0.00028908874459628964,0.003959812966868011,0.009207054230554611,0.015758822949967694,0.015411565152646127,0.028992847703079277,0.045688609964590954,0.00012781654592009008,5.11198577392154e-05,0.0004170700754584629,0.0015372416202934476
34,1.2466856757067397,0.12069395771004815,0.10837874817496228,0.1132114691718539,0.1121429911614161,0.20562019430003922,0.0007405449902495214,0.00031733904608012694,0.000331972742446768,0.007971910964890482,0.04632961952374129,0.05261595558416084,0.052236537419797065,0.061221946501527284,0.10671710896729242,0.00021348186418651264,8.927664727183623e-05,0.0002798769985313493,0.004028883890442785,0.012132008429058838,0.02056834250299259,0.01910757349507184,0.03286210641077591,0.04947846900396837,0.0001850212074432352,6.312771372325847e-05,0.00046079644717230583,0.0016071149374467886
35,1.2779641058441853,0.14292647415026966,0.12830557145232893,0.13439856869027023,0.12993719253187774,0.226320720274563,0.0009878081169948716,0.0004430122507217916,0.0005647198587161748,0.007851726297060763,0.05736641155457913,0.06386308893684785,0.06387503035084137,0.07076074757330009,0.11731624923918442,0.00025846821650017936,0.00012127313847570027,0.00025852125472847735,0.003986930617889645,0.015830626565716585,0.025603054267648882,0.02426007280996041,0.0378424381516299,0.05431256912750117,0.00023250973913192696,9.657972378589028e-05,0.0005287063052212366,0.001712010848581703
36,1.309242535981631,0.16777328932799934,0.15136845896839593,0.15667572561000262,0.1488502402004651,0.2473232068567558,0.0011597095927441668,0.0005378164174943193,0.000802769109181092,0.0071989639676516256,0.07037401767136939,0.07747615084500352,0.07666127499738432,0.08131985050964129,0.12870624882634174,0.0003653441823573413,0.00015144918231320404,0.0002286875002556233,0.003855936343119256,0.02045702688055394,0.03265018917963108,0.030261344813094868,0.04337981659468359,0.05940360653299621,0.0003361361973171309,0.00013198772337382435,0.0005847586736515404,0.0017650786435080392
37,1.3405209661190767,0.19524186462308046,0.1775080334599651,0.183430635583675,0.17189357887479015,0.27139697715463595,0.0012436763979070467,0.0006393898087877263,0.0010623082534016387,0.0066007557203754804,0.08553876542397754,0.09379690096141058,0.09293514488380847,0.09457112117035062,0.1423014428018021,0.0003916998236637422,0.00018304504012510588,0.00019734345602296082,0.00362797280753971,0.026181430038533897,0.04039206354912876,0.037589812319742066,0.049803948522448564,0.06513037654088558,0.0004356771926252851,0.00018742298595198777,0.000639713907974404,0.0017823010747087822
38,1.3717993962565223,0.22528082083321022,0.20569603390282368,0.2115520604185072,0.19655096038491035,0.29584011672263877,0.0014085737031017298,0.0007673874396430251,0.0014452849755504785,0.005865621782509513,0.10302741594645676,0.1130863422684663,0.11109629727312903,0.1096457824174535,0.15725479272386908,0.0005165193758844752,0.00023084737233544802,0.00018869564842771024,0.00335981432006833,0.03318792005137213,0.050666110282031857,0.04625950011086262,0.057357540619285975,0.07147284304040821,0.0006458921380496285,0.00025642176366501334,0.0006920093002632996,0.0017485021402130873
39,1.4030778263939678,0.2577758431494557,0.23228701627564544,0.23972916094206162,0.22154583747581671,0.31925725231550095,0.0018792867470277864,0.0010035607896083606,0.0021288598883164762,0.00472206008028986,0.12297823381175443,0.13412763596830735,0.13256929056300407,0.12747730256055612,0.17427085970786252,0.0006109475154492322,0.0003539462203670885,0.00025053540075940117,0.003113806534491882,0.041671010425589086,0.06307399319701332,0.05794597445109261,0.06721728885837766,0.07969616936399071,0.0008599708314472096,0.00039322137427925757,0.0008047423599511222,0.0017512809187712037
40,1.4343562565314134,0.29254804085649855,0.2653443503030978,0.27367522715915826,0.25293030990533066,0.34765490021588585,0.002149549534427049,0.0010836083813438833,0.002508799223057196,0.0039505869389088785,0.145492013148946,0.1552386593725434,0.1547657691710887,0.14587246068486512,0.1915135655755917,0.0006905248962775955,0.00042035027628214283,0.0002877520744585831,0.002640578291417986,0.05183094644202663,0.07552668114258472,0.06946582406888649,0.07689789840073499,0.0874368802461209,0.0010582788559637673,0.000498923568569037,0.0008381184667694417,0.001623480718631485
41,1.465634686668859,0.3293550678946947,0.29843279848435794,0.3094364440248662,0.28664110499274514,0.3773655496434688,0.0023143824314155723,0.0013034876254932623,0.0030420089482744435,0.0034151371234949616,0.17062357060863198,0.1790788709093655,0.1781368915954548,0.1658426465558118,0.20964061103452572,0.0006568145364471734,0.0003632650229070805,0.00028284864199462357,0.0019630747234468384,0.06386774924554212,0.0896652597719709,0.08378666378571119,0.08874137738443602,0.09671688957732442,0.0012903805280210332,0.0006452194807951888,0.0009002431223335936,0.0014698677553859677
42,1.4969131168063048,0.36789515036664655,0.333555166184934,0.3444094183758095,0.3198559035281344,0.40537686028273306,0.002663782523880204,0.0016949088538470872,0.0037209708203985383,0.0025507684250800334,0.19837425510501988,0.20663261524352525,0.20483487434073738,0.18891762395756362,0.2298817869833968,0.0007799996167701727,0.00048208547272723625,0.00045098046376426654,0.001505498269961483,0.07797409786498569,0.1076733790078195,0.1000387931283808,0.10223812103330561,0.10688066844204747,0.0016523110891844702,0.0008450174008544655,0.0009787549265397977,0.001283604531376289
43,1.5281915469437504,0.4078139835826555,0.36907073958698866,0.38075637442796667,0.3556616260238389,0.4348463819995431,0.0031734311098311737,0.002119321803907322,0.004395313502887335,0.0020987482852757155,0.22868602492035728,0.2349329082182655,0.23355336822921163,0.21428866788743825,0.251906500945312,0.0007798045417372879,0.0005716764963565673,0.0006826109637517619,0.001117794503697061,0.094327246146716,0.12623749576439208,0.1167001846357123,0.11616146760615478,0.11733544714814288,0.0021145849994245337,0.0009790639886013358,0.0009902021418715446,0.001031855922111301
44,1.559469977081196,0.44871426892704264,0.4046042897636106,0.4181642935745813,0.3926086094002963,0.46423452956536565,0.0038460894139397094,0.0025655749451463676,0.005093589834413727,0.0017225731979765432,0.2614375997373728,0.26712882880052863,0.26553109091250826,0.24315853201613138,0.276470588920439,0.000964085941792006,0.0007662574908424391,0.0010018992952964215,0.0009351471845416531,0.11308027546234434,0.14982985091525244,0.1388467339687099,0.13482396539302582,0.13082999664427244,0.002597356983150097,0.001335324409880424,0.0011716216783721376,0.0009044537424795718
45,1.5907484072186415,0.4901674761066951,0.44263743231092617,0.4568848263776122,0.43217547198163486,0.4952430873850732,0.004188563556174334,0.002919310047687965,0.005545045179968337,0.0017019434534721568,0.2964431073178342,0.30035885750168145,0.29867538454107456,0.2735340765253465,0.3018072418305966,0.001063475411651296,0.0008163116748019908,0.001288726393844424,0.0007383240926293338,0.13435308181568922,0.17180891877735782,0.16106384439065147,0.15346915372808048,0.14446851102849878,0.0029052068405442254,0.0015708547106961653,0.00125120443482605,0.0007648978076646503
46,1.622026837356087,0.5317272557410858,0.483650287542661,0.4973762985291469,0.4739448563268769,0.5268603892757305,0.0046048841523904475,0.0033514578413662444,0.006103399434827592,0.0019804146604722305,0.333453515132793,0.3362721028109158,0.3348416122283346,0.3077198059120567,0.33014703375705823,0.001111570755820667,0.0007377016065869306,0.0014260897742421896,0.0006604881251998625,0.15822357752228655,0.19805786068744308,0.18506345204322183,0.17430023910058373,0.15902452156607383,0.003599008894661174,0.0018209712909585077,0.0014510749200820992,0.0008177905837488358
47,1.6533052674935327,0.5729438056101549,0.5231560997240474,0.5389409251558566,0.5172477389393341,0.5592242089659412,0.004852155197216491,0.003363079665002412,0.005937622016001953,0.002099070780136011,0.3721609740381853,0.37366184284751564,0.3746327455971442,0.3462857917689615,0.3613465602744328,0.0012930673371177352,0.0008884071942980387,0.0015932330251092071,0.0008223177410682617,0.1847196428889566,0.22426883468953854,0.21126950514256837,0.1971975811360411,0.17490481429261304,0.00372292899260595,0.0018617079332811223,0.001416699099298708,0.000986044348677593
48,1.6845836976309785,0.6133784226784418,0.563022333835687,0.5774190668663813,0.5581955252032281,0.5902155311149377,0.004844574332948831,0.003411880017192549,0.005951928981566396,0.002632183373235002,0.4122060158937932,0.4103446003675695,0.4107190616188736,0.3820519477213368,0.3897688107660196,0.0012908582972032381,0.0009885132474021987,0.0020107889224784924,0.0013574790469172426,0.2138123833876847,0.25548470724496786,0.23998870161256253,0.22333780790599608,0.19317800548965813,0.004038902771214685,0.001982452029312588,0.0015532980333583329,0.0014279668712626383
49,1.715862127768424,0.6526174590704408,0.6031140125893745,0.6179341475288713,0.6017165322347282,0.6230710072808203,0.004856758008828977,0.0033704937834357364,0.005473439328821771,0.003092057351505061,0.4531873547237638,0.44940205844718994,0.44885652414924027,0.420329535188531,0.4202511645036819,0.0015186421055870594,0.000994602400981983,0.002248740488540409,0.002003087480421883,0.245411226176653,0.28705011068971314,0.27012791443844275,0.25088204026662647,0.21250633079072373,0.004208282747768365,0.0021807479725640365,0.0018488425323331323,0.0023889890977582635
50,1.7471405579058696,0.6902849448240473,0.6424787965966204,0.6581296233398514,0.64515322105257,0.6551534894416773,0.00442989002158777,0.0031392710816403697,0.004830232035345588,0.0033828176060445064,0.4946738581263675,0.49123280828309634,0.49112109929344383,0.46380907210476624,0.4546144471146334,0.0014989078198221614,0.0011118921095674915,0.0022254467813562174,0.0026108090780737675,0.27936132337922326,0.32390361490379,0.3075707109132074,0.2858400172003915,0.23748581507624789,0.004412481284293117,0.0025006313412218196,0.002030431966728324,0.0032503969098029075
51,1.7784189880433152,0.7260532392107928,0.6813669092272484,0.6980139222525855,0.6885590497213243,0.6875485149527382,0.003763598584454614,0.0025333042847113497,0.003736246238613796,0.003375633231689151,0.5362180985899496,0.5318461756961255,0.5329313440425006,0.5073587727757061,0.4893467935830876,0.0012396479130024256,0.000993120133146175,0.0020259175526072116,0.0032645681167024414,0.3154436193886966,0.3636022762944186,0.3457073355726979,0.3224941539953731,0.2640920470230124,0.004702222177369553,0.0027694719696287717,0.002224426044200461,0.0042284363728894
52,1.8096974181807608,0.7596512162728799,0.7179088963245285,0.7339916828916598,0.7272730662918905,0.7171552886771134,0.0037288983835111317,0.0026070285066896264,0.003461816648659765,0.003981416074637312,0.57737077771453,0.5696328673057774,0.5711458607464932,0.5470760272444588,0.5214392032585702,0.0016877837769144163,0.0013791657931745277,0.002613128507525329,0.0046094415548124275,0.3533777912478122,0.40084564394283295,0.3838616104479425,0.35951840802607526,0.29106531469398783,0.004986608944744749,0.0032349582087359764,0.0027151496918323037,0.005899997945491506
53,1.8409758483182064,0.7908696655419072,0.7533864803807495,0.7683490146041546,0.7645155457020364,0.7469750224851159,0.0032159714551164963,0.0024876574147100483,0.0032801493177459927,0.00441089646370421,0.6176952511087667,0.6094983977261481,0.6117335266889152,0.590334590752643,0.5567144100777683,0.0019009552752133339,0.0017567119163598161,0.00288489399285665,0.005736501407471158,0.3928280948188163,0.4396928402137677,0.42401706805136585,0.3996317179048384,0.3210255782888062,0.005304561688851948,0.003202802111010695,0.0025975841559039824,0.007254294456347535
54,1.872254278455652,0.8195637797215094,0.7828281660058848,0.79842320944906,0.7968572339539872,0.7732533877990738,0.0031366450410766343,0.002267909476462201,0.002813796503653184,0.004318802704467995,0.6567813741747588,0.64622431497315,0.6507126194013653,0.6327059949834178,0.5921681752640475,0.0018957669293547083,0.001995935395427791,0.0030083374888298805,0.006492802699322283,0.4334119585744375,0.4777442699585406,0.4615852769291151,0.4374240508354216,0.349656152138484,0.0049193795477505495,0.0032539296010512,0.0028721341123188198,0.009559478187010279
55,1.9035327085930978,0.8456527907449642,0.8095212652508933,0.823922084698615,0.8236745558884598,0.7955048963781876,0.003222817850551265,0.002335083744615696,0.0029155577944897366,0.004742515160996298,0.6942579398351654,0.680930881423236,0.6860216572127539,0.6712262530282308,0.6247730774585434,0.0019841910908884926,0.001781747316251561,0.0027157932199979233,0.00722441764628492,0.47471097733193784,0.5169568696423447,0.5018200345281226,0.4789280418056199,0.3816093496487152,0.004602441001576655,0.0032087913186545597,0.0028935406088017733,0.011427630498128616
56,1.9348111387305433,0.8691169883992499,0.8361046582106717,0.8495886651058723,0.8516703144906771,0.8185512902597961,0.002791744922636575,0.0020437226585624953,0.0023472939498679476,0.004620953363690419,0.7298030836220446,0.7127875539638094,0.7182795417241442,0.7068473017570023,0.6557888436595241,0.0018666192424685168,0.0017356976028608717,0.0025220432541945624,0.007996479797957758,0.5162837868163421,0.5570399581871124,0.5432107285932107,0.5223461075908985,0.41664881824614564,0.004341384113445598,0.0036619338318661537,0.0034308494641547816,0.013612788826859094
57,1.966089568867989,0.8899924985665189,0.8588139480099659,0.8711310249482099,0.8746044296412937,0.838371014304738,0.0023587698209623737,0.00163669359681295,0.0017945185451920583,0.0044279163563551065,0.7631521795248989,0.74572716797059,0.7520533517327747,0.7438476397637507,0.6894197583003137,0.001863399039633765,0.0017914106795312986,0.002458613987660238,0.008438057833483708,0.5576801622497737,0.5940311581987942,0.5831150659745789,0.565212999007213,0.45150612361763776,0.004210496835728607,0.0036148377477561873,0.003424724154288334,0.01538338086575939
58,1.9973679990054345,0.9083643017491463,0.8771837378934153,0.8881441845777044,0.8924052831242488,0.8547361224887043,0.0021734810475451745,0.001492197280279697,0.0016029620497669895,0.004561334869733558,0.794102927789273,0.7729178859065219,0.780089952195041,0.7738981937623823,0.7163093266335848,0.0021048256500082875,0.0018693809596845618,0.0025533835542179096,0.009083718332998878,0.5984555931325257,0.6296150073487891,0.6182420542664595,0.602584587750463,0.4831222892968872,0.004012209579264139,0.0038878016328844633,0.00400900589759851,0.018283045305670688
59,2.02864642914288,0.9243580319941468,0.8973718262024998,0.909427545564808,0.9146493527201399,0.8771708152909891,0.001841059935298992,0.0012976313045325134,0.0013769823843439565,0.0039408971675915175,0.8225175273482792,0.8006659705033445,0.8074503890478817,0.8034107004979505,0.7432750742509147,0.0021275281838847044,0.0020218292912414547,0.0027003471093161985,0.009352902857603386,0.6381855506812049,0.6650546480422003,0.6531086110161199,0.6405014453352074,0.5158198471417004,0.004069427333946927,0.004070112019786367,0.004393100737233012,0.020639786670094112
60,2.0599248592803256,0.9381311112017303,0.9143511601605545,0.9249935603000905,0.9300995851194639,0.8933298186881367,0.0016132881337443312,0.0011919760144549006,0.0012352741018516445,0.0036136946035708103,0.8483220140948675,0.826355901146889,0.8326535792265036,0.83174175862859,0.7706364892162774,0.0019370484957523697,0.001935800531810551,0.0023821186994839798,0.00907700629451582,0.6764786874488186,0.6951506219642833,0.6839737482901971,0.6731404174550473,0.5454251063584077,0.0035221677642014214,0.003945398663807508,0.004439753064651946,0.022984722855135805
61,2.0912032894177717,0.9498637477748061,0.9288173684373844,0.9385553554535813,0.9435858670393289,0.9092005438939923,0.0014347443639140358,0.0010722742620381364,0.0010754752478189203,0.003407349429160138,0.8715030163135717,0.849828898516673,0.8566303614980734,0.8571989656456216,0.7954785501544412,0.0019392520540041935,0.0016162833135308014,0.0019132742430831037,0.008779399914989786,0.7129882882545808,0.7300635275186019,0.7188975321333325,0.7108462098895639,0.5806592655676099,0.0030311956867413435,0.003915283146952447,0.004342132725448365,0.02368950928420585
62,2.122481719555217,0.9597502686047055,0.9416314057326958,0.9496316005001791,0.9545379471091329,0.9217962429180815,0.001105680811591985,0.0008961963139847356,0.0008490139733437049,0.0030407704904233303,0.8921023175727643,0.8735443523415257,0.8799339128877008,0.8823198505416978,0.823713515309289,0.0015233489868756933,0.0012967319757986445,0.001459054816684528,0.00729745737760911,0.7474214200951274,0.7647054443941295,0.7533465420335017,0.7483345477811362,0.6174300601794075,0.0028800391629077195,0.0037336347133153495,0.004188822165927561,0.02363888417531182
63,2.153760149692663,0.9679911686493332,0.9528411055666572,0.9597815325710574,0.9641702189829314,0.9354952317198925,0.00090810835487284,0.0008636821854456248,0.0008136274124887017,0.0026508133905285636,0.9102097163640789,0.8939156722396844,0.9016381558589458,0.9048090426902314,0.8487934739493626,0.0013046732942660149,0.0011694697237996131,0.0012999104417055235,0.006443504425930775,0.7795453940897936,0.8003184429944047,0.7930269860684649,0.7912487503014911,0.6631228562271749,0.0023694735403526654,0.002852173172645855,0.0031616664723559877,0.019063377996357548
64,2.185038579830108,0.9747861629988172,0.9627919474924256,0.9692185886468669,0.9732839447835197,0.9482529649585892,0.0006479165627619131,0.0006131272211896536,0.0005610866114247311,0.001995235238827286,0.9259547263362207,0.9083316118572649,0.915668477282116,0.9194289684852336,0.8659591955902846,0.0012592976383427287,0.0010453536089655,0.0011030274441862242,0.005953661522513717,0.8091913395128167,0.822154312429921,0.8153027837053716,0.8146899952916223,0.689044100527255,0.0022210921458883583,0.002682342866087404,0.0032136231529674335,0.020899071233143395
65,2.216317009967554,0.9803284223519736,0.9691664203316646,0.9747189131601128,0.9785086479678664,0.955634086648417,0.0005050408819501273,0.0004882884185653921,0.0004084855003219791,0.0018073306111806295,0.9394976711631081,0.9199167887321312,0.9262047795177062,0.9300134613015257,0.8780329289200892,0.0012780385615172932,0.0010008335842814286,0.001005544382130358,0.006075251048182131,0.8362548819575188,0.8430000730026923,0.8384868432863807,0.8392933930704993,0.7186652984603057,0.002211913570833936,0.002732547480613836,0.003241226228623743,0.02123161955872673
66,2.247595440104999,0.984800073146452,0.9763336033621127,0.9810093853319023,0.9841731989066169,0.9653715424778947,0.00037909824856229826,0.00034169238533368325,0.0002742744786880167,0.0013282618227964135,0.9510206979958356,0.9332507038991253,0.93799916552886,0.9415934144047768,0.8936010721837634,0.0010838019048167939,0.0010113072509400135,0.0010041336813077218,0.005643427213351771,0.8606940984204485,0.8674973637543982,0.863110160015813,0.8653063349166393,0.7532365421853213,0.0021684375011487766,0.0028958512578364203,0.0033831337178419664,0.020131685808238778
67,2.278873870242445,0.9883689552894516,0.9806907216915935,0.9847444794844455,0.9873709547197336,0.9714993236383138,0.0003399266364080602,0.00030280873394702144,0.00023956763989133156,0.0011181766634696922,0.9607191703311992,0.9442168188224178,0.9493541119616115,0.9529386616393454,0.9087771215845086,0.0008107803514358572,0.0007161300007463349,0.0007097559281541592,0.004759621690838816,0.8825250773922211,0.8817132052190013,0.8786596128147973,0.8817046763660211,0.775337238607749,0.0019544916365963026,0.0027369662047215717,0.003164550901432264,0.01994576250530626
68,2.3101523003798903,0.9911865584155082,0.9861007039597576,0.9894192601979587,0.9914711744397162,0.9792656795327042,0.00020574445124754798,0.00018630404321514973,0.00014472462566550507,0.000730712331155574,0.9687938143087189,0.9544850601555035,0.9599784453753506,0.9632304299038554,0.9227033106845528,0.0006036896290525545,0.000495316601403171,0.0004881190894890384,0.0039405870582411625,0.9018155310731552,0.9016269425887677,0.8991648051401789,0.9025706849032272,0.8052476586502031,0.0017043219197557587,0.002381569712814659,0.002788327865289373,0.017253400059992662
69,2.3414307305173363,0.9933870044510513,0.988945206921228,0.9911057937587502,0.9928560788072351,0.9830073386986021,0.00020502710624271988,0.00019260214214419788,0.00014736810282213537,0.0006994524109742088,0.9754438921162054,0.96256626705565,0.9672554174536575,0.9705342653292451,0.934816474050926,0.000523750394856306,0.0003992982395116956,0.00038835450084886774,0.0032665745657383676,0.918676982995698,0.9175188591429869,0.9150163939414387,0.9193477029975603,0.8299718410356047,0.001597876336675955,0.002088449245436606,0.0022757326162782974,0.015129182852446075
70,2.3727091606547814,0.9950869104655442,0.9913919583256713,0.9931011769029264,0.9947012103910733,0.9866460951771387,0.00013729334752187697,0.00012861661631688182,8.951333537640806e-05,0.0005031440015635302,0.9808615722745341,0.9696213907757576,0.9738689104920543,0.9767637303965063,0.9456530706093279,0.0003976492519908104,0.0002820043531099838,0.0002778757947455264,0.0025000533733453368,0.9332560855624525,0.931234455299572,0.9313570732955359,0.9359623127293182,0.8553670521514019,0.0013364586223587388,0.0015858097827649474,0.001663086791889999,0.012230822719263741
71,2.4039875907922275,0.9963859500465377,0.993713715990261,0.9953202051164806,0.9964745821049844,0.9905564802615029,8.997934233233788e-05,7.13032057541476e-05,4.896228331954047e-05,0.0003347947812603841,0.985227567819938,0.9755772200675988,0.9789872235692252,0.9814351299085693,0.9550252936932967,0.00036879364090319213,0.00026751769199679786,0.00026162341674714124,0.0020395843166682083,0.9457256105339905,0.9415477049694002,0.9418530411651994,0.9461507433543821,0.8746362350841065,0.0014021094171347735,0.0016614517778025617,0.0016642228740067482,0.011590992302528668
72,2.4352660209296735,0.9973679311745721,0.9956838972337881,0.9971752416302287,0.9979535493193674,0.993713522087708,4.232208877446863e-05,3.360875396958193e-05,2.3852981506163638e-05,0.00019693182232140535,0.9887080266746663,0.9809061221522242,0.9837785722234288,0.9861378145639266,0.964089571168398,0.0002603398576007397,0.0001920353136430722,0.0001657866530674218,0.001555423360114315,0.9562756071839242,0.9532275582276999,0.9530816365760275,0.9572101146812066,0.894809280102789,0.0010467997653003111,0.0013131985673842143,0.0012899587785767902,0.009603431218278396
73,2.4665444510671186,0.9981022204440652,0.9970547202378676,0.9982109932623014,0.9987516438346203,0.99569256486827,2.5972463097116743e-05,1.6878844236700855e-05,1.098497684918079e-05,0.00012338379286444732,0.9914525884363083,0.9844479223072818,0.9869980822202191,0.9892102618974371,0.9715071255301401,0.0002308858653531953,0.0001710635191176907,0.00013132415335782301,0.0012069961341149387,0.9651051461576716,0.9614910315934512,0.9619515567465231,0.9655606130164978,0.9127745150763906,0.0010278632677889774,0.001273599489869441,0.0012062172282647319,0.00859193186754023
74,2.4978228812045646,0.9986453638399767,0.99798310670053,0.9987598654249229,0.9990865027858308,0.9969685796722235,1.5327583273885016e-05,1.413682227943559e-05,9.405003056352504e-06,0.00010161926997615088,0.9935934707779231,0.9875016857373607,0.9903882074527443,0.9922878487270342,0.9781608571282919,0.00020339400183866211,0.0001349058434182248,0.00010036602311281366,0.0009702389832701763,0.9724149719489916,0.9680584951786335,0.9699446900056238,0.9730095002230875,0.92864373349984,0.0009067996556452166,0.0010899315687652492,0.001043493922530081,0.007705609565307614
75,2.5291013113420098,0.9990427796176523,0.998245941987243,0.9991815703560302,0.9994143915038669,0.9979195963197925,1.4366662988145641e-05,9.011357332686488e-06,6.249406987351366e-06,7.49257984661974e-05,0.9952454168975069,0.989874655262974,0.9924223366803515,0.9939659422072422,0.9821056212277469,0.00015908702288571644,0.00010708656950919344,8.127860111012503e-05,0.0008243484626585005,0.9784012835343809,0.9748383284959494,0.9779517097703423,0.9809724817985276,0.9481331978891653,0.0007220402926675383,0.0007095433069029771,0.0006409416576676621,0.004597863729737173
76,2.560379741479456,0.9993304260454668,0.9985882446552381,0.9994084246441014,0.9995443585687482,0.9982693213046717,1.1350498988451422e-05,7.294966239018047e-06,5.3119118919734526e-06,7.224071755067811e-05,0.9965063215329896,0.9926449180445711,0.994742736750061,0.9957640531112278,0.9869141510008989,0.00012855096034029885,8.432630283621141e-05,6.613615343209435e-05,0.0006762795762650822,0.9832507604917576,0.9808459565703093,0.9852275811820875,0.987872009363636,0.9658248612498206,0.0005258143499074322,0.0004399718400996234,0.00035205077601140175,0.002497612442099427
77,2.591658171616901,0.9995363733642277,0.9991739615220709,0.9997900874100987,0.9998727037079587,0.9993039303972937,5.570875447384218e-06,2.04769233167034e-06,1.0465579991359971e-06,2.6522142623470537e-05,0.9974583542830078,0.9950487393467532,0.9966422039987409,0.9974132974684433,0.9911291830575588,7.340145781596488e-05,4.778467764192883e-05,3.504442973694406e-05,0.0004499876111811163,0.987136858705092,0.9833816362941858,0.9880850913887993,0.9902157674841385,0.9715787379999508,0.0004861969801350477,0.00038316400511805097,0.0002976503871974377,0.002340603841447012
78,2.622936601754347,0.999682233487052,0.9992069665031922,0.9998371082605896,0.9999020578575627,0.9994435774895668,5.638013459183862e-06,1.8630945440525128e-06,9.217360420615866e-07,2.5416191299930715e-05,0.9981694119409956,0.9960516037417286,0.997175535756851,0.9977419766192475,0.9920698044669729,6.566759663693512e-05,4.471602342819058e-05,3.3561153109689335e-05,0.0004335703671061631,0.9902173212572772,0.9863830290240329,0.9902061576938892,0.9920309790798162,0.9765483271584116,0.000415250077054687,0.0003246347331454663,0.0002473638897750911,0.001986251467098922
79,2.654215031891792,0.9997844215769925,0.9993443876812412,0.9999720716551005,0.9999959813225164,0.9999488997882356,4.24674157331653e-06,7.85628409076673e-08,4.5585600720749884e-08,1.582199220218996e-07,0.9986947526174399,0.996713592822914,0.9976495225416161,0.9980937302739271,0.9940053257142912,5.7289638675468374e-05,3.9551409516586794e-05,3.0989822738388544e-05,0.00027537310786377903,0.9926327897834532,0.987576452744009,0.9911984941177897,0.992838133661525,0.9795774398128885,0.00042092837196577046,0.00031885900633250045,0.0002355522630049325,0.0018334124011310136
80,2.685493462029238,0.9998552401645135,0.9994475032349901,0.9999923328683035,0.9999959813225164,0.9999488997882356,3.898125308522152e-06,2.1814230016065052e-08,2.0636148350646323e-08,1.3993896516387245e-07,0.9990786901059636,0.99738843754212,0.9980599900947418,0.9984275609614174,0.9951654586037196,5.241755983759163e-05,3.7023026397403e-05,2.860217125465876e-05,0.00024240167137534445,0.9945063606263452,0.9892088099582399,0.9928248104251363,0.9940894004950351,0.9828189699298836,0.00040276653311421324,0.00028640817141672287,0.0002114170056467068,0.001683780066719196
81,2.7167718921666832,0.9999037888538742,0.999470689213984,0.9999923328683035,0.9999959813225164,0.9999488997882356,3.917506584960737e-06,1.085986307483182e-08,9.327526069025475e-09,1.3320183644702721e-07,0.9993562542026422,0.9978104717200909,0.9985135505298576,0.9987563065921914,0.9960709427013599,4.776125054902696e-05,3.069445736752916e-05,2.471415189624348e-05,0.00022261864745604844,0.9959439079189004,0.9906595759102417,0.9943161082237058,0.9952857504591158,0.9857522076643851,0.00032525820910073026,0.00022315387580575737,0.00017009766674861787,0.0014819211485804758
82,2.7480503223041293,0.9999367112190957,0.9995759314351013,0.9999923328683035,0.9999959813225164,0.9999488997882356,2.8528365893135675e-06,6.113588444144249e-09,4.341019954203505e-09,1.3131540126571697e-07,0.9995547490944283,0.9982346564451469,0.9988655173405072,0.9990383068191566,0.9967557458371853,4.089083361970891e-05,2.1127474161537846e-05,1.8673558873869155e-05,0.0001985714520881852,0.9970349900604123,0.9926548124241477,0.9969508782311783,0.9976036915461008,0.9930238352120956,0.00023357505687362983,9.651170392353021e-05,7.085124777334999e-05,0.0005694664231028078
83,2.7793287524415744,0.9999587957314401,0.9996569382289748,0.9999953316883149,0.9999975620814507,0.9999704361558244,2.2197251921950446e-06,3.4923963563123254e-09,2.091231128890346e-09,8.665802942407509e-08,0.9996951657601166,0.9988922381850988,0.9995634290822253,0.999685478994644,0.9986876144011241,1.5109857627106255e-05,4.278685066942536e-06,2.296264306268244e-06,3.979231849562564e-05,0.9978541638291146,0.9942374297710233,0.9982906020376937,0.9987684311976233,0.9960147388442404,0.00018777992072638042,4.7882249890295515e-05,3.056398713554014e-05,0.00032677869768878105
84,2.8106071825790204,0.9999734501254661,0.9996569382289748,0.9999953316883149,0.9999975620814507,0.9999704361558244,2.2287870210209975e-06,2.6363230042418066e-09,1.1697876571565388e-09,8.65316139572172e-08,0.9997934245138,0.9990398982985131,0.9995958193516185,0.9997068997976103,0.9989794169079725,1.3654334160846397e-05,4.222697529343412e-06,2.2707876535513417e-06,3.160565310163565e-05,0.9984625480036021,0.9949990493738732,0.9986801104774525,0.9990877649173548,0.9965380525533726,0.0001740360366903352,4.133270737589353e-05,2.5684229646398645e-05,0.0003168481625209758
85,2.8418856127164664,0.9999830691532405,0.9996635048152374,0.9999999999999412,0.9999999999999944,0.999999999056353,2.230878970379718e-06,2.866535700209535e-10,2.866535717911061e-10,2.8662162591616637e-10,0.9998614398921786,0.9991331153588935,0.9996758704865537,0.9997637360690907,0.9991576739341127,1.2352241623025303e-05,3.1491743600151407e-06,1.7677751637195583e-06,2.4254744153826977e-05,0.9989095022425172,0.9950483389393184,0.9987541104839507,0.9990899105656991,0.9966574844585608,0.0001771964097650788,4.0951788113853294e-05,2.5329330307129837e-05,0.00031760233586303617
86,2.8731640428539116,0.9999893148048388,0.9996635048152374,0.9999999999999412,0.9999999999999944,0.999999999056353,2.2349097535803824e-06,1.1417339438930865e-10,1.1417339550646631e-10,1.1415323693450678e-10,0.9999080120388001,0.9992951283608459,0.9998687830131603,0.9999105979810291,0.9996679733779922,1.0955187496622504e-05,1.0934214539677633e-06,5.272677395359607e-07,5.852507240452936e-06,0.9992343138131571,0.9957349774850596,0.9995782485081037,0.9997634776354245,0.9989763882082621,0.0001573388738227264,7.825204258683996e-06,3.41762026094981e-06,4.012766482762278e-05
87,2.9044424729913576,0.9999933263121613,0.9996635048152374,0.9999999999999412,0.9999999999999944,0.999999999056353,2.237539824089468e-06,4.453810859110059e-11,4.453810928884747e-11,4.452552156061394e-11,0.9999395569030183,0.9993161810591507,0.9998687830131603,0.9999105979810291,0.9996679733779922,1.0969596248339142e-05,1.0968914810007557e-06,5.280996716015254e-07,5.868646292836059e-06,0.9994678118320928,0.9963730244175381,0.9996554644763447,0.9998193087793458,0.999171565424807,0.00012585454748316612,7.203042323017778e-06,2.9727378626487805e-06,3.670096381277683e-05
88,2.9357209031288027,0.9999958750236801,0.9996635048152374,0.9999999999999412,0.9999999999999944,0.999999999056353,2.239227559716613e-06,1.7015429158994526e-11,1.7015429590268716e-11,1.7007651998240958e-11,0.9999606924910666,0.9994359615832606,0.9999999999999519,0.9999999999999968,0.9999999995156351,1.0114096247387459e-05,1.54508025476882e-09,1.5450802582805388e-09,1.5450421839614081e-09,0.9996338539196992,0.9964809250619596,0.9997429339306599,0.9998304831924527,0.999432406665819,0.00012588871348799378,6.554111882084552e-06,2.8835219268059715e-06,3.193403454222131e-05
89,2.9669993332662488,0.9999974768559169,0.9996635048152374,0.9999999999999412,0.9999999999999944,0.999999999056353,2.2402949282119605e-06,6.3662557703194025e-12,6.366256034118956e-12,6.36150155050523e-12,0.9999747007213898,0.9994359615832606,0.9999999999999519,0.9999999999999968,0.9999999995156351,1.0128993580732816e-05,6.400534957597444e-10,6.400534980199732e-10,6.400289937855065e-10,0.9997506521988992,0.9968282468798239,0.9999999999999355,0.9999999999999953,0.9999999946825229,0.00011474883200274061,6.217432588164506e-08,6.217432591143544e-08,6.217167568607702e-08
90,2.998277763403694,0.9999984727121147,0.9996635048152374,0.9999999999999412,0.9999999999999944,0.999999999056353,2.240961096194757e-06,2.3326081066484196e-12,2.3326082663292936e-12,2.32973324373639e-12,0.9999838847975224,0.9994359615832606,0.9999999999999519,0.9999999999999968,0.9999999995156351,1.013897357050761e-05,2.5969974934199986e-10,2.596997507817264e-10,2.596841433663306e-10,0.9998319236429614,0.9968282468798239,0.9999999999999355,0.9999999999999953,0.9999999946825229,0.00011523045325119267,2.8249661773718496e-08,2.824966179379914e-08,2.8247875885827823e-08
91,3.02955619354114,0.9999990851463821,0.9996635048152374,0.9999999999999412,0.9999999999999944,0.999999999056353,2.2413717629075497e-06,8.369570355805935e-13,8.369571312302875e-13,8.352379445260534e-13,0.9999898410203654,0.9994359615832606,0.9999999999999519,0.9999999999999968,0.9999999995156351,1.0145536152628091e-05,1.0320486623903248e-10,1.0320486714663216e-10,1.0319502965694379e-10,0.9998878636839146,0.9968282468798239,0.9999999999999355,0.9999999999999953,0.9999999946825229,0.0001155696341416549,1.257455337075756e-08,1.2574553384154859e-08,1.2573362395476411e-08
92,3.060834623678585,0.9999994577144107,0.9996635048152374,0.9999999999999412,0.9999999999999944,0.999999999056353,2.241621954719269e-06,2.9407359723791927e-13,2.9407365393490914e-13,2.930576079941353e-13,0.9999936621314179,0.9994359615832606,0.9999999999999519,0.9999999999999968,0.9999999995156351,1.0149783623195595e-05,4.016857755343539e-11,4.0168578119658314e-11,4.0162442225339154e-11,0.9999259519193463,0.9968282468798239,0.9999999999999355,0.9999999999999953,0.9999999946825229,0.0001158041556656633,5.483118238953654e-09,5.4831182478004215e-09,5.482332325434122e-09
93,3.092113053816031,0.9999996819140612,0.9996635048152374,0.9999999999999412,0.9999999999999944,0.999999999056353,2.2417726460299197e-06,1.0117862742833069e-13,1.0117866068481622e-13,1.0058574260621044e-13,0.9999960870191638,0.9994359615832606,0.9999999999999519,0.9999999999999968,0.9999999995156351,1.0152494225726307e-05,1.5311418648135173e-11,1.5311418997719494e-11,1.5307632146159706e-11,0.9999516051575406,0.9968282468798239,0.9999999999999355,0.9999999999999953,0.9999999946825229,0.00011596374608476199,2.3420607704372998e-09,2.3420607762191918e-09,2.341547674645769e-09
94,3.123391483953476,0.9999998153729557,0.9996635048152374,0.9999999999999412,0.9999999999999944,0.999999999056353,2.241862395489123e-06,3.408712399453281e-14,3.4087143297634285e-14,3.374609972723849e-14,0.9999976092372337,0.9994359615832606,0.9999999999999519,0.9999999999999968,0.9999999995156351,1.0154201808994078e-05,5.71574637466414e-12,5.7157465882540315e-12,5.713434343236958e-12,0.9999686965245609,0.9968282468798239,0.9999999999999355,0.9999999999999953,0.9999999946825229,0.00011607080312490964,9.799075705329842e-10,9.799075742729145e-10,9.795762384581298e-10
95,3.1546699140909222,0.999999893958625,0.9996635048152374,0.9999999999999412,0.9999999999999944,0.999999999056353,2.2419152600453742e-06,1.124476086650274e-14,1.1244771953321389e-14,1.1052041666083515e-14,0.9999985544843482,0.9994359615832606,0.9999999999999519,0.9999999999999968,0.9999999995156351,1.0155264494134712e-05,2.089515360584123e-12,2.089515489725969e-12,2.0881189266384557e-12,0.9999799605771926,0.9968282468798239,0.9999999999999355,0.9999999999999953,0.9999999946825229,0.00011614167838396269,4.015784638699986e-10,4.01578466264175e-10,4.0136692303646165e-10
96,3.1859483442283683,0.9999999397330007,0.9996635048152374,0.9999999999999412,0.9999999999999944,0.999999999056353,2.241946058146747e-06,3.63210418418663e-15,3.6321104852062876e-15,3.5257693323954552e-15,0.9999991351111759,0.9994359615832606,0.9999999999999519,0.9999999999999968,0.9999999995156351,1.0155918144325158e-05,7.480325948275412e-13,7.480326720963909e-13,7.471985751469176e-13,0.9999873039538381,0.9968282468798239,0.9999999999999355,0.9999999999999953,0.9999999946825229,0.00011618802075065965,1.6118958650993174e-10,1.6118958802677052e-10,1.6105614121026445e-10
97,3.2172267743658134,0.9999999661075315,0.9996635048152374,0.9999999999999412,0.9999999999999944,0.999999999056353,2.241963805468561e-06,1.148695474178795e-15,1.1486990176905508e-15,1.0921340300068378e-15,0.999999487914026,0.9994359615832606,0.9999999999999519,0.9999999999999968,0.9999999995156351,1.015631564724657e-05,2.622319954332544e-13,2.622320411828222e-13,2.6173971221088633e-13,0.9999920396103782,0.9968282468798239,0.9999999999999355,0.9999999999999953,0.9999999946825229,0.00011621796359568887,6.336780190508347e-11,6.336780285613764e-11,6.328471948935691e-11
98,3.2485052045032594,0.9999999811399993,0.9996635048152374,0.9999999999999412,0.9999999999999944,0.999999999056353,2.241973921381633e-06,3.5569742914095006e-16,3.5569940097929173e-16,3.2750491235680715e-16,0.9999996999699055,0.9994359615832606,0.9999999999999519,0.9999999999999968,0.9999999995156351,1.0156554690357545e-05,9.001802875385595e-14,9.001805555842653e-14,8.973114983916339e-14,0.9999950605903661,0.9968282468798239,0.9999999999999355,0.9999999999999953,0.9999999946825229,0.00011623708823105891,2.439776689453236e-11,2.4397767484659995e-11,2.434681207573574e-11
99,3.2797836346407045,0.9999999896153771,0.9996635048152374,0.9999999999999412,0.9999999999999944,0.999999999056353,2.241979624981371e-06,1.0783918432377397e-16,1.0784027004507819e-16,9.564120538082174e-17,0.9999998260515297,0.9994359615832606,0.9999999999999519,0.9999999999999968,0.9999999995156351,1.0156696860357019e-05,3.0258053574167934e-14,3.0258069114650755e-14,3.009330147252087e-14,0.999996966923322,0.9968282468798239,0.9999999999999355,0.9999999999999953,0.9999999946825229,0.00011624916586784736,9.199553743967078e-12,9.199554106338805e-12,9.168872444711635e-12
