,t,true_cdf_0.3,Standard_beran_cdf_0.3,LogisticRegression_cdf_0.3,Standard_beran_mise_0.3,LogisticRegression_mise_0.3,true_cdf_0.5,Standard_beran_cdf_0.5,LogisticRegression_cdf_0.5,Standard_beran_mise_0.5,LogisticRegression_mise_0.5,true_cdf_0.7,Standard_beran_cdf_0.7,LogisticRegression_cdf_0.7,Standard_beran_mise_0.7,LogisticRegression_mise_0.7
0,-0.9082264141386431,0.003952569169960474,0.0,0.0,1.5622803043322026e-05,1.5622803043322026e-05,0.003952569169960474,0.0,0.0,1.5622803043322026e-05,1.5622803043322026e-05,0.003952569169960474,0.0,0.0,1.5622803043322026e-05,1.5622803043322026e-05
1,-0.8587548334483631,0.003952569169960474,0.0,0.0,1.5622803043322026e-05,1.5622803043322026e-05,0.003952569169960474,0.0039525691699604515,0.003912441388447619,5.085658759397545e-34,3.0474802880539424e-09,0.003952569169960474,0.0039525691699604515,0.003912441388447619,5.085658759397545e-34,3.0474802880539424e-09
2,-0.8092832527580832,0.005928853754940711,0.0,0.0,3.5151306847474576e-05,3.5151306847474576e-05,0.005928853754940711,0.005928853754940677,0.005658796451194215,1.1442732208644476e-33,8.847253956308943e-08,0.005928853754940711,0.005928853754940677,0.005658796451194215,1.1442732208644476e-33,8.847253956308943e-08
3,-0.7598116720678032,0.007905138339920948,0.0,0.0,6.24912121732881e-05,6.24912121732881e-05,0.007905138339920948,0.007905138339920903,0.007290697488163589,2.034263503759018e-33,4.2528028525532276e-07,0.007905138339920948,0.007905138339920903,0.007290697488163589,2.034263503759018e-33,4.2528028525532276e-07
4,-0.7103400913775233,0.007905138339920948,0.0,0.0,6.24912121732881e-05,6.24912121732881e-05,0.007905138339920948,0.007905138339920903,0.007290697488163589,2.034263503759018e-33,4.2528028525532276e-07,0.007905138339920948,0.007905138339920903,0.007290697488163589,2.034263503759018e-33,4.2528028525532276e-07
5,-0.6608685106872433,0.017786561264822136,0.0,0.0,0.00031636176162727115,0.00031636176162727115,0.017786561264822136,0.017786561264822143,0.015393797261235732,4.81482486096809e-35,5.913078104727373e-06,0.017786561264822136,0.017786561264822143,0.015393797261235732,4.81482486096809e-35,5.913078104727373e-06
6,-0.6113969299969633,0.021739130434782608,0.0,0.0,0.00047258979206049156,0.00047258979206049156,0.021739130434782608,0.021739130434782705,0.019062675298971467,9.437056727497456e-33,7.449192784214067e-06,0.021739130434782608,0.021739130434782705,0.019062675298971467,9.437056727497456e-33,7.449192784214067e-06
7,-0.5619253493066834,0.023715415019762844,0.0,0.0,0.0005624209095595932,0.0005624209095595932,0.023715415019762844,0.02371541501976293,0.020925950954731477,7.52316384526264e-33,8.110406128440177e-06,0.023715415019762844,0.02371541501976293,0.020925950954731477,7.52316384526264e-33,8.110406128440177e-06
8,-0.5124537686164033,0.03557312252964427,0.0,0.0,0.0012654470465090846,0.0012654470465090846,0.03557312252964427,0.035573122529644285,0.030983339464375027,1.925929944387236e-34,2.174069020353354e-05,0.03557312252964427,0.035573122529644285,0.030983339464375027,1.925929944387236e-34,2.174069020353354e-05
9,-0.4629821879261234,0.041501976284584984,0.0,0.0,0.0017224140355262545,0.0017224140355262545,0.041501976284584984,0.041501976284585074,0.03686591610201484,8.137054015036071e-33,2.221406762169808e-05,0.041501976284584984,0.041501976284585074,0.03686591610201484,8.137054015036071e-33,2.221406762169808e-05
10,-0.41351060723584343,0.043478260869565216,0.0,0.0,0.0018903591682419662,0.0018903591682419662,0.043478260869565216,0.0434782608695653,0.038633075184143675,6.933347799794049e-33,2.43067005511381e-05,0.043478260869565216,0.0434782608695653,0.038633075184143675,6.933347799794049e-33,2.43067005511381e-05
11,-0.3640390265455634,0.04743083003952569,0.0,0.0,0.002249683638238373,0.002249683638238373,0.04743083003952569,0.04743083003952586,0.04212408794633673,3.009265538105056e-32,2.920225025795492e-05,0.04743083003952569,0.04743083003952586,0.04212408794633673,3.009265538105056e-32,2.920225025795492e-05
12,-0.3145674458552834,0.05731225296442688,0.0,0.0,0.0032846943398584577,0.0032846943398584577,0.05731225296442688,0.05731225296442699,0.05098345992049562,1.232595164407831e-32,4.162261362411428e-05,0.05731225296442688,0.05731225296442699,0.05098345992049562,1.232595164407831e-32,4.162261362411428e-05
13,-0.2650958651650035,0.06719367588932806,0.0,0.0,0.004514990079520068,0.004514990079520068,0.06719367588932806,0.06719367588932812,0.05992823136851706,3.0814879110195774e-33,5.4852553366538026e-05,0.06719367588932806,0.06719367588932812,0.05992823136851706,3.0814879110195774e-33,5.4852553366538026e-05
14,-0.21562428447472348,0.07114624505928854,0.0,0.0,0.0050617881860363385,0.0050617881860363385,0.07114624505928854,0.07114624505928857,0.06324644663189188,7.703719777548943e-34,6.482934463573355e-05,0.07114624505928854,0.07114624505928857,0.06324644663189188,7.703719777548943e-34,6.482934463573355e-05
15,-0.16615270378444358,0.08102766798418973,0.0,0.0,0.0065654829789560856,0.0065654829789560856,0.08102766798418973,0.08102766798418981,0.07177547979448391,6.933347799794049e-33,8.88895707603644e-05,0.08102766798418973,0.08102766798418981,0.07177547979448391,6.933347799794049e-33,8.88895707603644e-05
16,-0.11668112309416356,0.08893280632411067,0.0,0.0,0.00790904404068178,0.00790904404068178,0.08893280632411067,0.08893280632411071,0.07709231167740797,1.7333369499485123e-33,0.00014378035380251908,0.08893280632411067,0.08893280632411071,0.07709231167740797,1.7333369499485123e-33,0.00014378035380251908
17,-0.06720954240388355,0.1007905138339921,0.0,0.0,0.01015872767892015,0.01015872767892015,0.1007905138339921,0.10079051383399207,0.08585709936434628,7.703719777548943e-34,0.00022732472538848186,0.1007905138339921,0.10079051383399207,0.08585709936434628,7.703719777548943e-34,0.00022732472538848186
18,-0.017737961713603645,0.11264822134387352,0.0,0.0,0.01268962177193832,0.01268962177193832,0.11264822134387352,0.11264822134387345,0.0950492331955107,9.437056727497456e-33,0.00031519334767785674,0.11264822134387352,0.11264822134387345,0.0950492331955107,9.437056727497456e-33,0.00031519334767785674
19,0.03173361897667637,0.13636363636363635,0.0,0.0,0.018595041322314047,0.018595041322314047,0.13636363636363635,0.13648248172732189,0.1220191971833452,1.535851711179706e-08,0.00021932054605678769,0.13636363636363635,0.13648248172732189,0.1220191971833452,1.535851711179706e-08,0.00021932054605678769
20,0.08120519966695627,0.15217391304347827,0.0,0.02464918488287171,0.023156899810964086,0.021730502218878543,0.15217391304347827,0.15156910970763668,0.14442375526930426,2.049873735439404e-06,7.354444048602858e-05,0.15217391304347827,0.15156910970763668,0.14442375526930426,2.049873735439404e-06,7.354444048602858e-05
21,0.1306767803572364,0.17391304347826086,0.0,0.09724480132754068,0.03024574669187146,0.04469051727706823,0.17391304347826086,0.17288645851384013,0.17096184338975978,1.0222340744957107e-05,4.01720696361599e-05,0.17391304347826086,0.17288645851384013,0.17096184338975978,1.0222340744957107e-05,4.01720696361599e-05
22,0.1801483610475163,0.191699604743083,0.0,0.10673017945265979,0.03674873845865425,0.0449768490865171,0.191699604743083,0.184806010672267,0.1913327336651683,6.269313595533009e-05,4.6637120930593326e-05,0.191699604743083,0.184806010672267,0.1913327336651683,6.269313595533009e-05,4.6637120930593326e-05
23,0.2296199417377962,0.20553359683794467,0.0,0.10673017945265979,0.04224405942914278,0.047519161139343104,0.20553359683794467,0.20394327646485352,0.21575655859183018,1.923464131860726e-05,0.00015603479214641418,0.20553359683794467,0.20394327646485352,0.21575655859183018,1.923464131860726e-05,0.00015603479214641418
24,0.27909152242807633,0.21739130434782608,0.0,0.13629885046924756,0.04725897920604915,0.04585357579338047,0.21739130434782608,0.2170407766514968,0.23390841322976655,1.2634828190154912e-05,0.00032627856337994794,0.21739130434782608,0.2170407766514968,0.23390841322976655,1.2634828190154912e-05,0.00032627856337994794
25,0.32856310311835624,0.23122529644268774,0.0,0.21369104884363402,0.053465137715008826,0.08729504740579128,0.23122529644268774,0.230042923434883,0.2511432871851079,4.329646870020235e-05,0.00044340920163193936,0.23122529644268774,0.230042923434883,0.2511432871851079,4.329646870020235e-05,0.00044340920163193936
26,0.37803468380863614,0.2490118577075099,0.4588235941828551,0.5504099775519128,0.2069067385575786,0.1529709102967952,0.2490118577075099,0.24578205212807602,0.2699791716466625,6.001769394898189e-05,0.0004981806517191662,0.2490118577075099,0.24578205212807602,0.2699791716466625,6.001769394898189e-05,0.0004981806517191662
27,0.42750626449891604,0.2628458498023715,0.4588235941828551,0.5504099775519128,0.20129305008724105,0.14482321121940864,0.2628458498023715,0.26080581578499956,0.291993992712145,8.232677969633167e-05,0.0009500084653408959,0.2628458498023715,0.26080581578499956,0.291993992712145,8.232677969633167e-05,0.0009500084653408959
28,0.47697784518919617,0.28063241106719367,0.4588235941828551,0.5543811639401912,0.19463787153493808,0.13850395807355392,0.28063241106719367,0.281330283974394,0.3140388699279102,0.000126290379864596,0.001236050730063191,0.28063241106719367,0.281330283974394,0.3140388699279102,0.000126290379864596,0.001236050730063191
29,0.5264494258794761,0.2964426877470356,0.4588235941828551,0.5999652217059053,0.18925333256969723,0.14591406739881424,0.2964426877470356,0.2966193542211709,0.33471611691452996,0.00012537390196238615,0.0015962401085415048,0.2964426877470356,0.2966193542211709,0.33471611691452996,0.00012537390196238615,0.0015962401085415048
30,0.575921006569756,0.3241106719367589,0.6985699393221172,0.6790772326078013,0.2497604920705625,0.21203881955111265,0.3241106719367589,0.32614780912997593,0.36388336739227045,0.00024148700448655623,0.001781629954170506,0.3241106719367589,0.32614780912997593,0.36388336739227045,0.00024148700448655623,0.001781629954170506
31,0.6253925872600361,0.3458498023715415,0.6985699393221172,0.6790790629509145,0.23395224415021612,0.19707811610552475,0.3458498023715415,0.3488622261574471,0.3861783209468438,0.0002427583126254853,0.001867545700927229,0.3458498023715415,0.3488622261574471,0.3861783209468438,0.0002427583126254853,0.001867545700927229
32,0.674864167950316,0.38735177865612647,0.6985699393221172,0.6906293765461863,0.20639749266810564,0.18395768206504098,0.38735177865612647,0.38905044831386515,0.41943061150078603,0.00029982383299263473,0.0012432290160036877,0.38735177865612647,0.38905044831386515,0.41943061150078603,0.00029982383299263473,0.0012432290160036877
33,0.7243357486405959,0.424901185770751,0.6985699393221172,0.6906293765461863,0.18443533581014163,0.16259185205586232,0.424901185770751,0.41487021635956706,0.4435219734669206,0.0005391083342337267,0.0006310616501473852,0.424901185770751,0.41487021635956706,0.4435219734669206,0.0005391083342337267,0.0006310616501473852
34,0.773807329330876,0.45454545454545453,0.6985699393221172,0.6906293765461863,0.16908869831029888,0.14771599891032378,0.45454545454545453,0.45428982066456153,0.47688604316902544,0.0003862059560195065,0.0007054640019414144,0.45454545454545453,0.45428982066456153,0.47688604316902544,0.0003862059560195065,0.0007054640019414144
35,0.8232789100211559,0.48616600790513836,0.7406615135900406,0.7550740678289398,0.1801953362569396,0.15848221343610347,0.48616600790513836,0.4916940905622836,0.5049119418929499,0.0003286165816108232,0.0005563469963593322,0.48616600790513836,0.4916940905622836,0.5049119418929499,0.0003286165816108232,0.0005563469963593322
36,0.8727504907114358,0.5059288537549407,0.9228641953447031,0.9349944919529081,0.21446704223095034,0.19145641074538683,0.5059288537549407,0.5076184569822657,0.5198175109208792,0.0003575457664495178,0.0004637470679850474,0.5059288537549407,0.5076184569822657,0.5198175109208792,0.0003575457664495178,0.0004637470679850474
37,0.922222071401716,0.541501976284585,0.9228641953447031,0.9349944919529081,0.18606910529083603,0.16219544875014327,0.541501976284585,0.5462741155226054,0.549945154086423,0.0004523832624457818,0.00038432977983968815,0.541501976284585,0.5462741155226054,0.549945154086423,0.0004523832624457818,0.00038432977983968815
38,0.9716936520919959,0.5731225296442688,0.9228641953447031,0.9349944919529081,0.16295119589129284,0.138310405968263,0.5731225296442688,0.5823806253784074,0.5737459648895625,0.0004723721933430701,0.00032455927053508433,0.5731225296442688,0.5823806253784074,0.5737459648895625,0.0004723721933430701,0.00032455927053508433
39,1.0211652327822758,0.6007905138339921,0.9228641953447031,0.9349944919529081,0.14436341948624143,0.11905138785366665,0.6007905138339921,0.6121936183772623,0.598377677451483,0.0004615654363407043,0.0003878546411709053,0.6007905138339921,0.6121936183772623,0.598377677451483,0.0004615654363407043,0.0003878546411709053
40,1.0706368134725557,0.6383399209486166,0.9971739716418788,0.999991408667079,0.1288337538634628,0.13079179921734255,0.6383399209486166,0.6504630225128318,0.6258940225515353,0.0005286950262900333,0.000571138319210327,0.6383399209486166,0.6504630225128318,0.6258940225515353,0.0005286950262900333,0.000571138319210327
41,1.1201083941628356,0.6640316205533597,0.9971739716418788,0.999991408667079,0.11105570401531417,0.11286897987778051,0.6640316205533597,0.6730066952849457,0.6440016068095635,0.000548279779007491,0.0008312700398344156,0.6640316205533597,0.6730066952849457,0.6440016068095635,0.000548279779007491,0.0008312700398344156
42,1.169579974853116,0.6936758893280632,0.9971739716418788,0.999991408667079,0.09218296389469163,0.09382919803629633,0.6936758893280632,0.7026835084067321,0.667221815804312,0.000506691250714119,0.0013535514491799512,0.6936758893280632,0.7026835084067321,0.667221815804312,0.000506691250714119,0.0013535514491799512
43,1.2190515555433958,0.7213438735177866,0.9971739716418788,0.999991408667079,0.0761541209576744,0.0776444494931415,0.7213438735177866,0.7336525962085377,0.6923501148999118,0.0008640492654770149,0.0018092966298231684,0.7213438735177866,0.7336525962085377,0.6923501148999118,0.0008640492654770149,0.0018092966298231684
44,1.2685231362336757,0.7549407114624506,0.9971739716418788,0.999991408667079,0.05874883026368264,0.060049844848839865,0.7549407114624506,0.767883423859473,0.7195604404851492,0.0007870545881474586,0.0022717642627445023,0.7549407114624506,0.767883423859473,0.7195604404851492,0.0007870545881474586,0.0022717642627445023
45,1.3179947169239556,0.7608695652173914,0.9971739716418788,0.999991408667079,0.0559116504221574,0.05717925666314231,0.7608695652173914,0.7741250815430046,0.7287549894616298,0.0008192297000168217,0.0020614275094656435,0.7608695652173914,0.7741250815430046,0.7287549894616298,0.0008192297000168217,0.0020614275094656435
46,1.3674662976142355,0.7608695652173914,0.9971739716418788,0.999991408667079,0.0559116504221574,0.05717925666314231,0.7608695652173914,0.7741250815430046,0.7329803079718789,0.0008192297000168217,0.00203363117598006,0.7608695652173914,0.7741250815430046,0.7329803079718789,0.0008192297000168217,0.00203363117598006
47,1.4169378783045155,0.7628458498023716,0.9971739716418788,0.999991408667079,0.054981546611359,0.0562380167376198,0.7628458498023716,0.7773563671265246,0.7399470449923836,0.0009237692931984953,0.0017355621187068316,0.7628458498023716,0.7773563671265246,0.7399470449923836,0.0009237692931984953,0.0017355621187068316
48,1.4664094589947958,0.7766798418972332,0.9971739716418788,0.999991408667079,0.048689539178376685,0.049868056501568704,0.7766798418972332,0.7905321553145572,0.7501964372064445,0.0010543714969349206,0.002187497511274233,0.7766798418972332,0.7905321553145572,0.7501964372064445,0.0010543714969349206,0.002187497511274233
49,1.5158810396850757,0.782608695652174,0.9971739716418788,0.999991408667079,0.04611013558706627,0.047255244566085965,0.782608695652174,0.7947604003388966,0.759053673687713,0.0009711511979629227,0.0018925085031115927,0.782608695652174,0.7947604003388966,0.759053673687713,0.0009711511979629227,0.0018925085031115927
50,1.5653526203753556,0.7905138339920948,0.9971739716418788,0.999991408667079,0.0427802904199557,0.04388085494007895,0.7905138339920948,0.8045093449628833,0.7713782991664166,0.0007536707069069322,0.0013534495506082199,0.7905138339920948,0.8045093449628833,0.7713782991664166,0.0007536707069069322,0.0013534495506082199
51,1.6148242010656355,0.7984189723320159,0.9971739716418788,0.999991408667079,0.03957542767719167,0.040631447738418466,0.7984189723320159,0.8100428616046154,0.7788986467909721,0.0007866647095849408,0.0015361289429199918,0.7984189723320159,0.8100428616046154,0.7788986467909721,0.0007866647095849408,0.0015361289429199918
52,1.6642957817559154,0.808300395256917,0.9971739716418788,0.999991408667079,0.03574510578297405,0.0367454452705803,0.808300395256917,0.8185507452818366,0.788435777111107,0.0008434639094572673,0.0017418781972385253,0.808300395256917,0.8185507452818366,0.788435777111107,0.0008434639094572673,0.0017418781972385253
53,1.7137673624461953,0.8181818181818182,0.9971739716418788,0.999991408667079,0.03211006892679792,0.03305472784078361,0.8181818181818182,0.8311522907007994,0.8015278642272919,0.0011271771951752926,0.0017877971107536218,0.8181818181818182,0.8311522907007994,0.8015278642272919,0.0011271771951752926,0.0017877971107536218
54,1.7632389431364752,0.8241106719367589,0.9971739716418788,0.999991408667079,0.03002278363135219,0.03093403420116555,0.8241106719367589,0.8390696164358376,0.8098088762840152,0.0012198770794275859,0.0016914107886800238,0.8241106719367589,0.8390696164358376,0.8098088762840152,0.0012198770794275859,0.0016914107886800238
55,1.8127105238267556,0.83399209486166,0.9971739716418788,0.999991408667079,0.02670020283604254,0.02755577283223535,0.83399209486166,0.8445903725652094,0.8189958000095562,0.0010557599155583675,0.0015172552662012441,0.83399209486166,0.8445903725652094,0.8189958000095562,0.0010557599155583675,0.0015172552662012441
56,1.8621821045170355,0.841897233201581,0.9971739716418788,0.999991408667079,0.024182743427184683,0.02499376896448104,0.841897233201581,0.8495011915890542,0.8271496326363856,0.0009851713419083267,0.0014867299837419763,0.841897233201581,0.8495011915890542,0.8271496326363856,0.0009851713419083267,0.0014867299837419763
57,1.9116536852073154,0.8478260869565217,0.9971739716418788,0.999991408667079,0.022376668586518753,0.02315428577964278,0.8478260869565217,0.8576903021378495,0.8394416544686939,0.0010745787041201748,0.0016960014240462629,0.8478260869565217,0.8576903021378495,0.8394416544686939,0.0010745787041201748,0.0016960014240462629
58,1.9611252658975953,0.8537549407114624,0.9971739716418788,0.999991408667079,0.020640896359547776,0.02138510520849947,0.8537549407114624,0.8626801450896269,0.8433617412756563,0.0010158083546780489,0.0016290658420041871,0.8537549407114624,0.8626801450896269,0.8433617412756563,0.0010158083546780489,0.0016290658420041871
59,2.010596846587875,0.8636363636363636,0.9971739716418788,0.999991408667079,0.01790417067836266,0.0185926989536938,0.8636363636363636,0.8729021374915034,0.8548084196073434,0.0012536322044108786,0.0017484925670341208,0.8636363636363636,0.8729021374915034,0.8548084196073434,0.0012536322044108786,0.0017484925670341208
60,2.0600684272781553,0.8695652173913043,0.9971739716418788,0.999991408667079,0.016355872087911543,0.01701099201907035,0.8695652173913043,0.8805571437004905,0.8623256604223174,0.0013556334173036584,0.0017648834344381984,0.8695652173913043,0.8805571437004905,0.8623256604223174,0.0013556334173036584,0.0017648834344381984
61,2.1095400079684357,0.8754940711462451,0.9971739716418788,0.999991408667079,0.01487787611115535,0.015499587698141823,0.8754940711462451,0.8891940649791479,0.8718530844294292,0.0015571202375786039,0.0017307661073137602,0.8754940711462451,0.8891940649791479,0.8718530844294292,0.0015571202375786039,0.0017307661073137602
62,2.159011588658715,0.883399209486166,0.9971739716418788,0.999991408667079,0.013016574430117046,0.013593741558207074,0.883399209486166,0.898453364105076,0.8826361081115255,0.0013038963876391126,0.0013590661072023522,0.883399209486166,0.898453364105076,0.8826361081115255,0.0013038963876391126,0.0013590661072023522
63,2.2084831693489955,0.8932806324110671,0.9971739716418788,0.999991408667079,0.010865703863056539,0.011387190417526014,0.8932806324110671,0.9026950233498667,0.8855419719267376,0.0009350526470919956,0.001326511214788478,0.8932806324110671,0.9026950233498667,0.8855419719267376,0.0009350526470919956,0.001326511214788478
64,2.257954750039275,0.8952569169960475,0.9971739716418788,0.999991408667079,0.010458963954209397,0.01096931439395476,0.8952569169960475,0.9045078066907404,0.8883159988026691,0.0008542965010332627,0.0011507464276187657,0.8952569169960475,0.9045078066907404,0.8883159988026691,0.0008542965010332627,0.0011507464276187657
65,2.3074263307295553,0.8952569169960475,0.9971739716418788,0.999991408667079,0.010458963954209397,0.01096931439395476,0.8952569169960475,0.9045078066907404,0.8915393326359444,0.0008542965010332627,0.0010669639789943077,0.8952569169960475,0.9045078066907404,0.8915393326359444,0.0008542965010332627,0.0010669639789943077
66,2.3568979114198347,0.9051383399209486,0.9971739716418788,0.999991408667079,0.00854243543279872,0.008997105298923527,0.9051383399209486,0.9132382401438942,0.9049864236257574,0.0013739179772421918,0.0014865348972352551,0.9051383399209486,0.9132382401438942,0.9049864236257574,0.0013739179772421918,0.0014865348972352551
67,2.406369492110115,0.9130434782608695,0.9971739716418788,0.999991408667079,0.007149817843060073,0.007559943250288437,0.9130434782608695,0.9301024170872886,0.9192486671388578,0.001288609744324935,0.0014014661280924428,0.9130434782608695,0.9301024170872886,0.9192486671388578,0.001288609744324935,0.0014014661280924428
68,2.4558410728003954,0.9130434782608695,0.9971739716418788,0.999991408667079,0.007149817843060073,0.007559943250288437,0.9130434782608695,0.9301024170872886,0.9241920661324089,0.001288609744324935,0.0014604803471128666,0.9130434782608695,0.9301024170872886,0.9241920661324089,0.001288609744324935,0.0014604803471128666
69,2.505312653490675,0.9209486166007905,0.9971739716418788,0.999991408667079,0.005882182677667985,0.006247763625999906,0.9209486166007905,0.9372958212797424,0.9355110542150961,0.0009785454655459817,0.0012338268403971698,0.9209486166007905,0.9372958212797424,0.9355110542150961,0.0009785454655459817,0.0012338268403971698
70,2.5547842341809552,0.924901185770751,0.9971739716418788,0.999991408667079,0.005295233504101917,0.005638542222985615,0.924901185770751,0.9372958212797424,0.9404097499338129,0.0008649413541311869,0.0012068070635314686,0.924901185770751,0.9372958212797424,0.9404097499338129,0.0008649413541311869,0.0012068070635314686
71,2.6042558148712347,0.9288537549407114,0.9971739716418788,0.999991408667079,0.004739529936622492,0.005060566426057968,0.9288537549407114,0.9439366750607381,0.9513454765495327,0.0010657949692839174,0.0016785341610645766,0.9288537549407114,0.9439366750607381,0.9513454765495327,0.0010657949692839174,0.0016785341610645766
72,2.653727395561515,0.932806324110672,0.9971739716418788,0.999991408667079,0.0042150719752296955,0.0045138362352169495,0.932806324110672,0.949900235912543,0.954822321944952,0.0009488516984136909,0.0015077176794808106,0.932806324110672,0.949900235912543,0.954822321944952,0.0009488516984136909,0.0015077176794808106
73,2.7031989762517945,0.9347826086956522,0.9971739716418788,0.999991408667079,0.0039645600968157965,0.00425218824207894,0.9347826086956522,0.949900235912543,0.9581176394332387,0.0008851925303924232,0.0017458364724464131,0.9347826086956522,0.949900235912543,0.9581176394332387,0.0008851925303924232,0.0017458364724464131
74,2.752670556942075,0.9347826086956522,0.9971739716418788,0.999991408667079,0.0039645600968157965,0.00425218824207894,0.9347826086956522,0.949900235912543,0.9593842801273755,0.0008851925303924232,0.0017202256329792377,0.9347826086956522,0.949900235912543,0.9593842801273755,0.0008851925303924232,0.0017202256329792377
75,2.802142137632355,0.9367588932806324,0.9971739716418788,0.999991408667079,0.003721859619923559,0.003998351650462591,0.9367588932806324,0.949900235912543,0.9634146999783336,0.0008293447638928161,0.0019742251075880396,0.9367588932806324,0.949900235912543,0.9634146999783336,0.0008293447638928161,0.0019742251075880396
76,2.8516137183226347,0.9367588932806324,0.9971739716418788,0.999991408667079,0.003721859619923559,0.003998351650462591,0.9367588932806324,0.949900235912543,0.9644003108367967,0.0008293447638928161,0.0019725992911984887,0.9367588932806324,0.949900235912543,0.9644003108367967,0.0008293447638928161,0.0019725992911984887
77,2.901085299012915,0.9387351778656127,0.9971739716418788,0.999991408667079,0.0034869705445529815,0.003752326460367903,0.9387351778656127,0.949900235912543,0.9686120917477075,0.0007813083989148699,0.0022059274053526034,0.9387351778656127,0.949900235912543,0.9686120917477075,0.0007813083989148699,0.0022059274053526034
78,2.9505568797031945,0.9387351778656127,0.9971739716418788,0.999991408667079,0.0034869705445529815,0.003752326460367903,0.9387351778656127,0.949900235912543,0.9686120917477075,0.0007813083989148699,0.0022059274053526034,0.9387351778656127,0.949900235912543,0.9686120917477075,0.0007813083989148699,0.0022059274053526034
79,3.000028460393475,0.9387351778656127,0.9971739716418788,0.999991408667079,0.0034869705445529815,0.003752326460367903,0.9387351778656127,0.949900235912543,0.9707671507853842,0.0007813083989148699,0.002065514729062314,0.9387351778656127,0.949900235912543,0.9707671507853842,0.0007813083989148699,0.002065514729062314
80,3.0495000410837543,0.9407114624505929,0.9971739716418788,0.999991408667079,0.0032598928707040647,0.0035141126717948756,0.9407114624505929,0.949900235912543,0.9707671507853842,0.0007410834354585848,0.0019428118412074477,0.9407114624505929,0.949900235912543,0.9707671507853842,0.0007410834354585848,0.0019428118412074477
81,3.0989716217740346,0.9426877470355731,0.9971739716418788,0.999991408667079,0.00304062659837681,0.0032837102847435096,0.9426877470355731,0.949900235912543,0.9707671507853842,0.0007086698735239606,0.0018279203548742426,0.9426877470355731,0.949900235912543,0.9707671507853842,0.0007086698735239606,0.0018279203548742426
82,3.148443202464314,0.9426877470355731,0.9971739716418788,0.999991408667079,0.00304062659837681,0.0032837102847435096,0.9426877470355731,0.949900235912543,0.9732026337669735,0.0007086698735239606,0.0017997398387860693,0.9426877470355731,0.949900235912543,0.9732026337669735,0.0007086698735239606,0.0017997398387860693
83,3.1979147831545944,0.9446640316205533,0.9971739716418788,0.999991408667079,0.002829171727571216,0.003061119299213805,0.9446640316205533,0.949900235912543,0.9759394520760327,0.0006840677131109971,0.0016061455939999007,0.9446640316205533,0.949900235912543,0.9759394520760327,0.0006840677131109971,0.0016061455939999007
84,3.247386363844875,0.9486166007905138,0.9971739716418788,0.999991408667079,0.00242969619052501,0.002639371532719376,0.9486166007905138,0.949900235912543,0.9810314764723002,0.0006582975968500534,0.0016385357901096038,0.9486166007905138,0.949900235912543,0.9810314764723002,0.0006582975968500534,0.0016385357901096038
85,3.2968579445351542,0.950592885375494,0.9971739716418788,0.999991408667079,0.0022416755242843983,0.0024402147517546538,0.950592885375494,0.949900235912543,0.9835450162074444,0.0006571296410020729,0.001545869477552766,0.950592885375494,0.949900235912543,0.9835450162074444,0.0006571296410020729,0.001545869477552766
86,3.3463295252254346,0.9545454545454546,0.9971739716418788,0.999991408667079,0.0018890683963681486,0.0020653353943901817,0.9545454545454546,0.949900235912543,0.9835450162074444,0.0006782279338710957,0.0013010011277743414,0.9545454545454546,0.949900235912543,0.9835450162074444,0.0006782279338710957,0.0013010011277743414
87,3.395801105915714,0.9545454545454546,0.9971739716418788,0.999991408667079,0.0018890683963681486,0.0020653353943901817,0.9545454545454546,0.949900235912543,0.9835450162074444,0.0006782279338710957,0.0013010011277743414,0.9545454545454546,0.949900235912543,0.9835450162074444,0.0006782279338710957,0.0013010011277743414
88,3.4452726866059944,0.9565217391304348,0.9971739716418788,0.999991408667079,0.0017244819346925201,0.0018896128179904427,0.9565217391304348,0.949900235912543,0.9835450162074444,0.0007004941825880983,0.0011902840551676244,0.9565217391304348,0.949900235912543,0.9835450162074444,0.0007004941825880983,0.0011902840551676244
89,3.494744267296274,0.958498023715415,0.9971739716418788,0.999991408667079,0.001567706874538553,0.0017217016431123645,0.958498023715415,0.949900235912543,0.9835450162074444,0.0007305718328267619,0.0010873783840825682,0.958498023715415,0.949900235912543,0.9835450162074444,0.0007305718328267619,0.0010873783840825682
90,3.544215847986554,0.958498023715415,0.9971739716418788,0.999991408667079,0.001567706874538553,0.0017217016431123645,0.958498023715415,0.949900235912543,0.9835450162074444,0.0007305718328267619,0.0010873783840825682,0.958498023715415,0.949900235912543,0.9835450162074444,0.0007305718328267619,0.0010873783840825682
91,3.5936874286768345,0.9604743083003953,0.9971739716418788,0.999991408667079,0.0014187432159062463,0.0015616018697559469,0.9604743083003953,0.949900235912543,0.9835450162074444,0.0007684608845870864,0.0009922841145191725,0.9604743083003953,0.949900235912543,0.9835450162074444,0.0007684608845870864,0.0009922841145191725
92,3.643159009367114,0.9624505928853755,0.9971739716418788,0.999991408667079,0.0012775909587956007,0.0014093134979211905,0.9624505928853755,0.949900235912543,0.9835450162074444,0.0008141613378690717,0.0009050012464774384,0.9624505928853755,0.949900235912543,0.9835450162074444,0.0008141613378690717,0.0009050012464774384
93,3.6926305900573944,0.9624505928853755,0.9971739716418788,0.999991408667079,0.0012775909587956007,0.0014093134979211905,0.9624505928853755,0.949900235912543,0.9835450162074444,0.0008141613378690717,0.0009050012464774384,0.9624505928853755,0.949900235912543,0.9835450162074444,0.0008141613378690717,0.0009050012464774384
94,3.742102170747674,0.9624505928853755,0.9971739716418788,0.999991408667079,0.0012775909587956007,0.0014093134979211905,0.9624505928853755,0.949900235912543,0.9835450162074444,0.0008141613378690717,0.0009050012464774384,0.9624505928853755,0.949900235912543,0.9835450162074444,0.0008141613378690717,0.0009050012464774384
95,3.791573751437954,0.9624505928853755,0.9971739716418788,0.999991408667079,0.0012775909587956007,0.0014093134979211905,0.9624505928853755,0.949900235912543,0.9835450162074444,0.0008141613378690717,0.0009050012464774384,0.9624505928853755,0.949900235912543,0.9835450162074444,0.0008141613378690717,0.0009050012464774384
96,3.8410453321282345,0.9664031620553359,0.9971739716418788,0.999991408667079,0.0010187206491392923,0.0011281709588166604,0.9664031620553359,0.949900235912543,0.9835450162074444,0.0009289964489980256,0.0007538697149589523,0.9664031620553359,0.949900235912543,0.9835450162074444,0.0009289964489980256,0.0007538697149589523
97,3.890516912818514,0.9683794466403162,0.9971739716418788,0.999991408667079,0.0009010025965936296,0.0009993167915468865,0.9683794466403162,0.949900235912543,0.986673568848599,0.0009981311068449938,0.0007899957666468186,0.9683794466403162,0.949900235912543,0.986673568848599,0.0009981311068449938,0.0007899957666468186
98,3.9399884935087943,0.9683794466403162,0.9971739716418788,0.999991408667079,0.0009010025965936296,0.0009993167915468865,0.9683794466403162,0.949900235912543,0.9897299089675577,0.0009981311068449938,0.0008898699490518731,0.9683794466403162,0.949900235912543,0.9897299089675577,0.0009981311068449938,0.0008898699490518731
99,3.989460074199074,1.0,0.9971739716418788,0.999991408667079,7.986436280891223e-05,7.221763935132505e-10,1.0,0.949900235912543,0.9926610510205112,0.0031666362393423936,0.00027873566290017324,1.0,0.949900235912543,0.9926610510205112,0.0031666362393423936,0.00027873566290017324
