,t,true_cdf_0.3,Standard_beran_cdf_0.3,Standard_beran_mise_0.3,True_proba_cdf_0.3,True_proba_mise_0.3,Subramanian_cdf_0.3,Subramanian_mise_0.3,NN_MAR_cdf_0.3,NN_MAR_mise_0.3,NN_MAR_with_delta_cdf_0.3,NN_MAR_with_delta_mise_0.3,NN_two_steps_cdf_0.3,NN_two_steps_mise_0.3,NN_two_steps_with_delta_cdf_0.3,NN_two_steps_with_delta_mise_0.3,Standard_Beran_delta_obs_only_cdf_0.3,Standard_Beran_delta_obs_only_mise_0.3,true_cdf_0.5,Standard_beran_cdf_0.5,Standard_beran_mise_0.5,True_proba_cdf_0.5,True_proba_mise_0.5,Subramanian_cdf_0.5,Subramanian_mise_0.5,NN_MAR_cdf_0.5,NN_MAR_mise_0.5,NN_MAR_with_delta_cdf_0.5,NN_MAR_with_delta_mise_0.5,NN_two_steps_cdf_0.5,NN_two_steps_mise_0.5,NN_two_steps_with_delta_cdf_0.5,NN_two_steps_with_delta_mise_0.5,Standard_Beran_delta_obs_only_cdf_0.5,Standard_Beran_delta_obs_only_mise_0.5,true_cdf_0.7,Standard_beran_cdf_0.7,Standard_beran_mise_0.7,True_proba_cdf_0.7,True_proba_mise_0.7,Subramanian_cdf_0.7,Subramanian_mise_0.7,NN_MAR_cdf_0.7,NN_MAR_mise_0.7,NN_MAR_with_delta_cdf_0.7,NN_MAR_with_delta_mise_0.7,NN_two_steps_cdf_0.7,NN_two_steps_mise_0.7,NN_two_steps_with_delta_cdf_0.7,NN_two_steps_with_delta_mise_0.7,Standard_Beran_delta_obs_only_cdf_0.7,Standard_Beran_delta_obs_only_mise_0.7
0,0.0004848584919972802,0.00029862683051064346,0.0,8.917798390083257e-08,0.0,8.917798390083257e-08,0.0,8.917798390083257e-08,0.0,8.917798390083257e-08,0.0,8.917798390083257e-08,0.0,8.917798390083257e-08,0.0,8.917798390083257e-08,0.0,8.917798390083257e-08,1.5016639851444499e-06,0.0,2.2549947242799108e-12,0.0,2.2549947242799108e-12,0.0,2.2549947242799108e-12,0.0,2.2549947242799108e-12,0.0,2.2549947242799108e-12,0.0,2.2549947242799108e-12,0.0,2.2549947242799108e-12,0.0,2.2549947242799108e-12,6.271929505845493e-09,0.0,3.933709972629529e-17,0.0,3.933709972629529e-17,0.0,3.933709972629529e-17,0.0,3.933709972629529e-17,0.0,3.933709972629529e-17,0.0,3.933709972629529e-17,0.0,3.933709972629529e-17,0.0,3.933709972629529e-17
1,0.11378426721130257,0.09177711916310233,0.11218591802010947,0.00041651907078577586,0.05831357390855463,0.001119808861003162,0.1618832693349629,0.004914872291919464,0.0871438089161366,2.146756384463761e-05,0.10548308847504739,0.00018785359477997988,0.05861192377796509,0.0010999301849343283,0.10017860708016069,7.05849992204776e-05,0.1847213238622043,0.00863862518714857,0.014981793993671152,0.011069454191962036,1.5306402724037328e-05,0.011622257886661935,1.1286482854298647e-05,0.02509057046747576,0.00010218736179734549,0.010076814436527415,2.4058824455997978e-05,0.006240990248098988,7.640165011860839e-05,0.0062423541244134295,7.637780922837145e-05,0.0062384172264698945,7.644663729323472e-05,0.02660725516357687,0.00013515134741298563,0.0020415400744102636,0.0,4.167885875423065e-06,0.0009233802561626758,1.2502813791434787e-06,0.0,4.167885875423065e-06,0.002831768976505278,6.244617177062915e-07,0.0019182766252769934,1.5193877892230305e-08,0.004709691396698856,7.119031478630365e-06,0.004284137507853281,5.029243248485207e-06,0.0,4.167885875423065e-06
2,0.22708367593060785,0.1803890568909607,0.1944894404012022,0.0001988208151358907,0.1348777594683339,0.0020712781930907944,0.24884783240436703,0.004686603944794964,0.19741253219052035,0.000289798711274718,0.20172777807663478,0.00045534102183993633,0.13351305934398783,0.0021973591460238053,0.17557091327003393,2.3214507951877146e-05,0.2862114951862057,0.011198388446750938,0.04521604197655102,0.051381189067237876,3.800903864980461e-05,0.06625274427005434,0.000442542843385488,0.07859759827995605,0.0011143283012374002,0.0663010485308062,0.0004445775013929842,0.05483139106442336,9.245493808164751e-05,0.04985161601929822,2.14885467057916e-05,0.04952004813926947,1.8524469048718388e-05,0.08289881804288346,0.001419991612065357,0.009509070093609835,0.01730114263040139,6.071639441862117e-05,0.011228213561608635,2.955454263562943e-06,0.03350611905695999,0.0005758583589494248,0.006973425554710588,6.429493227649573e-06,0.009445776199565992,4.006117023233244e-09,0.007261362277089067,5.0521904284485566e-06,0.011802868622467155,5.261511690988007e-06,0.03351584153290066,0.0005763250749383495
3,0.3403830846499131,0.2620356566510639,0.2299752805901243,0.0010278677131688682,0.17237281046228814,0.008039425986672056,0.3092457166340973,0.0022287897636016117,0.24700219407250434,0.0002260049971009498,0.2514835129223003,0.0001113477372724842,0.1684723175198568,0.008754098429381263,0.2225312393358162,0.0015605989874172403,0.35543291868556615,0.00872304855554148,0.08395259573699591,0.09798319599145566,0.00019685774350044599,0.11338916432721446,0.0008665115703666413,0.1567971285783606,0.005306325964876657,0.1436612164672083,0.003565119389504349,0.10216582357426285,0.0003317216682521952,0.10165693849694168,0.00031344375256164424,0.09061550070528279,4.439430261642197e-05,0.16528303961593105,0.006614641101544617,0.02268214061669263,0.03304493509793838,0.0001073875094605373,0.03230219251782285,9.25453985804391e-05,0.05627025075782088,0.0011281611428525626,0.017924002986944965,2.263987370362074e-05,0.018052046007209,2.143777609276938e-05,0.013431448287186565,8.557530857518237e-05,0.01965515352345959,9.162650862599417e-06,0.056877943898273164,0.001169352962072554
4,0.4536824933692184,0.33643984030289925,0.31816344286071474,0.00033402670346468854,0.27959757750853886,0.0032310428395831274,0.36923709342211164,0.0010756598121656868,0.38860335844185234,0.0027210326246328883,0.40318650244787124,0.004455116907495037,0.27016915860231894,0.00439180325305963,0.33990830366500213,1.2030238094250018e-05,0.42300940762967165,0.00749428998714458,0.12777401119714957,0.14543674157798314,0.00031197204450602136,0.17810743475858948,0.0025334535274153143,0.20888026193788733,0.006578223909219426,0.24410020859571702,0.01353178420121048,0.19133517312369963,0.004040021305453117,0.16191104577751048,0.0011653371299407565,0.14174399487237277,0.00019516044388600276,0.22137969476665043,0.008762023996513523,0.04113178948179266,0.04691885013748576,3.349007103267098e-05,0.04646396132724995,2.843205658948734e-05,0.076605817231854,0.0012584066448121218,0.033829584099950294,5.3322203438607664e-05,0.029899990667524023,0.0001261533046042064,0.021723640378130682,0.00037667625162997537,0.02619315918258247,0.00022316267521648082,0.07792479090512505,0.0013537249537373393
5,0.5669819020885237,0.40388992685099623,0.36156308377137836,0.0017915616450865951,0.34445601362641753,0.00353239004118675,0.4266436179213068,0.0005177304573231303,0.47529665138260624,0.005098920308333235,0.46768545236772185,0.00406986907595519,0.32858592845155654,0.005670692174942815,0.4050557059950438,1.35904101269632e-06,0.4838121593321547,0.0063875632447723445,0.17445127157377827,0.182245709483975,6.07532623359121e-05,0.22546480879762787,0.002602380980089089,0.27216903016914595,0.009548760344902556,0.3149855108433075,0.019749872407065293,0.23830612226204595,0.00407744195642096,0.20276211124303467,0.0008015036427783421,0.1692231369966003,2.7333391157083846e-05,0.28557401859831444,0.012348264906279063,0.06419717115902941,0.057526300951402654,4.450050932700227e-05,0.06518886423889347,9.834551646502682e-07,0.09574471324467237,0.000995247411645414,0.05618770349044988,6.415157233402084e-05,0.03077454353671527,0.0011170720371798761,0.03266833255586221,0.0009940676636645662,0.02670667056481546,0.0014055376348047566,0.0973600009196448,0.001099773277731558
6,0.680281310807829,0.4648476051978014,0.4397135559791836,0.0006317204301239011,0.39591944068812124,0.00475109186267353,0.5476019584217839,0.006848282977519673,0.5420660945217493,0.005962695093472651,0.5418043657510884,0.005922342994855947,0.39736042035794683,0.004554520117608694,0.4877449862229778,0.0005242900578121088,0.6085518257869665,0.02065090301513944,0.22242803367988256,0.2602113181421851,0.0014275765847592738,0.2941397599967832,0.005142571691350061,0.37474048055882425,0.023199081474250434,0.41426389955622556,0.03680099943652626,0.36675402869401885,0.020829992836820493,0.26716111227052575,0.0020010483201966596,0.28266495569724903,0.0036284867741262893,0.3897793531916004,0.02800646414231307,0.09114496167612535,0.0829926149734227,6.646075676106679e-05,0.11907198184105394,0.0007799184552923284,0.12484776459442393,0.0011358789245496752,0.15385298190942187,0.003932295801579526,0.12343030861200499,0.001042343626770113,0.08165197182389028,9.011685633463797e-05,0.07502190034116074,0.00025995310681103067,0.12663879594604566,0.0012598122711805694
7,0.7935807195271343,0.5198256812384866,0.5387440685531883,0.0003579053785890679,0.4788852573565644,0.001676118307631466,0.6248344224094955,0.011026835722319937,0.6441294132561253,0.01545141779351293,0.6452180047270377,0.01572323478985745,0.5265437503026695,4.5132451951131705e-05,0.59867913080132,0.006217866507958304,0.6899070472914455,0.02892767107844059,0.2705885131839672,0.2995748302159462,0.0008402065750783967,0.34046806667704155,0.004883151996391439,0.4269523182906251,0.024449639547432886,0.48047962066639804,0.044054277000201335,0.3789239259776547,0.011736561665178662,0.3059700979210238,0.0012518565385055168,0.2939944230640342,0.000547836617313819,0.4433431681158182,0.029844170800622908,0.12124328414165493,0.1027057324826609,0.00034364082150987216,0.1341202696015431,0.00016581675453417152,0.1602926322274375,0.0015248515859246112,0.18049934011452828,0.0035112801694603,0.1374376509921833,0.0002622575176894922,0.09645492750610063,0.000614462624691429,0.0830313508650985,0.001460151844732001,0.16043018138314136,0.0015356129154148164
8,0.9068801282464396,0.5693389837550544,0.6054644820024182,0.0013050516236202832,0.5377936153648412,0.0009951102668742664,0.6745045110228916,0.011059788125522193,0.7117753533114783,0.020288119372414166,0.7168433063519333,0.021757525184764103,0.609014321004634,0.0015741323858678795,0.6785864899467382,0.011935017609101985,0.741340874658809,0.029584650474467105,0.3181268154840742,0.3151107094811292,9.09689542100084e-06,0.34428287599177076,0.000684139501282285,0.46595874530350145,0.02185427947413607,0.48592773095931174,0.02815714723432782,0.3854370313074281,0.004530665154186488,0.30846005177017954,9.344632070026996e-05,0.29652734174455686,0.0004665372658240982,0.48395999378551346,0.027500643025556954,0.15379907105454382,0.11460923925484956,0.0015358429164883277,0.15218818755272845,2.5949456564209635e-06,0.18396871932337677,0.000910207676665095,0.207144808611068,0.002845767715449553,0.16817013686865678,0.00020652753263356618,0.10650074475670035,0.0022371316705772715,0.0965376317842519,0.0032788724273053304,0.18243710739656827,0.0008201371255271127
9,1.0201795369657447,0.613882467869261,0.6190890975571115,2.7108992706405792e-05,0.5378590751308032,0.005779556243465801,0.7020001365363935,0.0077647235313305345,0.7118430804427032,0.009596281615764028,0.716926879613994,0.010618150791818068,0.6090679076072951,2.3179990516101316e-05,0.6786813546492443,0.004198895727925088,0.7705531579477556,0.024545705129671688,0.3644638603274792,0.3450243710262376,0.0003778937442930852,0.3714990351726266,4.9493685101795155e-05,0.5002246487985418,0.018430991686284603,0.5208482333119148,0.024456072113735065,0.43209570641446693,0.004574066605134,0.3332402084131729,0.000974916438865761,0.3368703328847804,0.0007614027567309703,0.5186806578382854,0.023782820634489017,0.18817676997694643,0.11488840342687312,0.005371184671577905,0.15936400238057147,0.0008301755765627153,0.19218573637881153,1.60718116112832e-05,0.21883188591630454,0.0009397361332554872,0.1687298243560511,0.00037818369398206,0.11123170352568623,0.005920543251188849,0.09676772904503017,0.008355612764092742,0.18971202432115963,2.357005901425501e-06
10,1.13347894568505,0.6539213224400484,0.6413833597050327,0.00015720050954464308,0.5916199171260649,0.003881465104097256,0.7219655401738916,0.0046300155670106575,0.7638038333683275,0.012074166207903365,0.7707171457404952,0.013641264340429192,0.6476322645552554,3.955224907827774e-05,0.720319042420748,0.004408657218635387,0.7918070958932881,0.019012486520798146,0.4091904971084004,0.38033472243813105,0.0008326557318213577,0.3869679021772031,0.0004938437254760746,0.5427247605067133,0.01783139950133,0.5406091186998013,0.017270854100983835,0.4647249155165051,0.0030840716279264373,0.34763393167080914,0.0037892107484724536,0.3749707607464139,0.0011709903566838608,0.5613640874943406,0.023156801610947925,0.22380663689143324,0.12890946218465094,0.009005473767329563,0.19092063095102463,0.0010814893867125903,0.22851450610238322,2.2164032507410815e-05,0.26596777489992984,0.0017775615581714973,0.184054756685604,0.0015802119798985978,0.13011344284460424,0.008778414610696752,0.1039451316766139,0.014366780432362163,0.2222063504626296,2.5609166542131003e-06
11,1.2467783544043554,0.6898869531796201,0.6624372315437073,0.0007534872178891027,0.6372217273817222,0.00277362600834357,0.7568995339594862,0.004490685982778073,0.8043647846476801,0.01310517389762955,0.8059011502079649,0.01345929391213161,0.6664651962874995,0.0005485786959136021,0.73523957066321,0.002056859912612822,0.8298454684180318,0.0195883859877407,0.4520266343142441,0.3804973875063036,0.005116433148911271,0.4014004535989657,0.0025630101738160277,0.5555884158789037,0.010725042600846273,0.558217733730775,0.011276549595291544,0.4647249155165051,0.00016124634549169415,0.3596564477484486,0.008532251366199865,0.3749707607464139,0.0059376076513014365,0.5746311584064956,0.015031869327887472,0.2601869523568131,0.1442233139874901,0.01344756542385112,0.24836070174584213,0.00013986020351349144,0.26122688164426733,1.081452922905046e-06,0.34898843739181795,0.00788570374442219,0.18431506521233953,0.005756543258863734,0.174110048583057,0.0074092333632764665,0.10413875751963153,0.024351039111942984,0.2523494335840293,6.142670051373887e-05
12,1.3600777631236607,0.7221760235151824,0.6812772791219501,0.0016727072929429477,0.6940812041073614,0.000789318877558075,0.7869390852824619,0.0041942541694724635,0.851348246195899,0.016685463112276637,0.8538511374496759,0.017338335629661843,0.6828628669478691,0.0015455242792860864,0.7567335486269665,0.0011942225418515896,0.8593225830003934,0.01880917877863053,0.4927909079080152,0.4996425929686532,4.694558817016983e-05,0.4369702141125119,0.0031159498558113413,0.6748792098268221,0.03315614969567458,0.6005935956517526,0.011621419484773753,0.5222909482201579,0.0008702523784180414,0.39363782579439577,0.009831333692630161,0.4279398298176851,0.004205662329478097,0.6995137336027625,0.042734326663220856,0.29688264024134303,0.2961503527095273,5.362450292528121e-07,0.34761288201131246,0.002573557430039551,0.40872148762746074,0.012507927784655329,0.4890301158276483,0.03692065237418979,0.3546943564639595,0.0033421945326043393,0.2697110789694599,0.0007382937419516996,0.28133677428542225,0.00024167394831945668,0.39557270648618725,0.009739729175411741
13,1.473377171842966,0.7511511329828359,0.6924843624534982,0.0034417899643419624,0.7373686536802639,0.00018995673572582352,0.8063511054659788,0.0030470369621397333,0.8836809151372358,0.0175641431578927,0.8764353401829577,0.01569613257376305,0.7002002751194452,0.0025959899170154427,0.7667620467386438,0.00024370062829127295,0.8774191140343452,0.015943603038824333,0.5313776626250046,0.5189372077247346,0.00015476491812565222,0.5326628216228639,1.6516336497787297e-06,0.6934905378208274,0.026280584304256397,0.7081573922669655,0.03125107281228478,0.6514737946411975,0.01442308092525082,0.4836911780426122,0.002274000811826752,0.5144957075937348,0.0002850004056778184,0.7172954657307581,0.03456542951166971,0.3335217874514586,0.3546626828089502,0.00044693745651640926,0.3958483637844119,0.0038846021173874544,0.4779437723914439,0.020857709734005345,0.5507295585755652,0.04717921583670226,0.4175776476357974,0.007065387631329113,0.3129568954617713,0.00042291478254750513,0.34301661420793395,9.015173513548e-05,0.46569491930376417,0.01746973678364695
14,1.5866765805622711,0.7771423689564936,0.718050167182049,0.003491888310551677,0.7596151588427733,0.00030720309437049816,0.8319533503109799,0.003004243677041852,0.8995900525013382,0.014993435205498404,0.8948981159307908,0.013866415945474716,0.7231240561194097,0.002917978121765065,0.7976933487598696,0.0004223427708787706,0.9004258094289301,0.015198806694720807,0.5677392091492145,0.5881426732495127,0.00041630134729215955,0.5573228813655859,0.00010849988449599215,0.7665232957959196,0.039515113103964765,0.7340495864024144,0.027659141582101657,0.6906168512398192,0.015098914925746748,0.508012165665263,0.003567319723333836,0.5675116596098657,5.177879285784262e-08,0.7850085984192859,0.047205987513789835,0.3697910022772795,0.43098070045240056,0.0037441791627624114,0.41776333169105484,0.0023013443893837734,0.580281680974213,0.04430632581829567,0.5784721893922256,0.043547837855703125,0.47352642233776554,0.010761037375125487,0.33394180020513575,0.0012851652892093965,0.40612788609749784,0.0013203691257640442,0.570521509432274,0.040292736502701286
15,1.6999759892815764,0.8004493010846602,0.7183219765695461,0.006744897432010856,0.8418834538407821,0.0017167890146176478,0.8392632410918084,0.001506521938878501,0.9511282516560878,0.02270414614530674,0.9488445820692231,0.022021159418487375,0.8686963678470511,0.00465766212167024,0.9040595663739381,0.01073508707331456,0.9068931487241885,0.011330292700307115,0.6018719997625279,0.6128735969784593,0.00012103514130158982,0.5580084675991183,0.0019240094538504734,0.7976969685616896,0.038347418405192644,0.7347811098077439,0.017664831533011335,0.6917308703788518,0.008074616628441241,0.5086272031504288,0.00869459209523174,0.5690689528578459,0.0010760398862307708,0.81621042325388,0.045940959784758206,0.40543020990818335,0.46695332313933446,0.0037850934616530415,0.44749915611430824,0.0017697962348938298,0.6253573986903036,0.04836796836560636,0.6159432975107382,0.044315760051960924,0.5109224608846825,0.011128615016088689,0.3624243198295286,0.0018495065814573342,0.44831132208692026,0.0018387897816854193,0.6222378011470611,0.04700553161880429
16,1.8132753980008818,0.8213431682839079,0.7212942680011087,0.01000978244779748,0.8418834538407821,0.00042190333075793737,0.8510649971666467,0.0008833871121348115,0.9511282516560878,0.016844167865923708,0.9488445820692231,0.016256610517254168,0.8686963678470511,0.0022423255088668665,0.9040595663739381,0.006842002512988366,0.9163560225624116,0.00902744247814818,0.6338057787695932,0.6272120162161718,4.347770461090187e-05,0.5993474384188628,0.0011873772197267725,0.8151635320980317,0.03289063469233875,0.7784310474809137,0.02091646834982167,0.6917308703788518,0.0033553162379410043,0.533508343037469,0.010059575614439592,0.5690689528578459,0.004190856629127882,0.8356900997285069,0.040757279049041695,0.4402272699898639,0.5018001754028115,0.003791222680991796,0.48457980294960257,0.0019671471799447057,0.6740890141520299,0.0546913153825704,0.661179301210633,0.048819800100583705,0.573629470583084,0.017796147123113736,0.40344193700277187,0.0013531607229712406,0.4961444080338838,0.0031267263270339813,0.6818693221861629,0.0583908813896389
17,1.926574806720187,0.8400691106374745,0.7212942680011087,0.014107463243293442,0.8418834538407821,3.291841259388645e-06,0.856270390320701,0.0002624814633741274,0.9511282516560878,0.01233413280379225,0.9488445820692231,0.011832103185199155,0.8686963678470511,0.0008195198553432552,0.9040595663739381,0.004094778425360316,0.9203295869256344,0.006441744054002279,0.6635950291681716,0.6321029377338563,0.0009917518229072754,0.5993474384188628,0.004127752917090663,0.833436027349852,0.028845964663349568,0.7784310474809137,0.01318731110192445,0.6917308703788518,0.0007916255606326128,0.533508343037469,0.016922545908467937,0.5690689528578459,0.008935179102625522,0.8562239525669154,0.037105902129759116,0.4740126623115799,0.5069709487969687,0.0010862486480529613,0.48457980294960257,0.00011166446126375006,0.696649908547742,0.04956734341162147,0.661179301210633,0.035031350716768515,0.573629470583084,0.009923508490201608,0.40344193700277187,0.004980227270611239,0.4961444080338838,0.0004898141687167179,0.7093437654954122,0.055380728125719536
18,2.039874215439492,0.8568483589997002,0.779945931680061,0.005913983327652398,0.8777881210055773,0.0004384736328627744,0.8596770403057123,8.001437930982343e-06,0.9693175745101364,0.012649324437532944,0.9678838520770986,0.012328880722940977,0.9186751396925373,0.0038225508108401733,0.9405778634258317,0.00701062991144557,0.9222788272393194,0.004281146174055814,0.6913122144114585,0.6595835438022657,0.0010067085386266563,0.629889358518122,0.003772767226093584,0.8513081606199138,0.025598702803138907,0.8085313772472864,0.013740332135932336,0.73360949259958,0.0017890597421233352,0.5510027327920031,0.019686750632320307,0.5852297471261126,0.011253489865346477,0.8746011254256922,0.033594824900783686,0.5066543946480462,0.5965464717277627,0.008080585521705687,0.58522763118493,0.006173753499881101,0.738334154791588,0.05367551126016908,0.7771711609906459,0.07317932087245668,0.7306341300761743,0.050166921882454266,0.5025863245576412,1.654919426044771e-05,0.6340976601681021,0.016241785926415474,0.756888354740729,0.06261703478366638
19,2.1531736241587978,0.8718803317976793,0.8038888873671772,0.0046228365157460535,0.8783692170335478,4.2105631604271363e-05,0.8933384385191345,0.00046045034406936105,0.9695768407060111,0.009544607852875758,0.9681619418216474,0.009270148428807468,0.9193475348609077,0.002253135366645758,0.9410923923419434,0.004790309324782879,0.9407566801253259,0.0047439513589513,0.7170424370625879,0.6595835438022657,0.0033015244147010956,0.629889358518122,0.007595659099777835,0.8513081606199138,0.01802728452237226,0.8085313772472864,0.00837022617611935,0.73360949259958,0.0002744673291657811,0.5510027327920031,0.02756918339426325,0.5852297471261126,0.017374585228289354,0.8746011254256922,0.024824740278701844,0.5380532248709966,0.6080453845292719,0.004898902413629503,0.58522763118493,0.002225424611072083,0.7647968687413151,0.05141268003558984,0.7771711609906459,0.05717738737412067,0.7306341300761743,0.03708740504964563,0.5025863245576412,0.0012579010178374909,0.6340976601681021,0.009224533551539883,0.782445091056186,0.05972738425747951
20,2.266473032878103,0.8853446112533532,0.8342050800802273,0.002615251648607112,0.8834594945911786,3.553664830008354e-06,0.933058163250125,0.0022765830441486513,0.9718293945596119,0.007479617743530532,0.9705736085527812,0.007263981980665907,0.9253082629322124,0.0015970934555091841,0.9454910236130106,0.003617590919737955,0.9597931691928726,0.005542587779273982,0.7408792239479068,0.7392010490305174,2.816271053354983e-06,0.854943217050861,0.013010594522590764,0.9078151620510391,0.027867607430372796,0.9689469114885267,0.05201487010012583,0.9595090554886866,0.047799003239549734,0.928338812548144,0.03514109735817016,0.9356933808074972,0.037952555712913075,0.907413440946089,0.027733645431197624,0.5681382475306714,0.6080453845292719,0.001592579583425068,0.58522763118493,0.0002920470336824412,0.7647968687413151,0.03867461329647144,0.7771711609906459,0.04369475890956516,0.7306341300761743,0.026404911844241857,0.5025863245576412,0.004297054605462092,0.6340976601681021,0.004350644115474847,0.782445091056186,0.045927423181869376
21,2.3797724415974084,0.8974027855144244,0.884378832042819,0.00016962336403054376,0.9015804121339803,1.7452564172422028e-05,0.9692432755496676,0.0051610560085038745,0.9799688291889634,0.006817151568065884,0.9795552442194436,0.006749026471279884,0.9474256521601423,0.0025022871874552733,0.962128461721886,0.004189413160513162,0.9842213449582619,0.007537462263903133,0.762921211707028,0.7870445164123027,0.0005819338299035277,0.8664534283856045,0.010718919890379711,0.9413858560308895,0.03184962927364241,0.9737179847929921,0.04443527954345545,0.9661165349808125,0.041288339400337805,0.9396494753845209,0.031232879182461475,0.9461872004170568,0.033586422617864424,0.9325661790796141,0.028779414954845824,0.5968628667303182,0.6080453845292719,0.0001250487043239172,0.58522763118493,0.00013537870619666377,0.7647968687413151,0.028201829031429527,0.7771711609906459,0.032511080979068914,0.7306341300761743,0.017894750897146382,0.5025863245576412,0.008888066404036546,0.6340976601681021,0.0013864298423544356,0.782445091056186,0.034440761985736715
22,2.4930718503167135,0.9082001521758238,0.884378832042819,0.0005674552928791028,0.944354185284408,0.0013071141100165964,0.9692432755496676,0.0037262629112343112,0.9934822207583673,0.007273031221717653,0.9933476477194563,0.007250095997352905,0.9832416659661232,0.005631228791939684,0.9879282594094256,0.006356571083052707,0.9842213449582619,0.005779221752064606,0.7832695547077319,0.7870445164123027,1.4250335870976169e-05,0.9047345053929695,0.014753734244967218,0.9413858560308895,0.025000764744115597,0.9863351698163888,0.0412356440394572,0.9823829416476378,0.03964614085868073,0.9690148568810997,0.034501317279475724,0.9723714531509056,0.035759527994812385,0.9325661790796141,0.02228948204883892,0.6242011580508786,0.6080453845292719,0.0002610090180814477,0.58522763118493,0.0015189357963708151,0.7647968687413151,0.019767153864548928,0.7771711609906459,0.023399821799392404,0.7306341300761743,0.011327977534137371,0.5025863245576412,0.014790167725587864,0.6340976601681021,9.794075415620886e-05,0.782445091056186,0.025041142332988205
23,2.6063712590360186,0.9178672843145286,0.884378832042819,0.001121476435554572,0.944354185284408,0.0007015559229881971,0.9692432755496676,0.0026394924753930823,0.9934822207583673,0.005717618613405776,0.9933476477194563,0.005697285259739948,0.9832416659661232,0.004273809776328348,0.9879282594094256,0.004908540231247786,0.9842213449582619,0.004402861363912234,0.8020259138722903,0.7870445164123027,0.00022444226985412325,0.9047345053929695,0.010549054772161743,0.9413858560308895,0.01942119347844813,0.9863351698163888,0.03396990182666722,0.9823829416476378,0.032528657467957495,0.9690148568810997,0.02788530708719939,0.9723714531509056,0.029017602752122264,0.9325661790796141,0.01704076084039845,0.6501446096938412,0.6080453845292719,0.0017723447594571067,0.58522763118493,0.004214214098726439,0.7647968687413151,0.01314514050468906,0.7771711609906459,0.016135744734359737,0.7306341300761743,0.0064785628913780055,0.5025863245576412,0.02177344751233612,0.6340976601681021,0.00025750458908162,0.782445091056186,0.017503417368708127
24,2.719670667755324,0.9265214636350881,0.9999999999999977,0.005399095306329332,0.9999999963239772,0.005399094766112136,0.9986911958896676,0.005208470253697686,0.9999999999999996,0.00539909530632961,0.9999999999999996,0.00539909530632961,0.9999999999999974,0.005399095306329299,0.9999999999999982,0.005399095306329414,0.9951857102508049,0.004714778763303976,0.8192909132091162,0.884956583069408,0.004311980198200845,0.9372801893489534,0.013921469284002763,0.9799921275990573,0.02582488030640182,0.9939739210749349,0.030514153237049677,0.9925911296243463,0.030032965009565583,0.9865915934559467,0.02798951761105223,0.9883807887685648,0.02859138601670983,0.9618692848507898,0.020328592059991206,0.674699224957849,0.6468656710588818,0.0007747067226467085,0.6044841023902552,0.004930163437182215,0.8192892761229578,0.020906282895928784,0.7977212824127239,0.015134426620430548,0.7562429484545552,0.006649378841707282,0.5496400888414051,0.01563978752619122,0.6693365600874654,2.875817451204533e-05,0.8246752695872466,0.022492813962679065
25,2.8329700764746293,0.9342679873812229,1.0,0.004320697482915078,0.9999999963239772,0.0043206969996503345,0.9986911958896676,0.004150349794522547,0.9999999999999996,0.00432069748291502,0.9999999999999996,0.00432069748291502,0.9999999999999974,0.004320697482914742,0.9999999999999982,0.0043206974829148445,0.9951857102508049,0.0037109689596152035,0.8351629729285137,0.894989454998792,0.0035792079569053306,0.9372801893489534,0.010427925889458919,0.9799921275990573,0.020975484042584234,0.9939739210749349,0.02522091725116527,0.9925911296243463,0.024783624520647606,0.9865915934559467,0.0229306271148413,0.9883807887685648,0.023475699090795818,0.9618692848507898,0.01605448948094513,0.6978829632999146,0.6575564900004734,0.0016262244487705415,0.6044841023902552,0.008723347219221909,0.8192892761229578,0.014739492793286612,0.7977212824127239,0.009967689963271137,0.7562429484545552,0.003405887867249869,0.5496400888414051,0.0219759498277214,0.6693365600874654,0.0008148971363677282,0.8246752695872466,0.016076288933660598
26,2.946269485193935,0.9412013567944452,1.0,0.0034572804428141396,0.9999999963239772,0.003457280010523845,0.9986911958896676,0.003305081599194565,0.9999999999999996,0.0034572804428140876,0.9999999999999996,0.0034572804428140876,0.9999999999999974,0.0034572804428138395,0.9999999999999982,0.003457280442813931,0.9951857102508049,0.002914310418101183,0.8497374454679705,0.894989454998792,0.0020477443665775632,0.9372801893489534,0.007663732006211375,0.9799921275990573,0.01696628221707047,0.9939739210749349,0.020804160895518436,0.9925911296243463,0.020407175077049568,0.9865915934559467,0.0187290578215149,0.9883807887685648,0.01922197664156646,0.9618692848507898,0.012573549403374394,0.7197234946039941,0.6575564900004734,0.0038647364613741573,0.6044841023902552,0.01328011751779195,0.8192892761229578,0.009913344849482007,0.7977212824127239,0.006083654903055637,0.7562429484545552,0.001333670509543262,0.5496400888414051,0.028928364915801478,0.6693365600874654,0.002538843169972946,0.8246752695872466,0.01101487507213526
27,3.05956889391324,0.9474063554115483,1.0,0.0027660914510963777,0.9999999963239772,0.0027660910644255157,0.9986911958896676,0.002630134862866146,0.9999999999999996,0.002766091451096331,0.9999999999999996,0.002766091451096331,0.9999999999999974,0.002766091451096109,0.9999999999999982,0.002766091451096191,0.9951857102508049,0.0022828667488555988,0.8631059946546968,0.894989454998792,0.0010165550435134894,0.9372801893489534,0.005501811158541479,0.980991774222697,0.013897057024355126,0.9939739210749349,0.017126414165532837,0.9925911296243463,0.016766400178108327,0.9865915934559467,0.015248693111303245,0.9883807887685648,0.015693774040272016,0.9628730801846622,0.009953471355143429,0.7402562402114108,0.7217996591544774,0.0003406453843111519,0.6385876246792661,0.010336507384223051,0.8834134100509273,0.020493975276460186,0.8321816560463722,0.00845028207643057,0.8008038567266926,0.0036660138656816306,0.6286884835304827,0.012447364330814779,0.7297847117264543,0.00010965290881125478,0.8753329794466492,0.018245725482424605
28,3.172868302632545,0.9529590256004861,1.0,0.0022128532724557254,0.9999999963239772,0.002212852926608348,0.9986911958896676,0.0020914313993586975,0.9999999999999996,0.0022128532724556838,0.9999999999999996,0.0022128532724556838,0.9999999999999974,0.002212853272455485,0.9999999999999982,0.0022128532724555584,0.9951857102508049,0.0017830928965574752,0.8753561693915977,0.894989454998792,0.0003854659037336648,0.9372801893489534,0.003834584247678993,0.980991774222697,0.01115888100803218,0.9939739210749349,0.014070171014409848,0.9925911296243463,0.013744035900774144,0.9865915934559467,0.012373319566775565,0.9883807887685648,0.012774564585308304,0.9628730801846622,0.00765920967476122,0.759522674273773,0.7217996591544774,0.0014230258696906002,0.6385876246792661,0.014625286220425832,0.8834134100509273,0.015348914411404678,0.8321816560463722,0.005279327632230905,0.8008038567266926,0.0017041360247112432,0.6286884835304827,0.017117585467451665,0.7297847117264543,0.0008843464164657262,0.8753329794466492,0.013412026784234733
29,3.2861677113518506,0.9579275515809212,1.0,0.0017700909159760426,0.9999999963239772,0.001770090606657495,0.9986911958896676,0.0016616746973299886,0.9999999999999996,0.001770090915976005,0.9999999999999996,0.001770090915976005,0.9999999999999974,0.0017700909159758277,0.9999999999999982,0.001770090915975893,0.9951857102508049,0.001388170387470229,0.8865711322628599,0.9065449884340986,0.0003989549303493304,0.9372801893489534,0.002571408470560692,0.9907368539507754,0.010850497574764268,0.9939739210749349,0.011535359044611181,0.9925911296243463,0.011240239840529577,0.9865915934559467,0.010004092657277789,0.9883807887685648,0.01036520615780963,0.9746866098512872,0.007764337390636635,0.7775688597202333,0.8969882388436967,0.014260988110233498,0.890769600098621,0.012814407622215156,0.9799040275363701,0.040939520135184246,0.9874937984096246,0.04406847988374471,0.9870499485344778,0.04388232657080141,0.9732614824709652,0.03829560259906029,0.9824328833258981,0.041969268167902384,0.995272115010578,0.04739470736401301
30,3.3994671200711557,0.9623730568579753,1.0,0.0014157868502131634,0.9999999963239772,0.0014157865735781735,0.9986911958896676,0.0013190072227253348,0.9999999999999996,0.00141578685021313,0.9999999999999996,0.00141578685021313,0.9999999999999974,0.001415786850212971,0.9999999999999982,0.0014157868502130296,0.9951857102508049,0.0010766702226779772,0.8968295107667602,0.9065449884340986,9.43905063045508e-05,0.9372801893489534,0.0016362573977599037,0.9907368539507754,0.0088185891038804,0.9939739210749349,0.009437036454122992,0.9925911296243463,0.009170287646225581,0.9865915934559467,0.008057231488700356,0.9883807887685648,0.008381636503763716,0.9746866098512872,0.006061727877857852,0.794444194334644,0.8969882388436967,0.01051528106427459,0.890769600098621,0.009278583795594828,0.9799040275363701,0.03439534973121207,0.9874937984096246,0.037268149633506775,0.9870499485344778,0.037096976550886805,0.9732614824709652,0.03197562253642814,0.9824328833258981,0.03533974718865046,0.995272115010578,0.04033185372301925
31,3.5127665287904613,0.9663503235811749,1.0,0.0011323007230916342,0.9999999963239772,0.001132300475697691,0.9986911958896676,0.0010459320216742298,0.9999999999999996,0.0011323007230916043,0.9999999999999996,0.0011323007230916043,0.9999999999999974,0.0011323007230914623,0.9999999999999982,0.0011323007230915148,0.9951857102508049,0.0008314795243870776,0.9062053448403856,0.9065449884340986,1.1535777075025985e-07,0.9372801893489534,0.0009656459612316657,0.9907368539507754,0.007145576032479907,0.9939739210749349,0.007703322974239884,0.9925911296243463,0.007462503812740766,0.9865915934559467,0.006461948966482798,0.9883807887685648,0.0067528035847933265,0.9746866098512872,0.0046896836574933315,0.8102003439327766,0.8969882388436967,0.00753213870306891,0.890769600098621,0.006491405039117461,0.9799040275363701,0.02879934022862855,0.9874937984096246,0.03143296900033416,0.9870499485344778,0.03127578264777805,0.9732614824709652,0.026588934901370334,0.9824328833258981,0.02966404762580313,0.995272115010578,0.03425156044987412
32,3.6260659375097664,0.9699084408700289,1.0,0.0009055019308725458,0.9999999963239772,0.0009055017096380433,0.9986911958896676,0.0008284469865205352,0.9999999999999996,0.0009055019308725191,0.9999999999999996,0.0009055019308725191,0.9999999999999974,0.0009055019308723922,0.9999999999999982,0.0009055019308724389,0.9951857102508049,0.0006389403473483165,0.9147681092104385,0.9065449884340986,6.761971530227308e-05,0.9372801893489534,0.0005067937521629175,0.9907368539507754,0.0057712501774224625,0.9939739210749349,0.006273560633113995,0.9925911296243463,0.006056422506343504,0.9865915934559467,0.005158612889164767,0.9883807887685648,0.005418826591727391,0.9746866098512872,0.003590226719047385,0.8248903412845362,0.8969882388436967,0.005198106832451204,0.890769600098621,0.004340076741893176,0.9799040275363701,0.02402924292538199,0.9874937984096246,0.026439884269030458,0.9870499485344778,0.026295738223455316,0.9732614824709652,0.022013995536963253,0.9824328833258981,0.02481965255285427,0.995272115010578,0.029029948818032107
33,3.7393653462290715,0.9730913886534845,1.0,0.0007240733645978202,0.9999999963239772,0.0007240731667644951,0.9986911958896676,0.0006553501305297299,0.9999999999999996,0.0007240733645977964,0.9999999999999996,0.0007240733645977964,0.9999999999999974,0.0007240733645976829,0.9999999999999982,0.0007240733645977246,0.9951857102508049,0.00048815904684581813,0.922582793094931,0.9065449884340986,0.00025721117833901676,0.9372801893489534,0.00021601345664775296,0.9907368539507754,0.004644976011142143,0.9939739210749349,0.005096693154257297,0.9925911296243463,0.0049011671836158635,0.9865915934559467,0.0040971265236563695,0.9883807887685648,0.004329376234667542,0.9746866098512872,0.0027148077205799478,0.8385678311482379,0.92634214663724,0.007704330459562885,0.893821169925456,0.00305293144603004,0.9799040275363701,0.01997592040946468,0.9881784208785309,0.022383328559446074,0.9877588685165141,0.022257965631022388,0.9747057798537875,0.018533541077754862,0.9833817818805239,0.02097108032669298,0.995272115010578,0.024556232580808877
34,3.852664754948377,0.9759385630731952,1.0,0.0005789527469826079,0.9999999963239772,0.0005789525700818389,0.9986911958896676,0.0005176823000812185,0.9999999999999996,0.0005789527469825864,0.9999999999999996,0.0005789527469825864,0.9999999999999974,0.000578952746982485,0.9999999999999982,0.0005789527469825224,0.9951857102508049,0.00037045267447657215,0.929710023057265,0.9084418880465328,0.00045233356683473336,0.9372801893489534,5.730741768381507e-05,0.9907368539507754,0.0037242740889051095,0.9939739210749349,0.004129848588425471,0.9925911296243463,0.003954033563100627,0.9865915934559467,0.0032355130510201813,0.9883807887685648,0.0034422587491502337,0.9746866098512872,0.002022893359640209,0.8512864435080234,1.0000000000000084,0.022115721884494823,1.0,0.022115721884492314,0.9799040275363701,0.016542482921288817,1.0,0.022115721884492314,1.0,0.022115721884492314,1.0,0.022115721884492314,1.0,0.022115721884492314,0.995272115010578,0.020731873598041562
35,3.965964163667682,0.9784852490136239,1.0,0.0004628845100057722,0.9999999963239772,0.00046288435182835453,0.9997743198883943,0.00045322453871099683,0.9999999999999996,0.00046288451000575307,0.9999999999999996,0.00046288451000575307,0.9999999999999974,0.0004628845100056623,0.9999999999999982,0.00046288451000569576,0.9981399625432991,0.0003863077639335967,0.936206217508365,0.9084418880465328,0.0007708579904651613,0.9372801893489534,1.1534155143769197e-06,0.9907368539507754,0.002973590310814338,0.9939739210749349,0.0033371075753550936,0.9925911296243463,0.0031792583143269337,0.9865915934559467,0.002538686109379149,0.9883807887685648,0.0027221858861856737,0.9746866098512872,0.001480740594865227,0.8630992787865976,1.0000000000000084,0.018741807468752023,1.0,0.018741807468749712,0.9799040275363701,0.013643349330497464,1.0,0.018741807468749712,1.0,0.018741807468749712,1.0,0.018741807468749712,1.0,0.018741807468749712,0.995272115010578,0.01746965863549113
36,4.079263572386988,0.9807630448542183,1.0,0.0003700604432808178,0.9999999963239772,0.00037006030184985914,0.9997743198883943,0.0003614285784250833,0.9999999999999996,0.0003700604432808007,0.9999999999999996,0.0003700604432808007,0.9999999999999974,0.00037006044328071955,0.9999999999999982,0.0003700604432807495,0.9981399625432991,0.00030195726837308867,0.9421237635695262,0.9084418880465328,0.001134468738746422,0.9372801893489534,2.34602112301974e-05,0.9907368539507754,0.0023632325564155003,0.9939739210749349,0.002688438833335687,0.9925911296243463,0.002546955036511203,0.9865915934559467,0.0019773878948076327,0.9883807887685648,0.0021397123802644946,0.9746866098512872,0.001060338957969595,0.8740584904135915,1.0000000000000084,0.015861263836905545,1.0,0.01586126383690342,0.9799040275363701,0.011203277728809493,1.0,0.01586126383690342,1.0,0.01586126383690342,1.0,0.01586126383690342,1.0,0.01586126383690342,0.995272115010578,0.014692742787939165
37,4.192562981106294,0.982800244095574,1.0,0.00029583160317183765,0.9999999963239772,0.00029583147671846075,0.9997743198883943,0.00028811924902040763,0.9999999999999996,0.00029583160317182236,0.9999999999999996,0.00029583160317182236,0.9999999999999974,0.00029583160317174983,0.9999999999999982,0.00029583160317177656,0.9981399625432991,0.00023530696205547718,0.9475112088335924,0.9084418880465328,0.0015264118267621675,0.9372801893489534,0.00010467375969506294,0.9907368539507754,0.0018684563957966434,0.9939739210749349,0.0021587836288217946,0.9925911296243463,0.0020321992585006408,0.9865915934559467,0.0015272764622311467,0.9883807887685648,0.0016703225640611005,0.9746866098512872,0.0007385024204725264,0.8842149516461054,1.0000000000000084,0.01340617742231566,1.0,0.013406177422313707,0.9799040275363701,0.009156399244732829,1.0,0.013406177422313707,1.0,0.013406177422313707,1.0,0.013406177422313707,1.0,0.013406177422313707,0.995272115010578,0.01233369353456315
38,4.305862389825599,0.9846221780956075,1.0,0.00023647740652321436,0.9999999963239772,0.0002364772934647794,0.9997743198883943,0.00022958740090871604,0.9999999999999996,0.0002364774065232007,0.9999999999999996,0.0002364774065232007,0.9999999999999974,0.00023647740652313584,0.9999999999999982,0.00023647740652315972,0.9981399625432991,0.00018273049637425245,0.9524134620640352,0.9084418880465328,0.0019334993215766923,0.9372801893489534,0.00022901594306903934,0.9907368539507754,0.0014686823657046619,0.9939739210749349,0.001727271753196671,0.9925911296243463,0.0016142449705868708,0.9865915934559467,0.0011681446654427665,0.9883807887685648,0.0012936485902703698,0.9746866098512872,0.0004960931123527677,0.8936179949514372,1.0000000000000084,0.01131713099815423,1.0,0.011317130998152434,0.9799040275363701,0.007445279419248091,1.0,0.011317130998152434,1.0,0.011317130998152434,1.0,0.011317130998152434,1.0,0.011317130998152434,0.995272115010578,0.010333560124998205
39,4.419161798544904,0.9862515237646265,1.0,0.00018902059879462858,0.9999999963239772,0.00018902049771521735,0.9997743198883943,0.00018286601500498733,0.9999999999999996,0.00018902059879461638,0.9999999999999996,0.00018902059879461638,0.9999999999999974,0.00018902059879455837,0.9999999999999982,0.00018902059879457973,0.9981399625432991,0.00014133497659424448,0.9568719981068188,0.9084418880465328,0.0023454755604514124,0.9372801893489534,0.0003838389704047702,0.9907368539507754,0.0011468284613319615,0.9939739210749349,0.0013765526879320207,0.9925911296243463,0.001275856356366425,0.9865915934559467,0.0008832543477159068,0.9883807887685648,0.0009928038889657354,0.9746866098512872,0.00031736039160615184,0.9023152135675816,1.0000000000000084,0.009542317500348842,1.0,0.009542317500347194,0.9799040275363701,0.006020024053083265,1.0,0.009542317500347194,1.0,0.009542317500347194,1.0,0.009542317500347194,1.0,0.009542317500347194,0.995272115010578,0.008640985525882945
40,4.532461207264209,0.9877085797100132,1.0,0.00015107901274509806,0.9999999963239772,0.00015107892237802863,1.0,0.00015107901274509806,0.9999999999999996,0.00015107901274508714,0.9999999999999996,0.00015107901274508714,0.9999999999999974,0.0001510790127450353,0.9999999999999982,0.0001510790127450544,1.0000000000000007,0.00015107901274511443,0.9609250633047681,1.000000000000009,0.0015268506777370901,0.999999993050745,0.0015268501346530326,0.9999998906657875,0.0015268421332934716,0.9999999999999997,0.0015268506777363527,0.9999999999999997,0.0015268506777363527,0.9999999999999983,0.0015268506777362486,0.9999999999999996,0.001526850677736344,1.0000000000000004,0.0015268506777364134,0.9103523160538652,1.0000000000000084,0.008036707236907581,1.0,0.008036707236906068,1.0,0.008036707236906068,1.0,0.008036707236906068,1.0,0.008036707236906068,1.0,0.008036707236906068,1.0,0.008036707236906068,1.0000000000000007,0.008036707236906188
41,4.645760615983514,0.9890115139914684,1.0,0.0001207468247596956,0.9999999963239772,0.00012074674397185847,1.0,0.0001207468247596956,0.9999999999999996,0.00012074682475968584,0.9999999999999996,0.00012074682475968584,0.9999999999999974,0.00012074682475963948,0.9999999999999982,0.00012074682475965657,1.0000000000000007,0.00012074682475971023,0.9646078785364249,1.000000000000009,0.0012526022616930954,0.999999993050745,0.0012526017697947487,0.9999998906657875,0.0012525945225649497,0.9999999999999997,0.0012526022616924273,0.9999999999999997,0.0012526022616924273,0.9999999999999983,0.001252602261692333,0.9999999999999996,0.0012526022616924195,1.0000000000000004,0.0012526022616924824,0.9177730257341163,1.0000000000000084,0.006761275296923681,1.0,0.006761275296922293,1.0,0.006761275296922293,1.0,0.006761275296922293,1.0,0.006761275296922293,1.0,0.006761275296922293,1.0,0.006761275296922293,1.0000000000000007,0.006761275296922403
42,4.75906002470282,0.9901765863453434,1.0,9.649945583049284e-05,0.9999999963239772,9.649938360832083e-05,1.0,9.649945583049284e-05,0.9999999999999996,9.649945583048412e-05,0.9999999999999996,9.649945583048412e-05,0.9999999999999974,9.649945583044267e-05,0.9999999999999982,9.649945583045795e-05,1.0000000000000007,9.649945583050592e-05,0.967952837682401,1.000000000000009,0.0010270206126111185,0.999999993050745,0.0010270201672027807,0.9999998906657875,0.0010270136049199817,0.9999999999999997,0.0010270206126105138,0.9999999999999997,0.0010270206126105138,0.9999999999999983,0.0010270206126104283,0.9999999999999996,0.0010270206126105066,1.0000000000000004,0.0010270206126105636,0.9246190179220033,1.0000000000000084,0.005682292459044533,1.0,0.00568229245904326,1.0,0.00568229245904326,1.0,0.00568229245904326,1.0,0.00568229245904326,1.0,0.00568229245904326,1.0,0.00568229245904326,1.0000000000000007,0.005682292459043361
43,4.872359433422125,0.9912183474601365,1.0,7.711742133089135e-05,0.9999999963239772,7.711735676779459e-05,1.0,7.711742133089135e-05,0.9999999999999996,7.711742133088354e-05,0.9999999999999996,7.711742133088354e-05,0.9999999999999974,7.711742133084649e-05,0.9999999999999982,7.711742133086013e-05,1.0000000000000007,7.711742133090304e-05,0.9709896998778506,1.000000000000009,0.0008415975131777124,0.999999993050745,0.000841597109977289,0.9999998906657875,0.0008415911695525039,0.9999999999999997,0.0008415975131771649,0.9999999999999997,0.0008415975131771649,0.9999999999999983,0.0008415975131770875,0.9999999999999996,0.0008415975131771583,1.0000000000000004,0.00084159751317721,0.9309298887080061,1.0000000000000084,0.004770680273889592,1.0,0.004770680273888426,1.0,0.004770680273888426,1.0,0.004770680273888426,1.0,0.004770680273888426,1.0,0.004770680273888426,1.0,0.004770680273888426,1.0000000000000007,0.004770680273888518
44,4.98565884214143,0.9921498176331969,1.0,6.162536319206675e-05,0.9999999963239772,6.162530547718122e-05,1.0,6.162536319206675e-05,0.9999999999999996,6.162536319205977e-05,0.9999999999999996,6.162536319205977e-05,0.9999999999999974,6.162536319202664e-05,0.9999999999999982,6.162536319203886e-05,1.0000000000000007,6.16253631920772e-05,0.9737457743613487,1.000000000000009,0.0006892843638856942,0.999999993050745,0.0006892839989906496,0.9999998906657875,0.0006892786229270023,0.9999999999999997,0.0006892843638851987,0.9999999999999997,0.0006892843638851987,0.9999999999999983,0.0006892843638851288,0.9999999999999996,0.0006892843638851929,1.0000000000000004,0.0006892843638852395,0.9367431498859434,1.0000000000000084,0.004001429086353286,1.0,0.004001429086352219,1.0,0.004001429086352219,1.0,0.004001429086352219,1.0,0.004001429086352219,1.0,0.004001429086352219,1.0,0.004001429086352219,1.0000000000000007,0.004001429086352304
45,5.098958250860735,0.9929826469094347,1.0,4.924324439766611e-05,0.9999999963239772,4.9243192805779435e-05,1.0,4.924324439766611e-05,0.9999999999999996,4.9243244397659875e-05,0.9999999999999996,4.9243244397659875e-05,0.9999999999999974,4.924324439763027e-05,0.9999999999999982,4.924324439764118e-05,1.0000000000000007,4.9243244397675453e-05,0.9762460970959618,1.000000000000009,0.0005642479031749082,0.999999993050745,0.0005642475730306694,0.9999998906657875,0.0005642427089578958,0.9999999999999997,0.0005642479031744598,0.9999999999999997,0.0005642479031744598,0.9999999999999983,0.0005642479031743965,0.9999999999999996,0.0005642479031744546,1.0000000000000004,0.0005642479031744968,0.9420942453106507,1.0000000000000084,0.003353076426144079,1.0,0.003353076426143102,1.0,0.003353076426143102,1.0,0.003353076426143102,1.0,0.003353076426143102,1.0,0.003353076426143102,1.0,0.003353076426143102,1.0000000000000007,0.0033530764261431793
46,5.2122576595800405,0.993727258594692,1.0,3.934728473786513e-05,0.9999999963239772,3.934723862039755e-05,1.0,3.934728473786513e-05,0.9999999999999996,3.934728473785956e-05,0.9999999999999996,3.934728473785956e-05,0.9999999999999974,3.93472847378331e-05,0.9999999999999982,3.934728473784284e-05,1.0000000000000007,3.9347284737873485e-05,0.9785135986324265,1.000000000000009,0.0004616654437288563,0.999999993050745,0.00046166514509955124,0.9999998906657875,0.0004616607453428747,0.9999999999999997,0.00046166544372845073,0.9999999999999997,0.00046166544372845073,0.9999999999999983,0.0004616654437283935,0.9999999999999996,0.00046166544372844596,1.0000000000000004,0.0004616654437284841,0.9470165846139079,1.0000000000000084,0.002807242305976073,1.0,0.002807242305975179,1.0,0.002807242305975179,1.0,0.002807242305975179,1.0,0.002807242305975179,1.0,0.002807242305975179,1.0,0.002807242305975179,1.0000000000000007,0.0028072423059752496
47,5.3255570682993465,0.9943929778477796,1.0,3.143869741549051e-05,0.9999999963239772,3.143865619242126e-05,1.0,3.143869741549051e-05,0.9999999999999996,3.143869741548553e-05,0.9999999999999996,3.143869741548553e-05,0.9999999999999974,3.1438697415461874e-05,0.9999999999999982,3.143869741547059e-05,1.0000000000000007,3.143869741549798e-05,0.980569262919432,1.000000000000009,0.00037755354349451294,0.999999993050745,0.0003775532734359158,0.9999998906657875,0.00037754929461744066,0.9999999999999997,0.0003775535434941462,0.9999999999999997,0.0003775535434941462,0.9999999999999983,0.00037755354349409444,0.9999999999999996,0.0003775535434941419,1.0000000000000004,0.00037755354349417646,0.951541590769689,1.0000000000000084,0.0023482174251331055,1.0,0.0023482174251322875,1.0,0.0023482174251322875,1.0,0.0023482174251322875,1.0,0.0023482174251322875,1.0,0.0023482174251322875,1.0,0.0023482174251322875,1.0000000000000007,0.002348217425132352
48,5.438856477018652,0.9949881468844192,1.0,2.5118671652157305e-05,0.9999999963239772,2.5118634804797977e-05,1.0,2.5118671652157305e-05,0.9999999999999996,2.5118671652152853e-05,0.9999999999999996,2.5118671652152853e-05,0.9999999999999974,2.511867165213171e-05,0.9999999999999982,2.51186716521395e-05,1.0000000000000007,2.5118671652163983e-05,0.9824322769522874,1.000000000000009,0.000308624893081452,0.999999993050745,0.0003086246489160078,0.9999998906657875,0.00030862105158675784,0.9999999999999997,0.00030862489308112047,0.9999999999999997,0.00030862489308112047,0.9999999999999983,0.0003086248930810737,0.9999999999999996,0.00030862489308111657,1.0000000000000004,0.0003086248930811478,0.9556987584986374,1.0000000000000084,0.0019625999985628004,1.0,0.0019625999985620527,1.0,0.0019625999985620527,1.0,0.0019625999985620527,1.0,0.0019625999985620527,1.0,0.0019625999985620527,1.0,0.0019625999985620527,1.0000000000000007,0.0019625999985621117
49,5.552155885737957,0.9955202281719504,1.0,2.0068355631386808e-05,0.9999999963239772,2.0068322695913388e-05,1.0,2.0068355631386808e-05,0.9999999999999996,2.0068355631382827e-05,0.9999999999999996,2.0068355631382827e-05,0.9999999999999974,2.0068355631363928e-05,0.9999999999999982,2.006835563137089e-05,1.0000000000000007,2.0068355631392775e-05,0.9841201712973023,1.000000000000009,0.0002521689596273097,0.999999993050745,0.0002521687389211124,0.9999998906657875,0.00025216548722184403,0.9999999999999997,0.00025216895962700995,0.9999999999999997,0.00025216895962700995,0.9999999999999983,0.0002521689596269676,0.9999999999999996,0.00025216895962700643,1.0000000000000004,0.0002521689596270346,0.9595157209415132,1.0000000000000084,0.0016389768508861193,1.0,0.001638976850885436,1.0,0.001638976850885436,1.0,0.001638976850885436,1.0,0.001638976850885436,1.0,0.001638976850885436,1.0,0.001638976850885436,1.0000000000000007,0.00163897685088549
50,5.665455294457262,0.9959958968542426,1.0,1.6032842001864206e-05,0.9999999963239772,1.6032812563528648e-05,1.0,1.6032842001864206e-05,0.9999999999999996,1.603284200186065e-05,0.9999999999999996,1.603284200186065e-05,0.9999999999999974,1.6032842001843755e-05,0.9999999999999982,1.603284200184998e-05,1.0000000000000007,1.603284200186954e-05,0.985648951642142,1.000000000000009,0.00020595258896984164,0.999999993050745,0.00020595238951144097,0.9999998906657875,0.00020594945086039392,0.9999999999999997,0.00020595258896957078,0.9999999999999997,0.00020595258896957078,0.9999999999999983,0.00020595258896953254,0.9999999999999996,0.0002059525889695676,1.0000000000000004,0.0002059525889695931,0.9630183224179604,1.0000000000000084,0.0013676444767825565,1.0,0.0013676444767819324,1.0,0.0013676444767819324,1.0,0.0013676444767819324,1.0,0.0013676444767819324,1.0,0.0013676444767819324,1.0,0.0013676444767819324,1.0000000000000007,0.0013676444767819818
51,5.778754703176567,0.9964211235204541,1.0,1.2808356855846937e-05,0.9999999963239772,1.2808330543797237e-05,1.0,1.2808356855846937e-05,0.9999999999999996,1.2808356855843759e-05,0.9999999999999996,1.2808356855843759e-05,0.9999999999999974,1.280835685582866e-05,0.9999999999999982,1.2808356855834223e-05,1.0000000000000007,1.2808356855851706e-05,0.9870332216081881,1.000000000000009,0.00016813734186259683,0.999999993050745,0.0001681371616435112,0.9999998906657875,0.00016813450644930745,0.9999999999999997,0.0001681373418623521,0.9999999999999997,0.0001681373418623521,0.9999999999999983,0.00016813734186231754,0.9999999999999996,0.00016813734186234923,1.0000000000000004,0.00016813734186237227,0.9662306954257344,1.0000000000000084,0.0011403659314300877,1.0,0.0011403659314295179,1.0,0.0011403659314295179,1.0,0.0011403659314295179,1.0,0.0011403659314295179,1.0,0.0011403659314295179,1.0,0.0011403659314295179,1.0000000000000007,0.001140365931429563
52,5.892054111895873,0.9968012483178705,1.0,1.0232012323926074e-05,0.9999999963239772,1.0231988806571232e-05,1.0,1.0232012323926074e-05,0.9999999999999996,1.0232012323923233e-05,0.9999999999999996,1.0232012323923233e-05,0.9999999999999974,1.0232012323909738e-05,0.9999999999999982,1.0232012323914709e-05,1.0000000000000007,1.0232012323930335e-05,0.9882862971244972,1.000000000000009,0.00013721083505577523,0.999999993050745,0.0001372106722525949,0.9999998906657875,0.00013720827365055812,0.9999999999999997,0.00013721083505555416,0.9999999999999997,0.00013721083505555416,0.9999999999999983,0.00013721083505552294,0.9999999999999996,0.00013721083505555156,1.0000000000000004,0.00013721083505557235,0.9691753403314948,1.0000000000000084,0.000950159643679693,1.0,0.0009501596436791728,1.0,0.0009501596436791728,1.0,0.0009501596436791728,1.0,0.0009501596436791728,1.0,0.0009501596436791728,1.0,0.0009501596436791728,1.0000000000000007,0.0009501596436792139
53,6.005353520615178,0.9971410473068837,1.0,8.173610501477015e-06,0.9999999963239772,8.173589482339848e-06,1.0,8.173610501477015e-06,0.9999999999999996,8.173610501474476e-06,0.9999999999999996,8.173610501474476e-06,0.9999999999999974,8.173610501462414e-06,0.9999999999999982,8.173610501466857e-06,1.0000000000000007,8.173610501480823e-06,0.9894203127084252,1.000000000000009,0.00011192978318770129,0.999999993050745,0.00011192963614566841,0.9999998906657875,0.0001119274697559064,0.9999999999999997,0.00011192978318750162,0.9999999999999997,0.00011192978318750162,0.9999999999999983,0.00011192978318747343,0.9999999999999996,0.00011192978318749926,1.0000000000000004,0.00011192978318751806,0.9718732064620244,1.0000000000000084,0.0007911165147283833,1.0,0.0007911165147279086,1.0,0.0007911165147279086,1.0,0.0007911165147279086,1.0,0.0007911165147279086,1.0,0.0007911165147279086,1.0,0.0007911165147279086,1.0000000000000007,0.000791116514727946
54,6.118652929334483,0.9974447918641812,1.0,6.529088617354465e-06,0.9999999963239772,6.529069831361147e-06,1.0,6.529088617354465e-06,0.9999999999999996,6.529088617352196e-06,0.9999999999999996,6.529088617352196e-06,0.9999999999999974,6.529088617341416e-06,0.9999999999999982,6.529088617345387e-06,1.0000000000000007,6.529088617357869e-06,0.9904463200288133,1.000000000000009,9.127280099202831e-05,0.999999993050745,9.1272668209987e-05,0.9999998906657875,9.127071191565681e-05,0.9999999999999997,9.127280099184799e-05,0.9999999999999997,9.127280099184799e-05,0.9999999999999983,9.127280099182254e-05,0.9999999999999996,9.127280099184588e-05,1.0000000000000004,9.127280099186285e-05,0.9743437735284848,1.0000000000000084,0.0006582419567581113,1.0,0.0006582419567576783,1.0,0.0006582419567576783,1.0,0.0006582419567576783,1.0,0.0006582419567576783,1.0,0.0006582419567576783,1.0,0.0006582419567576783,1.0000000000000007,0.0006582419567577125
55,6.231952338053788,0.9977163018574488,1.0,5.215277206292026e-06,0.9999999963239772,5.215260416452569e-06,1.0,5.215277206292026e-06,0.9999999999999996,5.215277206289997e-06,0.9999999999999996,5.215277206289997e-06,0.9999999999999974,5.215277206280363e-06,0.9999999999999982,5.215277206283912e-06,1.0000000000000007,5.2152772062950686e-06,0.9913743791466783,1.000000000000009,7.440133510541604e-05,0.999999993050745,7.440121522203047e-05,0.9999998906657875,7.439944896628698e-05,0.9999999999999997,7.440133510525323e-05,0.9999999999999997,7.440133510525323e-05,0.9999999999999983,7.440133510523026e-05,0.9999999999999996,7.440133510525132e-05,1.0000000000000004,7.440133510526665e-05,0.9766051325099189,1.0000000000000084,0.0005473198248788497,1.0,0.0005473198248784548,1.0,0.0005473198248784548,1.0,0.0005473198248784548,1.0,0.0005473198248784548,1.0,0.0005473198248784548,1.0,0.0005473198248784548,1.0000000000000007,0.000547319824878486
56,6.345251746773093,0.9979589932404443,1.0,4.165708592551865e-06,0.9999999963239772,4.165693586990532e-06,1.0,4.165708592551865e-06,0.9999999999999996,4.165708592550052e-06,0.9999999999999996,4.165708592550052e-06,0.9999999999999974,4.165708592541442e-06,0.9999999999999982,4.165708592544614e-06,1.0000000000000007,4.165708592554584e-06,0.9922136428379621,1.000000000000009,6.0627357854960746e-05,0.999999993050745,6.062724963610518e-05,0.9999998906657875,6.0625655236316434e-05,0.9999999999999997,6.062735785481378e-05,0.9999999999999997,6.062735785481378e-05,0.9999999999999983,6.062735785479304e-05,0.9999999999999996,6.0627357854812054e-05,1.0000000000000004,6.0627357854825885e-05,0.9786740652891083,1.0000000000000084,0.00045479549129357643,1.0,0.00045479549129321653,1.0,0.00045479549129321653,1.0,0.00045479549129321653,1.0,0.00045479549129321653,1.0,0.00045479549129321653,1.0,0.00045479549129321653,1.0000000000000007,0.00045479549129324494
57,6.458551155492399,0.9981759206503835,1.0,3.3272654736972838e-06,0.9999999963239772,3.3272520629961695e-06,1.0,3.3272654736972838e-06,0.9999999999999996,3.327265473695664e-06,0.9999999999999996,3.327265473695664e-06,0.9999999999999974,3.327265473687968e-06,0.9999999999999982,3.3272654736908035e-06,1.0000000000000007,3.327265473699714e-06,0.9929724344050673,1.000000000000009,4.938667819120936e-05,0.999999993050745,4.9386580518439706e-05,0.9999998906657875,4.938514149633569e-05,0.9999999999999997,4.938667819107672e-05,0.9999999999999997,4.938667819107672e-05,0.9999999999999983,4.9386678191058e-05,0.9999999999999996,4.938667819107516e-05,1.0000000000000004,4.9386678191087644e-05,0.98056612247727,1.0000000000000084,0.00037767559556879665,1.0,0.00037767559556846873,1.0,0.00037767559556846873,1.0,0.00037767559556846873,1.0,0.00037767559556846873,1.0,0.00037767559556846873,1.0,0.00037767559556846873,1.0000000000000007,0.0003776755955684946
58,6.571850564211704,0.9983698155294471,1.0,2.657501408031687e-06,0.9999999963239772,2.6574894228545727e-06,1.0,2.657501408031687e-06,0.9999999999999996,2.657501408030239e-06,0.9999999999999996,2.657501408030239e-06,0.9999999999999974,2.6575014080233616e-06,0.9999999999999982,2.6575014080258955e-06,1.0000000000000007,2.657501408033859e-06,0.993658319380236,1.000000000000009,4.021691308320621e-05,0.999999993050745,4.021682494322817e-05,0.9999998906657875,4.0215526369732225e-05,0.9999999999999997,4.021691308308652e-05,0.9999999999999997,4.021691308308652e-05,0.9999999999999983,4.021691308306962e-05,0.9999999999999996,4.021691308308511e-05,1.0000000000000004,4.021691308309638e-05,0.9822956989867158,1.0000000000000084,0.00031344227436927614,1.0,0.0003134422743689774,1.0,0.0003134422743689774,1.0,0.0003134422743689774,1.0,0.0003134422743689774,1.0,0.0003134422743689774,1.0,0.0003134422743689774,1.0000000000000007,0.000313442274369001
59,6.6851499729310095,0.9985431202382079,1.0,2.1224986403193943e-06,0.9999999963239772,2.122487929286408e-06,1.0,2.1224986403193943e-06,0.9999999999999996,2.1224986403181e-06,0.9999999999999996,2.1224986403181e-06,0.9999999999999974,2.122498640311954e-06,0.9999999999999982,2.122498640314218e-06,1.0000000000000007,2.122498640321335e-06,0.9942781715156712,1.000000000000009,3.2739321204180407e-05,0.999999993050745,3.273924167923469e-05,0.9999998906657875,3.273807003280785e-05,0.9999999999999997,3.273932120407241e-05,0.9999999999999997,3.273932120407241e-05,0.9999999999999983,3.2739321204057167e-05,0.9999999999999996,3.2739321204071146e-05,1.0000000000000004,3.273932120408131e-05,0.983876107015069,1.0000000000000084,0.0002599799249897792,1.0,0.00025997992498950705,1.0,0.00025997992498950705,1.0,0.00025997992498950705,1.0,0.00025997992498950705,1.0,0.00025997992498950705,1.0,0.00025997992498950705,1.0000000000000007,0.0002599799249895286
60,6.798449381650315,0.9986980185802746,1.0,1.6951556173100983e-06,0.9999999963239772,1.6951460450967927e-06,1.0,1.6951556173100983e-06,0.9999999999999996,1.695155617308942e-06,0.9999999999999996,1.695155617308942e-06,0.9999999999999974,1.695155617303449e-06,0.9999999999999982,1.6951556173054728e-06,1.0000000000000007,1.695155617311833e-06,0.9948382334437508,1.000000000000009,2.6643833981306972e-05,0.999999993050745,2.6643762240397705e-05,0.9999998906657875,2.6642705277804284e-05,0.9999999999999997,2.664383398120955e-05,0.9999999999999997,2.664383398120955e-05,0.9999999999999983,2.6643833981195794e-05,0.9999999999999996,2.6643833981208405e-05,1.0000000000000004,2.6643833981217573e-05,0.9853196461931829,1.0000000000000084,0.00021551278789357683,1.0,0.0002155127878933291,1.0,0.0002155127878933291,1.0,0.0002155127878933291,1.0,0.0002155127878933291,1.0,0.0002155127878933291,1.0,0.0002155127878933291,1.0000000000000007,0.00021551278789334866
61,6.91174879036962,0.9988364631139192,1.0,1.3538180852706985e-06,0.9999999963239772,1.3538095309079227e-06,1.0,1.3538180852706985e-06,0.9999999999999996,1.3538180852696651e-06,0.9999999999999996,1.3538180852696651e-06,0.9999999999999974,1.3538180852647564e-06,0.9999999999999982,1.3538180852665648e-06,1.0000000000000007,1.3538180852722486e-06,0.9953441723766333,1.000000000000009,2.167673085858912e-05,0.999999993050745,2.1676666149486332e-05,0.9999998906657875,2.1675712787965206e-05,0.9999999999999997,2.1676730858501246e-05,0.9999999999999997,2.1676730858501246e-05,0.9999999999999983,2.167673085848884e-05,0.9999999999999996,2.1676730858500212e-05,1.0000000000000004,2.1676730858508483e-05,0.9866376707235571,1.0000000000000084,0.00017855184369230785,1.0,0.00017855184369208236,1.0,0.00017855184369208236,1.0,0.00017855184369208236,1.0,0.00017855184369208236,1.0,0.00017855184369208236,1.0,0.00017855184369208236,1.0000000000000007,0.00017855184369210017
62,7.025048199088926,0.9989601995873788,1.0,1.0811848980872065e-06,0.9999999963239772,1.0811772534406307e-06,1.0,1.0811848980872065e-06,0.9999999999999996,1.081184898086283e-06,0.9999999999999996,1.081184898086283e-06,0.9999999999999974,1.0811848980818962e-06,0.9999999999999982,1.0811848980835123e-06,1.0000000000000007,1.0811848980885918e-06,0.9958011311987606,1.000000000000009,1.7630499210098304e-05,0.999999993050745,1.7630440852050546e-05,0.9999998906657875,1.7629581061948598e-05,0.9999999999999997,1.7630499210019055e-05,0.9999999999999997,1.7630499210019055e-05,0.9999999999999983,1.7630499210007868e-05,0.9999999999999996,1.7630499210018123e-05,1.0000000000000004,1.763049921002558e-05,0.9878406533986089,1.0000000000000084,0.0001478497097729656,1.0,0.0001478497097727604,1.0,0.0001478497097727604,1.0,0.0001478497097727604,1.0,0.0001478497097727604,1.0,0.0001478497097727604,1.0,0.0001478497097727604,1.0000000000000007,0.0001478497097727766
63,7.138347607808231,0.9990707887994804,1.0,8.634334551710508e-07,0.9999999963239772,8.634266235814094e-07,1.0,8.634334551710508e-07,0.9999999999999996,8.634334551702254e-07,0.9999999999999996,8.634334551702254e-07,0.9999999999999974,8.634334551663053e-07,0.9999999999999982,8.634334551677496e-07,1.0000000000000007,8.634334551722887e-07,0.9962137752887835,1.000000000000009,1.4335497563895251e-05,0.999999993050745,1.4335444940992978e-05,0.9999998906657875,1.4334669647986277e-05,0.9999999999999997,1.433549756382379e-05,0.9999999999999997,1.433549756382379e-05,0.9999999999999983,1.4335497563813702e-05,0.9999999999999996,1.433549756382295e-05,1.0000000000000004,1.4335497563829676e-05,0.9889382464402107,1.0000000000000084,0.00012236239181769867,1.0,0.000122362391817512,1.0,0.000122362391817512,1.0,0.000122362391817512,1.0,0.000122362391817512,1.0,0.000122362391817512,1.0,0.000122362391817512,1.0000000000000007,0.00012236239181752674
64,7.251647016527536,0.9991696261557907,1.0,6.895207211468535e-07,0.9999999963239772,6.895146162139666e-07,1.0,6.895207211468535e-07,0.9999999999999996,6.89520721146116e-07,0.9999999999999996,6.89520721146116e-07,0.9999999999999974,6.895207211426127e-07,0.9999999999999982,6.895207211439034e-07,1.0000000000000007,6.895207211479597e-07,0.9965863353897907,1.000000000000009,1.1653106071057638e-05,0.999999993050745,1.16530586261924e-05,0.9999998906657875,1.1652359622285924e-05,0.9999999999999997,1.165310607099321e-05,0.9999999999999997,1.165310607099321e-05,0.9999999999999983,1.1653106070984114e-05,0.9999999999999996,1.1653106070992452e-05,1.0000000000000004,1.1653106070998515e-05,0.989939339144866,1.0000000000000084,0.00010121689684219574,1.0,0.00010121689684202595,1.0,0.00010121689684202595,1.0,0.00010121689684202595,1.0,0.00010121689684202595,1.0,0.00010121689684202595,1.0,0.00010121689684202595,1.0000000000000007,0.00010121689684203935
65,7.364946425246841,0.9992579591623052,1.0,5.506246048068032e-07,0.9999999963239772,5.506191493022116e-07,1.0,5.506246048068032e-07,0.9999999999999996,5.506246048061441e-07,0.9999999999999996,5.506246048061441e-07,0.9999999999999974,5.506246048030136e-07,0.9999999999999982,5.506246048041669e-07,1.0000000000000007,5.506246048077918e-07,0.996922646828751,1.000000000000009,9.470102540652431e-06,0.999999993050745,9.47005977002118e-06,0.9999998906657875,9.469429632579481e-06,0.9999999999999997,9.47010254059435e-06,0.9999999999999997,9.47010254059435e-06,0.9999999999999983,9.470102540586149e-06,0.9999999999999996,9.470102540593666e-06,1.0000000000000004,9.470102540599132e-06,0.9908521123540185,1.0000000000000084,8.368384838365554e-05,1.0,8.368384838350116e-05,1.0,8.368384838350116e-05,1.0,8.368384838350116e-05,1.0,8.368384838350116e-05,1.0,8.368384838350116e-05,1.0,8.368384838350116e-05,1.0000000000000007,8.368384838351335e-05
66,7.478245833966146,0.9993369030734093,1.0,4.396975340540623e-07,0.9999999963239772,4.3969265894870813e-07,1.0,4.396975340540623e-07,0.9999999999999996,4.3969753405347335e-07,0.9999999999999996,4.3969753405347335e-07,0.9999999999999974,4.3969753405067586e-07,0.9999999999999982,4.3969753405170655e-07,1.0000000000000007,4.3969753405494576e-07,0.9972261853681241,1.000000000000009,7.694047612059175e-06,0.999999993050745,7.694009060166845e-06,0.9999998906657875,7.693441078286062e-06,0.9999999999999997,7.694047612006824e-06,0.9999999999999997,7.694047612006824e-06,0.9999999999999983,7.694047611999432e-06,0.9999999999999996,7.694047612006207e-06,1.0000000000000004,7.694047612011135e-06,0.9916840897973532,1.0000000000000084,6.915436249862498e-05,1.0,6.915436249848465e-05,1.0,6.915436249848465e-05,1.0,6.915436249848465e-05,1.0,6.915436249848465e-05,1.0,6.915436249848465e-05,1.0,6.915436249848465e-05,1.0000000000000007,6.915436249849572e-05
67,7.591545242685452,0.9994074548881898,1.0,3.5110970953012936e-07,0.9999999963239772,3.5110535312493736e-07,1.0,3.5110970953012936e-07,0.9999999999999996,3.511097095296031e-07,0.9999999999999996,3.511097095296031e-07,0.9999999999999974,3.5110970952710323e-07,0.9999999999999982,3.511097095280242e-07,1.0000000000000007,3.511097095309188e-07,0.9975000999548534,1.000000000000009,6.249500235769253e-06,0.999999993050745,6.249465490886505e-06,0.9999998906657875,6.2489535984723685e-06,0.9999999999999997,6.24950023572207e-06,0.9999999999999997,6.24950023572207e-06,0.9999999999999983,6.249500235715409e-06,0.9999999999999996,6.249500235721515e-06,1.0000000000000004,6.249500235725956e-06,0.9924421863795425,1.0000000000000084,5.7120546721700256e-05,1.0,5.712054672157271e-05,1.0,5.712054672157271e-05,1.0,5.712054672157271e-05,1.0,5.712054672157271e-05,1.0,5.712054672157271e-05,1.0,5.712054672157271e-05,1.0000000000000007,5.712054672158278e-05
68,7.704844651404757,0.999470505868863,1.0,2.803640349085365e-07,0.9999999963239772,2.8036014205703194e-07,1.0,2.803640349085365e-07,0.9999999999999996,2.803640349080662e-07,0.9999999999999996,2.803640349080662e-07,0.9999999999999974,2.8036403490583236e-07,0.9999999999999982,2.8036403490665536e-07,1.0000000000000007,2.8036403490924193e-07,0.9977472426146402,1.000000000000009,5.074915837334111e-06,0.999999993050745,5.074884527370567e-06,0.9999998906657875,5.074423242337874e-06,0.9999999999999997,5.074915837291594e-06,0.9999999999999997,5.074915837291594e-06,0.9999999999999983,5.074915837285591e-06,0.9999999999999996,5.074915837291093e-06,1.0000000000000004,5.074915837295095e-06,0.9931327534985361,1.0000000000000084,4.7159074511983565e-05,1.0,4.715907451186768e-05,1.0,4.715907451186768e-05,1.0,4.715907451186768e-05,1.0,4.715907451186768e-05,1.0,4.715907451186768e-05,1.0,4.715907451186768e-05,1.0000000000000007,4.7159074511876826e-05
69,7.818144060124062,0.9995268527368892,1.0,2.238683325892051e-07,0.9999999963239772,2.238648540024459e-07,1.0,2.238683325892051e-07,0.9999999999999996,2.2386833258878487e-07,0.9999999999999996,2.2386833258878487e-07,0.9999999999999974,2.2386833258678873e-07,0.9999999999999982,2.2386833258752414e-07,1.0000000000000007,2.2386833258983546e-07,0.9979701957226218,1.000000000000009,4.120105404499795e-06,0.999999993050745,4.120077193256287e-06,0.9999998906657875,4.11966156231257e-06,0.9999999999999997,4.120105404461484e-06,0.9999999999999997,4.120105404461484e-06,0.9999999999999983,4.120105404456076e-06,0.9999999999999996,4.1201054044610335e-06,1.0000000000000004,4.120105404464639e-06,0.9937616214969497,1.0000000000000084,3.8917366347425534e-05,1.0,3.891736634732026e-05,1.0,3.891736634732026e-05,1.0,3.891736634732026e-05,1.0,3.891736634732026e-05,1.0,3.891736634732026e-05,1.0,3.891736634732026e-05,1.0000000000000007,3.891736634732857e-05
70,7.9314434688433675,0.9995772076860395,1.0,1.7875334074405193e-07,0.9999999963239772,1.7875023236917704e-07,1.0,1.7875334074405193e-07,0.9999999999999996,1.7875334074367643e-07,0.9999999999999996,1.7875334074367643e-07,0.9999999999999974,1.787533407418927e-07,0.9999999999999982,1.7875334074254987e-07,1.0000000000000007,1.787533407446152e-07,0.9981712968654534,1.000000000000009,3.344155154333998e-06,0.999999993050745,3.3441297381003768e-06,0.9999998906657875,3.343755286620589e-06,0.9999999999999997,3.3441551542994836e-06,0.9999999999999997,3.3441551542994836e-06,0.9999999999999983,3.344155154294611e-06,0.9999999999999996,3.3441551542990774e-06,1.0000000000000004,3.344155154302326e-06,0.9943341393580113,1.0000000000000084,3.21019768145323e-05,1.0,3.210197681443668e-05,1.0,3.210197681443668e-05,1.0,3.210197681443668e-05,1.0,3.210197681443668e-05,1.0,3.210197681443668e-05,1.0,3.210197681443668e-05,1.0000000000000007,3.210197681444423e-05
71,8.044742877562673,0.9996222073370709,1.0,1.4272729616309375e-07,0.9999999963239772,1.42724518627707e-07,1.0,1.4272729616309375e-07,0.9999999999999996,1.4272729616275822e-07,0.9999999999999996,1.4272729616275822e-07,0.9999999999999974,1.4272729616116437e-07,0.9999999999999982,1.4272729616175158e-07,1.0000000000000007,1.4272729616359707e-07,0.9983526614943775,1.000000000000009,2.7137241521365213e-06,0.999999993050745,2.7137012566042926e-06,0.9999998906657875,2.7133639431441577e-06,0.9999999999999997,2.7137241521054297e-06,0.9999999999999997,2.7137241521054297e-06,0.9999999999999983,2.7137241521010403e-06,0.9999999999999996,2.7137241521050637e-06,1.0000000000000004,2.7137241521079902e-06,0.994855211764439,1.0000000000000084,2.6468845988853388e-05,1.0,2.6468845988766567e-05,1.0,2.6468845988766567e-05,1.0,2.6468845988766567e-05,1.0,2.6468845988766567e-05,1.0,2.6468845988766567e-05,1.0,2.6468845988766567e-05,1.0000000000000007,2.646884598877342e-05
72,8.158042286281978,0.9996624207455836,1.0,1.139597530123012e-07,0.9999999963239772,1.1395727112772911e-07,1.0,1.139597530123012e-07,0.9999999999999996,1.1395975301200137e-07,0.9999999999999996,1.1395975301200137e-07,0.9999999999999974,1.1395975301057718e-07,0.9999999999999982,1.1395975301110188e-07,1.0000000000000007,1.1395975301275094e-07,0.9985162035542172,1.000000000000009,2.2016518925446308e-06,0.999999993050745,2.201631270006317e-06,0.9999998906657875,2.2013274450398787e-06,0.9999999999999997,2.2016518925166257e-06,0.9999999999999997,2.2016518925166257e-06,0.9999999999999983,2.201651892512672e-06,0.9999999999999996,2.2016518925162962e-06,1.0000000000000004,2.2016518925189318e-06,0.9953293336430387,1.0000000000000084,2.181512421812933e-05,1.0,2.181512421805051e-05,1.0,2.181512421805051e-05,1.0,2.181512421805051e-05,1.0,2.181512421805051e-05,1.0,2.181512421805051e-05,1.0,2.181512421805051e-05,1.0000000000000007,2.1815124218056733e-05
73,8.271341695001283,0.9996983565629171,1.0,9.098876313521169e-08,0.9999999963239772,9.098654545240871e-08,1.0,9.098876313521169e-08,0.9999999999999996,9.098876313494378e-08,0.9999999999999996,9.098876313494378e-08,0.9999999999999974,9.098876313367119e-08,0.9999999999999982,9.098876313414004e-08,1.0000000000000007,9.098876313561356e-08,0.9986636542593607,1.000000000000009,1.785819938549249e-06,0.999999993050745,1.7858013653587054e-06,0.9999998906657875,1.7855277338606295e-06,0.9999999999999997,1.7858199385240271e-06,0.9999999999999997,1.7858199385240271e-06,0.9999999999999983,1.7858199385204664e-06,0.9999999999999996,1.7858199385237304e-06,1.0000000000000004,1.7858199385261043e-06,0.9957606223201512,1.0000000000000084,1.797232311247201e-05,1.0,1.797232311240047e-05,1.0,1.797232311240047e-05,1.0,1.797232311240047e-05,1.0,1.797232311240047e-05,1.0,1.797232311240047e-05,1.0,1.797232311240047e-05,1.0000000000000007,1.7972323112406117e-05
74,8.38464110372059,0.9997304694394422,1.0,7.264672307459364e-08,0.9999999963239772,7.264474148712447e-08,1.0,7.264672307459364e-08,0.9999999999999996,7.264672307435425e-08,0.9999999999999996,7.264672307435425e-08,0.9999999999999974,7.264672307321713e-08,0.9999999999999982,7.264672307363607e-08,1.0000000000000007,7.264672307495272e-08,0.998796579174729,1.000000000000009,1.4482216827179155e-06,0.999999993050745,1.448204956988044e-06,0.9999998906657875,1.4479585445135926e-06,0.9999999999999997,1.4482216826952023e-06,0.9999999999999997,1.4482216826952023e-06,0.9999999999999983,1.448221682691996e-06,0.9999999999999996,1.448221682694935e-06,1.0000000000000004,1.4482216826970728e-06,0.9961528474137048,1.0000000000000084,1.4800583022302764e-05,1.0,1.4800583022237842e-05,1.0,1.4800583022237842e-05,1.0,1.4800583022237842e-05,1.0,1.4800583022237842e-05,1.0,1.4800583022237842e-05,1.0,1.4800583022237842e-05,1.0000000000000007,1.4800583022242967e-05
75,8.497940512439895,0.9997591657502187,1.0,5.800113586770923e-08,0.9999999963239772,5.799936525682656e-08,1.0,5.800113586770923e-08,0.9999999999999996,5.800113586749533e-08,0.9999999999999996,5.800113586749533e-08,0.9999999999999974,5.8001135866479286e-08,0.9999999999999982,5.8001135866853615e-08,1.0000000000000007,5.8001135868030084e-08,0.9989163937474388,1.000000000000009,1.1742025106094763e-06,0.999999993050745,1.1741874501258112e-06,0.9999998906657875,1.1739655720712325e-06,0.9999999999999997,1.1742025105890247e-06,0.9999999999999997,1.1742025105890247e-06,0.9999999999999983,1.1742025105861374e-06,0.9999999999999996,1.174202510588784e-06,1.0000000000000004,1.1742025105907088e-06,0.996509458586862,1.0000000000000084,1.2183879356890205e-05,1.0,1.21838793568313e-05,1.0,1.21838793568313e-05,1.0,1.21838793568313e-05,1.0,1.21838793568313e-05,1.0,1.21838793568313e-05,1.0,1.21838793568313e-05,1.0000000000000007,1.218387935683595e-05
76,8.6112399211592,0.9997848087145635,1.0,4.6307289327794156e-08,0.9999999963239772,4.630570724515567e-08,1.0,4.6307289327794156e-08,0.9999999999999996,4.630728932760303e-08,0.9999999999999996,4.630728932760303e-08,0.9999999999999974,4.630728932669517e-08,0.9999999999999982,4.630728932702964e-08,1.0000000000000007,4.630728932808085e-08,0.9990243774233626,1.000000000000009,9.518394120623902e-07,0.999999993050745,9.518258523928799e-07,0.9999998906657875,9.516260861464439e-07,0.9999999999999997,9.518394120439764e-07,0.9999999999999997,9.518394120439764e-07,0.9999999999999983,9.518394120413769e-07,0.9999999999999996,9.518394120437598e-07,1.0000000000000004,9.518394120454929e-07,0.9968336112863527,1.0000000000000084,1.0026017485966263e-05,1.0,1.0026017485912829e-05,1.0,1.0026017485912829e-05,1.0,1.0026017485912829e-05,1.0,1.0026017485912829e-05,1.0,1.0026017485912829e-05,1.0,1.0026017485912829e-05,1.0000000000000007,1.0026017485917047e-05
77,8.724539329878505,0.9998077229735537,1.0,3.697045489903425e-08,0.9999999963239772,3.696904128307364e-08,1.0,3.697045489903425e-08,0.9999999999999996,3.6970454898863474e-08,0.9999999999999996,3.6970454898863474e-08,0.9999999999999974,3.697045489805229e-08,0.9999999999999982,3.6970454898351145e-08,1.0000000000000007,3.697045489929041e-08,0.9991216864720434,1.000000000000009,7.714346534076355e-07,0.999999993050745,7.714224461906733e-07,0.9999998906657875,7.712426059098668e-07,0.9999999999999997,7.714346533910584e-07,0.9999999999999997,7.714346533910584e-07,0.9999999999999983,7.714346533887181e-07,0.9999999999999996,7.714346533908634e-07,1.0000000000000004,7.714346533924235e-07,0.9971281905857985,1.0000000000000084,8.247289311544879e-06,1.0,8.247289311496417e-06,1.0,8.247289311496417e-06,1.0,8.247289311496417e-06,1.0,8.247289311496417e-06,1.0,8.247289311496417e-06,1.0,8.247289311496417e-06,1.0000000000000007,8.247289311500242e-06
78,8.83783873859781,0.999828198682736,1.0,2.9515692613652393e-08,0.9999999963239772,2.9514429536040178e-08,1.0,2.9515692613652393e-08,0.9999999999999996,2.9515692613499802e-08,0.9999999999999996,2.9515692613499802e-08,0.9999999999999974,2.9515692612775e-08,0.9999999999999982,2.9515692613042033e-08,1.0000000000000007,2.9515692613881278e-08,0.9992093656334035,1.000000000000009,6.251027016579126e-07,0.999999993050745,6.250917130522389e-07,0.9999998906657875,6.249298268258536e-07,0.9999999999999997,6.251027016429903e-07,0.9999999999999997,6.251027016429903e-07,0.9999999999999983,6.251027016408837e-07,0.9999999999999996,6.251027016428148e-07,1.0000000000000004,6.251027016442193e-07,0.9973958332508417,1.0000000000000084,6.781684457465706e-06,1.0,6.781684457421759e-06,1.0,6.781684457421759e-06,1.0,6.781684457421759e-06,1.0,6.781684457421759e-06,1.0,6.781684457421759e-06,1.0,6.781684457421759e-06,1.0000000000000007,6.781684457425229e-06
79,8.951138147317115,0.9998464951712877,1.0,2.3563732438007145e-08,0.9999999963239772,2.3562603877013794e-08,1.0,2.3563732438007145e-08,0.9999999999999996,2.3563732437870806e-08,0.9999999999999996,2.3563732437870806e-08,0.9999999999999974,2.356373243722319e-08,0.9999999999999982,2.3563732437461785e-08,1.0000000000000007,2.3563732438211654e-08,0.9992883586903762,1.000000000000009,5.064333535759721e-07,0.999999993050745,5.064234628575209e-07,0.9999998906657875,5.062777520326994e-07,0.9999999999999997,5.064333535625407e-07,0.9999999999999997,5.064333535625407e-07,0.9999999999999983,5.064333535606445e-07,0.9999999999999996,5.064333535623828e-07,1.0000000000000004,5.064333535636469e-07,0.9976389481388772,1.0000000000000084,5.57456589095122e-06,1.0,5.574565890911377e-06,1.0,5.574565890911377e-06,1.0,5.574565890911377e-06,1.0,5.574565890911377e-06,1.0,5.574565890911377e-06,1.0,5.574565890911377e-06,1.0000000000000007,5.5745658909145225e-06
80,9.06443755603642,0.9998628442134658,1.0,1.8811709779807095e-08,0.9999999963239772,1.8810701417717993e-08,1.0,1.8811709779807095e-08,0.9999999999999996,1.8811709779685275e-08,0.9999999999999996,1.8811709779685275e-08,0.9999999999999974,1.8811709779106635e-08,0.9999999999999982,1.881170977931982e-08,1.0000000000000007,1.8811709779989823e-08,0.9993595180629462,1.000000000000009,4.102171117038418e-07,0.999999993050745,4.1020820999593026e-07,0.9999998906657875,4.1007707046978304e-07,0.9999999999999997,4.1021711169175347e-07,0.9999999999999997,4.1021711169175347e-07,0.9999999999999983,4.1021711169004686e-07,0.9999999999999996,4.102171116916112e-07,1.0000000000000004,4.1021711169274895e-07,0.9978597350417721,1.0000000000000084,4.5807340914545815e-06,1.0,4.580734091418464e-06,1.0,4.580734091418464e-06,1.0,4.580734091418464e-06,1.0,4.580734091418464e-06,1.0,4.580734091418464e-06,1.0,4.580734091418464e-06,1.0000000000000007,4.580734091421315e-06
81,9.177736964755725,0.9998774529533506,1.0,1.501777864248518e-08,0.9999999963239772,1.501687768451844e-08,1.0,1.501777864248518e-08,0.9999999999999996,1.5017778642376335e-08,0.9999999999999996,1.5017778642376335e-08,0.9999999999999974,1.5017778641859327e-08,0.9999999999999982,1.5017778642049804e-08,1.0000000000000007,1.5017778642648445e-08,0.9994236135110777,1.000000000000009,3.322213846227074e-07,0.999999993050745,3.3221337374718326e-07,0.9999998906657875,3.320953590405034e-07,0.9999999999999997,3.322213846118289e-07,0.9999999999999997,3.322213846118289e-07,0.9999999999999983,3.3222138461029305e-07,0.9999999999999996,3.3222138461170087e-07,1.0000000000000004,3.322213846127247e-07,0.9980602020752808,1.0000000000000084,3.7628159887776925e-06,1.0,3.7628159887449576e-06,1.0,3.7628159887449576e-06,1.0,3.7628159887449576e-06,1.0,3.7628159887449576e-06,1.0,3.7628159887449576e-06,1.0,3.7628159887449576e-06,1.0000000000000007,3.762815988747542e-06
82,9.29103637347503,0.9998905065195618,1.0,1.1988822258471642e-08,0.9999999963239772,1.1988017270919437e-08,1.0,1.1988822258471642e-08,0.9999999999999996,1.1988822258374393e-08,0.9999999999999996,1.1988822258374393e-08,0.9999999999999974,1.1988822257912457e-08,0.9999999999999982,1.1988822258082644e-08,1.0000000000000007,1.1988822258617517e-08,0.9994813400266123,1.000000000000009,2.690081680040108e-07,0.999999993050745,2.6900095944208526e-07,0.9999998906657875,2.68894765389086e-07,0.9999999999999997,2.690081679942217e-07,0.9999999999999997,2.690081679942217e-07,0.9999999999999983,2.6900816799283974e-07,0.9999999999999996,2.6900816799410653e-07,1.0000000000000004,2.6900816799502783e-07,0.9982421817140091,1.0000000000000084,3.0899251265935233e-06,1.0,3.08992512656386e-06,1.0,3.08992512656386e-06,1.0,3.08992512656386e-06,1.0,3.08992512656386e-06,1.0,3.08992512656386e-06,1.0,3.08992512656386e-06,1.0000000000000007,3.0899251265662014e-06
83,9.404335782194336,0.9999021703627554,1.0,9.570637923406927e-09,0.9999999963239772,9.569918688962207e-09,1.0,9.570637923406927e-09,0.9999999999999996,9.570637923320037e-09,0.9999999999999996,9.570637923320037e-09,0.9999999999999974,9.570637922907308e-09,0.9999999999999982,9.570637923059367e-09,1.0000000000000007,9.570637923537263e-09,0.999533324987378,1.000000000000009,2.1778556741422834e-07,0.999999993050745,2.177790813667411e-07,0.9999998906657875,2.1768353226974042e-07,0.9999999999999997,2.1778556740542042e-07,0.9999999999999997,2.1778556740542042e-07,0.9999999999999983,2.1778556740417694e-07,0.9999999999999996,2.1778556740531679e-07,1.0000000000000004,2.1778556740614577e-07,0.9984073455658377,1.0000000000000084,2.536548146683852e-06,1.0,2.536548146656976e-06,1.0,2.536548146656976e-06,1.0,2.536548146656976e-06,1.0,2.536548146656976e-06,1.0,2.536548146656976e-06,1.0,2.536548146656976e-06,1.0000000000000007,2.5365481466590977e-06
84,9.517635190913643,0.9999125923452447,1.0,7.640098109829558e-09,0.9999999963239772,7.639455498275746e-09,1.0,7.640098109829558e-09,0.9999999999999996,7.640098109751924e-09,0.9999999999999996,7.640098109751924e-09,0.9999999999999974,7.640098109383165e-09,0.9999999999999982,7.640098109519023e-09,1.0000000000000007,7.640098109946009e-09,0.9995801346404521,1.000000000000009,1.7628692015589448e-07,0.999999993050745,1.7628108469368613e-07,0.9999998906657875,1.7619512080536775e-07,0.9999999999999997,1.7628692014797004e-07,0.9999999999999997,1.7628692014797004e-07,0.9999999999999983,1.762869201468513e-07,0.9999999999999996,1.762869201478768e-07,1.0000000000000004,1.7628692014862265e-07,0.9985572179747514,1.0000000000000084,2.081619972404835e-06,1.0,2.0816199723804873e-06,1.0,2.0816199723804873e-06,1.0,2.0816199723804873e-06,1.0,2.0816199723804873e-06,1.0,2.0816199723804873e-06,1.0,2.0816199723804873e-06,1.0000000000000007,2.0816199723824097e-06
85,9.630934599632948,0.999921904608988,1.0,6.0988900973172955e-09,0.9999999963239772,6.098315949951527e-09,1.0,6.0988900973172955e-09,0.9999999999999996,6.098890097247933e-09,0.9999999999999996,6.098890097247933e-09,0.9999999999999974,6.0988900969184605e-09,0.9999999999999982,6.098890097039845e-09,1.0000000000000007,6.09889009742134e-09,0.9996222799757164,1.000000000000009,1.426724167516815e-07,0.999999993050745,1.4266716704759988e-07,0.9999998906657875,1.4258983325600222e-07,0.9999999999999997,1.426724167445525e-07,0.9999999999999997,1.426724167445525e-07,0.9999999999999983,1.4267241674354603e-07,0.9999999999999996,1.426724167444686e-07,1.0000000000000004,1.426724167451396e-07,0.9986931885360885,1.0000000000000084,1.7077562022326729e-06,1.0,1.70775620221062e-06,1.0,1.70775620221062e-06,1.0,1.70775620221062e-06,1.0,1.70775620221062e-06,1.0,1.70775620221062e-06,1.0,1.70775620221062e-06,1.0000000000000007,1.707756202212361e-06
86,9.744234008352253,0.9999302252454175,1.0,4.868516377044547e-09,0.9999999963239772,4.868003403377554e-09,1.0,4.868516377044547e-09,0.9999999999999996,4.868516376982575e-09,0.9999999999999996,4.868516376982575e-09,0.9999999999999974,4.868516376688206e-09,0.9999999999999982,4.8685163767966575e-09,1.0000000000000007,4.8685163771375056e-09,0.9996602220455059,1.000000000000009,1.1544905836640568e-07,0.999999993050745,1.1544433600124743e-07,0.9999998906657875,1.1537477160405641e-07,0.9999999999999997,1.1544905835999278e-07,0.9999999999999997,1.1544905835999278e-07,0.9999999999999983,1.1544905835908743e-07,0.9999999999999996,1.1544905835991734e-07,1.0000000000000004,1.154490583605209e-07,0.9988165236033663,1.0000000000000084,1.400616381409159e-06,1.0,1.4006163813891873e-06,1.0,1.4006163813891873e-06,1.0,1.4006163813891873e-06,1.0,1.4006163813891873e-06,1.0,1.4006163813891873e-06,1.0,1.4006163813891873e-06,1.0000000000000007,1.400616381390764e-06
87,9.857533417071558,0.9999376597880952,1.0,3.886302020331076e-09,0.9999999963239772,3.885843705761153e-09,1.0,3.886302020331076e-09,0.9999999999999996,3.886302020275706e-09,0.9999999999999996,3.886302020275706e-09,0.9999999999999974,3.886302020012702e-09,0.9999999999999982,3.886302020109598e-09,1.0000000000000007,3.88630202041413e-09,0.9996943767812472,1.000000000000009,9.340555184640259e-08,0.999999993050745,9.3401304181799e-08,0.9999998906657875,9.333873364694341e-08,0.9999999999999997,9.340555184063431e-08,0.9999999999999997,9.340555184063431e-08,0.9999999999999983,9.340555183981997e-08,0.9999999999999996,9.340555184056645e-08,1.0000000000000004,9.340555184110935e-08,0.9989283768610978,1.0000000000000084,1.1483761518486644e-06,1.0,1.1483761518305805e-06,1.0,1.1483761518305805e-06,1.0,1.1483761518305805e-06,1.0,1.1483761518305805e-06,1.0,1.1483761518305805e-06,1.0,1.1483761518305805e-06,1.0000000000000007,1.1483761518320081e-06
88,9.970832825790863,0.9999443025469724,1.0,3.1022062737596044e-09,0.9999999963239772,3.101796797056116e-09,1.0,3.1022062737596044e-09,0.9999999999999996,3.102206273710135e-09,0.9999999999999996,3.102206273710135e-09,0.9999999999999974,3.102206273475156e-09,0.9999999999999982,3.102206273561727e-09,1.0000000000000007,3.1022062738338083e-09,0.9997251193534846,1.000000000000009,7.5559369833715e-08,0.999999993050745,7.55555494456157e-08,0.9999998906657875,7.54992740646648e-08,0.9999999999999997,7.555936982852696e-08,0.9999999999999997,7.555936982852696e-08,0.9999999999999983,7.555936982779454e-08,0.9999999999999996,7.555936982846593e-08,1.0000000000000004,7.555936982895422e-08,0.9990297990334107,1.0000000000000084,9.412899155871559e-07,1.0,9.412899155707834e-07,1.0,9.412899155707834e-07,1.0,9.412899155707834e-07,1.0,9.412899155707834e-07,1.0,9.412899155707834e-07,1.0,9.412899155707834e-07,1.0000000000000007,9.412899155720759e-07
89,10.084132234510168,0.9999502378010335,1.0,2.476276445977868e-09,0.9999999963239772,2.4759106055331155e-09,1.0,2.476276445977868e-09,0.9999999999999996,2.47627644593367e-09,0.9999999999999996,2.47627644593367e-09,0.9999999999999974,2.476276445723731e-09,0.9999999999999982,2.476276445801077e-09,1.0000000000000007,2.4762764460441644e-09,0.9997527881175627,1.000000000000009,6.111371482267449e-08,0.999999993050745,6.111027898967038e-08,0.9999998906657875,6.10596693391886e-08,0.9999999999999997,6.111371481800866e-08,0.9999999999999997,6.111371481800866e-08,0.9999999999999983,6.111371481734994e-08,0.9999999999999996,6.111371481795376e-08,1.0000000000000004,6.111371481839289e-08,0.999121746793833,1.0000000000000084,7.713286941573795e-07,1.0,7.713286941425586e-07,1.0,7.713286941425586e-07,1.0,7.713286941425586e-07,1.0,7.713286941425586e-07,1.0,7.713286941425586e-07,1.0,7.713286941425586e-07,1.0000000000000007,7.713286941437287e-07
90,10.197431643229473,0.9999555408643395,1.0,1.9766147436818598e-09,0.9999999963239772,1.976287891600559e-09,1.0,1.9766147436818598e-09,0.9999999999999996,1.9766147436423722e-09,0.9999999999999996,1.9766147436423722e-09,0.9999999999999974,1.9766147434548057e-09,0.9999999999999982,1.9766147435239092e-09,1.0000000000000007,1.9766147437410913e-09,0.9997776881834549,1.000000000000009,4.942254377962302e-08,0.999999993050745,4.9419454020884577e-08,0.9999998906657875,4.937394315477962e-08,0.9999999999999997,4.942254377542715e-08,0.9999999999999997,4.942254377542715e-08,0.9999999999999983,4.94225437748348e-08,0.9999999999999996,4.942254377537779e-08,1.0000000000000004,4.9422543775772696e-08,0.9992050909373456,1.0000000000000084,6.318804179035867e-07,1.0,6.318804178901724e-07,1.0,6.318804178901724e-07,1.0,6.318804178901724e-07,1.0,6.318804178901724e-07,1.0,6.318804178901724e-07,1.0,6.318804178901724e-07,1.0000000000000007,6.318804178912314e-07
91,10.310731051948778,0.9999602790388885,1.0,1.5777547516204246e-09,0.9999999963239772,1.5774627348146536e-09,1.0,1.5777547516204246e-09,0.9999999999999996,1.5777547515851454e-09,0.9999999999999996,1.5777547515851454e-09,0.9999999999999974,1.5777547514175687e-09,0.9999999999999982,1.5777547514793074e-09,1.0000000000000007,1.5777547516733435e-09,0.9998000946447692,1.000000000000009,3.996215105361012e-08,0.999999993050745,3.9959372711704015e-08,0.9999998906657875,3.991845001477837e-08,0.9999999999999997,3.996215104983715e-08,0.9999999999999997,3.996215104983715e-08,0.9999999999999983,3.9962151049304493e-08,0.9999999999999996,3.996215104979276e-08,1.0000000000000004,3.996215105014787e-08,0.9992806238717151,1.0000000000000084,5.175020139582789e-07,1.0,5.175020139461391e-07,1.0,5.175020139461391e-07,1.0,5.175020139461391e-07,1.0,5.175020139461391e-07,1.0,5.175020139461391e-07,1.0,5.175020139461391e-07,1.0000000000000007,5.175020139470975e-07
92,10.424030460668083,0.9999645124662991,1.0,1.2593650481698158e-09,0.9999999963239772,1.259104155715577e-09,1.0,1.2593650481698158e-09,0.9999999999999996,1.2593650481382967e-09,0.9999999999999996,1.2593650481382967e-09,0.9999999999999974,1.25936504798858e-09,0.9999999999999982,1.2593650480437388e-09,1.0000000000000007,1.2593650482170947e-09,0.9998202554987934,1.000000000000009,3.230808571728699e-08,0.999999993050745,3.2305587581577185e-08,0.9999998906657875,3.2268793221016895e-08,0.9999999999999997,3.230808571389453e-08,0.9999999999999997,3.230808571389453e-08,0.9999999999999983,3.2308085713415595e-08,0.9999999999999996,3.2308085713854617e-08,1.0000000000000004,3.230808571417391e-08,0.9993490664812338,1.0000000000000084,4.2371444586435356e-07,1.0,4.237144458533688e-07,1.0,4.237144458533688e-07,1.0,4.237144458533688e-07,1.0,4.237144458533688e-07,1.0,4.237144458533688e-07,1.0,4.237144458533688e-07,1.0000000000000007,4.23714445854236e-07
93,10.537329869387388,0.9999682948890426,1.0,1.0052140608212305e-09,0.9999999963239772,1.0049809769116273e-09,1.0,1.0052140608212305e-09,0.9999999999999996,1.0052140607930706e-09,0.9999999999999996,1.0052140607930706e-09,0.9999999999999974,1.0052140606593115e-09,0.9999999999999982,1.0052140607085912e-09,1.0000000000000007,1.00521406086347e-09,0.9998383942865565,1.000000000000009,2.6116406620518656e-08,0.999999993050745,2.6114160587260386e-08,0.9999998906657875,2.6081080504729e-08,0.9999999999999997,2.6116406617468543e-08,0.9999999999999997,2.6116406617468543e-08,0.9999999999999983,2.611640661703794e-08,0.9999999999999996,2.611640661743266e-08,1.0000000000000004,2.611640661771973e-08,0.9994110744122954,1.0000000000000084,3.4683334786317645e-07,1.0,3.468333478532381e-07,1.0,3.468333478532381e-07,1.0,3.468333478532381e-07,1.0,3.468333478532381e-07,1.0,3.468333478532381e-07,1.0,3.468333478532381e-07,1.0000000000000007,3.4683334785402267e-07
94,10.650629278106695,0.9999716743308231,1.0,8.023435343178394e-10,0.9999999963239772,8.02135296218441e-10,1.0,8.023435343178394e-10,0.9999999999999996,8.023435342926812e-10,0.9999999999999996,8.023435342926812e-10,0.9999999999999974,8.023435341731796e-10,0.9999999999999982,8.023435342172065e-10,1.0000000000000007,8.023435343555769e-10,0.9998547124792351,1.000000000000009,2.1108463692663894e-08,0.999999993050745,2.110644445826521e-08,0.9999998906657875,2.107670585066196e-08,0.9999999999999997,2.110846368992177e-08,0.9999999999999997,2.110846368992177e-08,0.9999999999999983,2.1108463689534647e-08,0.9999999999999996,2.1108463689889507e-08,1.0000000000000004,2.110846369014759e-08,0.9994672438267422,1.0000000000000084,2.8382914015324777e-07,1.0,2.8382914014425725e-07,1.0,2.8382914014425725e-07,1.0,2.8382914014425725e-07,1.0,2.8382914014425725e-07,1.0,2.8382914014425725e-07,1.0,2.8382914014425725e-07,1.0000000000000007,2.8382914014496707e-07
95,10.763928686826,0.999974693704681,1.0,6.404085827749572e-10,0.9999999963239772,6.402225432499626e-10,1.0,6.404085827749572e-10,0.9999999999999996,6.404085827524808e-10,0.9999999999999996,6.404085827524808e-10,0.9999999999999974,6.404085826457174e-10,0.9999999999999982,6.404085826850513e-10,1.0000000000000007,6.40408582808672e-10,0.9998693916348274,1.000000000000009,1.7058545055449425e-08,0.999999993050745,1.7056729839707315e-08,0.9999998906657875,1.7029997081547323e-08,0.9999999999999997,1.705854505298435e-08,0.9999999999999997,1.705854505298435e-08,0.9999999999999983,1.705854505263634e-08,0.9999999999999996,1.705854505295535e-08,1.0000000000000004,1.7058545053187357e-08,0.9995181166656114,1.0000000000000084,2.3221154796959632e-07,1.0,2.3221154796146436e-07,1.0,2.3221154796146436e-07,1.0,2.3221154796146436e-07,1.0,2.3221154796146436e-07,1.0,2.3221154796146436e-07,1.0,2.3221154796146436e-07,1.0000000000000007,2.3221154796210636e-07
96,10.877228095545306,0.9999773913564891,1.0,5.111507614025427e-10,0.9999999963239772,5.109845551367597e-10,1.0,5.111507614025427e-10,0.9999999999999996,5.111507613824623e-10,0.9999999999999996,5.111507613824623e-10,0.9999999999999974,5.111507612870798e-10,0.9999999999999982,5.111507613222207e-10,1.0000000000000007,5.111507614326635e-10,0.9998825953468199,1.000000000000009,1.3783852590479279e-08,0.999999993050745,1.3782220886899403e-08,0.9999998906657875,1.3758191851722128e-08,0.9999999999999997,1.3783852588263408e-08,0.9999999999999997,1.3783852588263408e-08,0.9999999999999983,1.378385258795058e-08,0.9999999999999996,1.3783852588237338e-08,1.0000000000000004,1.3783852588445892e-08,0.9995641854628006,1.0000000000000084,1.8993431084170826e-07,1.0,1.899343108343537e-07,1.0,1.899343108343537e-07,1.0,1.899343108343537e-07,1.0,1.899343108343537e-07,1.0,1.899343108343537e-07,1.0,1.899343108343537e-07,1.0000000000000007,1.8993431083493435e-07
97,10.99052750426461,0.9999798015507001,1.0,4.079773541207071e-10,0.9999999963239772,4.078288677127619e-10,1.0,4.079773541207071e-10,0.9999999999999996,4.0797735410276725e-10,0.9999999999999996,4.0797735410276725e-10,0.9999999999999974,4.0797735401755306e-10,0.9999999999999982,4.0797735404894777e-10,1.0000000000000007,4.079773541476168e-10,0.9998944710045625,1.000000000000009,1.113636887996428e-08,0.999999993050745,1.113490223054732e-08,0.9999998906657875,1.1113304972796862e-08,0.9999999999999997,1.1136368877972549e-08,0.9999999999999997,1.1136368877972549e-08,0.9999999999999983,1.1136368877691364e-08,0.9999999999999996,1.1136368877949117e-08,1.0000000000000004,1.1136368878136574e-08,0.9996058977452487,1.0000000000000084,1.5531658720673948e-07,1.0,1.5531658720008885e-07,1.0,1.5531658720008885e-07,1.0,1.5531658720008885e-07,1.0,1.5531658720008885e-07,1.0,1.5531658720008885e-07,1.0,1.5531658720008885e-07,1.0000000000000007,1.553165872006139e-07
98,11.103826912983916,0.9999819549044733,1.0,3.2562547256844055e-10,0.9999999963239772,3.2549281771571264e-10,1.0,3.2562547256844055e-10,0.9999999999999996,3.256254725524133e-10,0.9999999999999996,3.256254725524133e-10,0.9999999999999974,3.256254724762838e-10,0.9999999999999982,3.256254725043315e-10,1.0000000000000007,3.2562547259248147e-10,0.9999051513832483,1.000000000000009,8.996260101435178e-09,0.999999993050745,8.994941893561567e-09,0.9999998906657875,8.975531656047025e-09,0.9999999999999997,8.996260099645026e-09,0.9999999999999997,8.996260099645026e-09,0.9999999999999983,8.996260099392299e-09,0.9999999999999996,8.996260099623965e-09,1.0000000000000004,8.99626009979245e-09,0.9996436600534852,1.0000000000000084,1.269781574882194e-07,1.0,1.26978157482206e-07,1.0,1.26978157482206e-07,1.0,1.26978157482206e-07,1.0,1.26978157482206e-07,1.0,1.26978157482206e-07,1.0,1.26978157482206e-07,1.0000000000000007,1.2697815748268075e-07
99,11.21712632170322,0.9999838787756614,1.0,2.5989387417493114e-10,0.9999999963239772,2.5977536371098185e-10,1.0,2.5989387417493114e-10,0.9999999999999996,2.598938741606126e-10,0.9999999999999996,2.598938741606126e-10,0.9999999999999974,2.5989387409259963e-10,0.9999999999999982,2.5989387411765705e-10,1.0000000000000007,2.598938741964089e-10,0.9999147560797281,1.000000000000009,7.2665259448692486e-09,0.999999993050745,7.265341228139613e-09,0.9999998906657875,7.247897743507076e-09,0.9999999999999997,7.266525943260372e-09,0.9999999999999997,7.266525943260372e-09,0.9999999999999983,7.266525943033237e-09,0.9999999999999996,7.266525943241445e-09,1.0000000000000004,7.266525943392868e-09,0.9996778416138339,1.0000000000000084,1.0378602578259281e-07,1.0,1.0378602577715626e-07,1.0,1.0378602577715626e-07,1.0,1.0378602577715626e-07,1.0,1.0378602577715626e-07,1.0,1.0378602577715626e-07,1.0,1.0378602577715626e-07,1.0000000000000007,1.0378602577758547e-07
